Status,Ticket ID,Priority,Support Channel,Issue Category,Agent Name,Created DateTime,SLA Resolve Due,SLA First Response Due,Resolution DateTime,First Response DateTime,Interaction Count,CSAT Score,Product Segment,Support Tier,Country,Resolution Hours,First Response Minutes,Single Touch Flag,Res SLA Breach,FR SLA Breach,Agent Joining Date,Experience Level,,
Closed,TKT-1012,Low,Email,Feature request,Kristos Westoll,2023-01-02 00:58:36,2023-01-04 00:58:36,2023-01-02 01:58:36,2023-01-04 00:31:52,2023-01-02 01:03:17,1,3,Custom software development,Tier 1,Republic of Ireland,47.55,5,1,0,0,2021-10-18,Mid-Level,,
Closed,TKT-1016,Low,Email,Product setup,Kristos Westoll,2023-01-03 00:03:58,2023-01-05 00:03:58,2023-01-03 01:03:58,2023-01-04 12:03:06,2023-01-03 00:08:02,1,2,Other,Tier 1,Austria,35.99,4,1,0,0,2021-10-18,Mid-Level,,
Closed,TKT-1018,Low,Phone,Product setup,Kristos Westoll,2023-01-03 15:32:02,2023-01-05 15:32:02,2023-01-03 15:34:02,2023-01-05 03:51:37,2023-01-03 15:34:00,2,3,Ready to use Software,Tier 1,Republic of Ireland,36.33,2,0,0,0,2021-10-18,Mid-Level,,
Resolved,TKT-1020,Medium,Chat,Product setup,Kristos Westoll,2023-01-03 09:37:54,2023-01-04 09:37:54,2023-01-03 09:39:54,2023-01-03 20:31:38,2023-01-03 09:41:55,6,,Other,Tier 1,Germany,10.9,4,0,0,1,2021-10-18,Mid-Level,,
Closed,TKT-1015,Medium,Email,Pricing and licensing,Connor Danielovitch,2023-01-03 03:09:39,2023-01-05 03:09:39,2023-01-03 04:09:39,2023-01-04 14:32:35,2023-01-03 07:09:16,10,4,Ready to use Software,Tier 1,Spain,35.38,240,0,0,1,2018-02-15,Senior,,
In Progress,TKT-1013,High,Phone,Product setup,Adolpho Messingham,2023-01-02 07:27:25,2023-01-04 07:27:25,2023-01-02 07:29:25,,2023-01-02 07:27:43,3,,Other,Tier 2,Italy,,0,0,,0,2020-05-15,Mid-Level,,
Closed,TKT-1017,Low,Email,Purchasing and invoicing,Sheela Cutten,2023-01-03 14:25:42,2023-01-05 14:25:42,2023-01-03 15:25:42,2023-01-04 01:55:57,2023-01-03 14:45:14,2,2,Ready to use Software,Tier 1,Greece,11.5,20,0,0,0,2019-07-10,Senior,,
Resolved,TKT-1014,Low,Chat,Purchasing and invoicing,Bernard Beckley,2023-01-02 06:59:04,2023-01-03 06:59:04,2023-01-02 07:01:04,2023-01-02 22:45:33,2023-01-02 06:59:57,2,,Custom software development,Tier 1,Austria,15.77,1,0,0,0,2019-11-20,Senior,,
Resolved,TKT-1019,Medium,Chat,Pricing and licensing,Michele Whyatt,2023-01-03 00:38:48,2023-01-04 00:38:48,2023-01-03 00:40:48,2023-01-05 12:47:56,2023-01-03 00:39:30,2,,Training and Consulting Services,Tier 2,Poland,60.15,1,0,1,0,2022-04-10,Junior,,
Closed,TKT-1021,Low,Email,Product setup,Bernard Beckley,2023-01-03 09:27:35,2023-01-05 09:27:35,2023-01-03 10:27:35,2023-01-04 10:16:32,2023-01-03 10:24:48,1,4,Training and Consulting Services,Tier 1,Czech Republic,24.82,57,1,0,0,2019-11-20,Senior,,
Closed,TKT-1024,Medium,Chat,Other,Bernard Beckley,2023-01-03 16:41:11,2023-01-04 16:41:11,2023-01-03 16:43:11,2023-01-03 23:52:18,2023-01-03 16:43:41,60,5,Custom software development,Tier 1,Czech Republic,7.19,2,0,0,1,2019-11-20,Senior,,
Closed,TKT-1025,Low,Chat,Bug report,Sheela Cutten,2023-01-03 04:50:04,2023-01-04 04:50:04,2023-01-03 04:52:04,2023-01-07 13:17:12,2023-01-03 04:50:05,3,3,Custom software development,Tier 1,Poland,104.45,0,0,1,0,2019-07-10,Senior,,
Closed,TKT-1026,Low,Chat,Bug report,Nicola Wane,2023-01-04 10:49:27,2023-01-05 10:49:27,2023-01-04 10:51:27,2023-01-04 23:37:37,2023-01-04 10:50:42,2,4,Ready to use Software,Tier 1,Bulgaria,12.8,1,0,0,0,2021-03-12,Mid-Level,,
Resolved,TKT-1027,Low,Chat,Training request,Bernard Beckley,2023-01-04 07:27:56,2023-01-05 07:27:56,2023-01-04 07:29:56,2023-01-05 04:41:41,2023-01-04 07:28:52,3,,Training and Consulting Services,Tier 1,United Kingdom,21.23,1,0,0,0,2019-11-20,Senior,,
Resolved,TKT-1028,Low,Chat,Bug report,Kristos Westoll,2023-01-04 21:46:12,2023-01-05 21:46:12,2023-01-04 21:48:12,2023-01-05 13:28:20,2023-01-04 21:46:51,2,,Ready to use Software,Tier 1,Bulgaria,15.7,1,0,0,0,2021-10-18,Mid-Level,,
Closed,TKT-1029,Medium,Chat,Feature request,Bernard Beckley,2023-01-04 09:12:41,2023-01-05 09:12:41,2023-01-04 09:14:41,2023-01-05 07:45:18,2023-01-04 09:13:35,60,5,Custom software development,Tier 1,Germany,22.54,1,0,0,0,2019-11-20,Senior,,
Closed,TKT-1030,Medium,Chat,Feature request,Connor Danielovitch,2023-01-04 19:36:58,2023-01-05 19:36:58,2023-01-04 19:38:58,2023-01-05 02:24:20,2023-01-04 19:37:56,5,4,Ready to use Software,Tier 1,Germany,6.79,1,0,0,0,2018-02-15,Senior,,
In Progress,TKT-1031,Low,Email,Feature request,Kristos Westoll,2023-01-04 18:08:24,2023-01-06 18:08:24,2023-01-04 19:08:24,,2023-01-04 18:13:04,4,,Ready to use Software,Tier 1,United Kingdom,,5,0,,0,2021-10-18,Mid-Level,,
Resolved,TKT-1032,Low,Email,Product setup,Heather Urry,2023-01-04 12:47:17,2023-01-06 12:47:17,2023-01-04 13:47:17,2023-01-05 07:54:03,2023-01-04 13:20:44,2,,Other,Tier 2,Germany,19.11,33,0,0,0,2022-09-25,Junior,,
In Progress,TKT-1034,Low,Chat,Other,Connor Danielovitch,2023-01-04 19:06:20,2023-01-05 19:06:20,2023-01-04 19:08:20,,2023-01-04 19:07:35,9,,Training and Consulting Services,Tier 1,Germany,,1,0,,0,2018-02-15,Senior,,
In Progress,TKT-1035,High,Email,Training request,Connor Danielovitch,2023-01-04 05:27:57,2023-01-06 05:27:57,2023-01-04 06:27:57,,2023-01-04 06:07:00,7,,Training and Consulting Services,Tier 1,Germany,,39,0,,0,2018-02-15,Senior,,
Resolved,TKT-1037,Low,Email,Product setup,Sheela Cutten,2023-01-05 12:10:27,2023-01-07 12:10:27,2023-01-05 13:10:27,2023-01-07 11:23:15,2023-01-05 12:34:20,1,,Custom software development,Tier 1,Poland,47.21,24,1,0,0,2019-07-10,Senior,,
Closed,TKT-1038,High,Chat,Other,Bernard Beckley,2023-01-05 04:18:55,2023-01-06 04:18:55,2023-01-05 04:20:55,2023-01-05 19:22:17,2023-01-05 04:19:42,3,3,Other,Tier 1,Italy,15.06,1,0,0,0,2019-11-20,Senior,,
Resolved,TKT-1039,Medium,Chat,Purchasing and invoicing,Adolpho Messingham,2023-01-05 05:16:19,2023-01-06 05:16:19,2023-01-05 05:18:19,2023-01-05 07:37:11,2023-01-05 05:18:01,3,,Custom software development,Tier 2,Poland,2.35,2,0,0,0,2020-05-15,Mid-Level,,
In Progress,TKT-1040,High,Chat,Bug report,Heather Urry,2023-01-05 14:30:37,2023-01-06 14:30:37,2023-01-05 14:32:37,,2023-01-05 14:31:02,6,,Ready to use Software,Tier 2,Poland,,0,0,,0,2022-09-25,Junior,,
Closed,TKT-1041,Low,Chat,Product setup,Bernard Beckley,2023-01-05 02:59:54,2023-01-06 02:59:54,2023-01-05 03:01:54,2023-01-05 21:50:51,2023-01-05 03:04:27,8,2,Ready to use Software,Tier 1,Germany,18.85,5,0,0,1,2019-11-20,Senior,,
Closed,TKT-1043,High,Email,Pricing and licensing,Connor Danielovitch,2023-01-05 03:31:45,2023-01-07 03:31:45,2023-01-05 04:31:45,2023-01-06 17:14:14,2023-01-05 04:02:05,3,5,Custom software development,Tier 1,Italy,37.71,30,0,0,0,2018-02-15,Senior,,
Closed,TKT-1044,Low,Chat,Product setup,Kristos Westoll,2023-01-06 20:45:42,2023-01-07 20:45:42,2023-01-06 20:47:42,2023-01-07 00:07:33,2023-01-06 20:47:41,3,2,Custom software development,Tier 1,Italy,3.36,2,0,0,0,2021-10-18,Mid-Level,,
Resolved,TKT-1045,Medium,Email,Bug report,Kristos Westoll,2023-01-06 20:14:59,2023-01-08 20:14:59,2023-01-06 21:14:59,2023-01-08 07:15:33,2023-01-06 20:58:30,4,,Ready to use Software,Tier 1,Slovenia,35.01,44,0,0,0,2021-10-18,Mid-Level,,
Resolved,TKT-1046,High,Email,Bug report,Sheela Cutten,2023-01-06 15:11:41,2023-01-08 15:11:41,2023-01-06 16:11:41,2023-01-07 06:22:47,2023-01-06 15:35:55,1,,Custom software development,Tier 1,Poland,15.19,24,1,0,0,2019-07-10,Senior,,
In Progress,TKT-1047,Low,Email,Pricing and licensing,Bernard Beckley,2023-01-06 03:15:21,2023-01-08 03:15:21,2023-01-06 04:15:21,,2023-01-06 04:07:58,1,,Training and Consulting Services,Tier 1,Greece,,53,1,,0,2019-11-20,Senior,,
In Progress,TKT-1048,Low,Chat,Pricing and licensing,Bernard Beckley,2023-01-06 23:55:57,2023-01-07 23:55:57,2023-01-06 23:57:57,,2023-01-06 23:56:15,8,,Ready to use Software,Tier 1,Greece,,0,0,,0,2019-11-20,Senior,,
Closed,TKT-1049,Medium,Chat,Pricing and licensing,Sheela Cutten,2023-01-06 12:05:00,2023-01-07 12:05:00,2023-01-06 12:07:00,2023-01-11 05:34:05,2023-01-06 12:06:37,3,4,Custom software development,Tier 1,Poland,113.48,2,0,1,0,2019-07-10,Senior,,
Closed,TKT-1050,Low,Email,Product setup,Nicola Wane,2023-01-07 01:13:52,2023-01-09 01:13:52,2023-01-07 02:13:52,2023-01-12 02:26:02,2023-01-07 01:33:11,6,4,Training and Consulting Services,Tier 1,Spain,121.2,19,0,1,0,2021-03-12,Mid-Level,,
Closed,TKT-1054,High,Email,Purchasing and invoicing,Michele Whyatt,2023-01-07 05:28:54,2023-01-09 05:28:54,2023-01-07 06:28:54,2023-01-08 08:30:23,2023-01-07 06:09:50,2,5,Custom software development,Tier 2,Italy,27.02,41,0,0,0,2022-04-10,Junior,,
Closed,TKT-1055,High,Email,Bug report,Connor Danielovitch,2023-01-07 18:09:17,2023-01-09 18:09:17,2023-01-07 19:09:17,2023-01-09 13:07:23,2023-01-07 19:04:58,8,4,Ready to use Software,Tier 1,Republic of Ireland,42.97,56,0,0,0,2018-02-15,Senior,,
Resolved,TKT-1056,Low,Email,Bug report,Kristos Westoll,2023-01-07 00:13:20,2023-01-09 00:13:20,2023-01-07 01:13:20,2023-01-08 13:56:20,2023-01-07 00:19:14,8,,Custom software development,Tier 1,Germany,37.72,6,0,0,0,2021-10-18,Mid-Level,,
Closed,TKT-1057,Medium,Email,Feature request,Bernard Beckley,2023-01-07 09:55:14,2023-01-09 09:55:14,2023-01-07 10:55:14,2023-01-09 01:35:54,2023-01-07 10:35:51,7,5,Ready to use Software,Tier 1,Germany,39.68,41,0,0,0,2019-11-20,Senior,,
In Progress,TKT-1058,Medium,Email,Pricing and licensing,Bernard Beckley,2023-01-08 13:39:52,2023-01-10 13:39:52,2023-01-08 14:39:52,,2023-01-08 14:36:27,10,,Ready to use Software,Tier 1,France,,57,0,,0,2019-11-20,Senior,,
In Progress,TKT-1062,Low,Chat,Pricing and licensing,Nicola Wane,2023-01-08 19:35:27,2023-01-09 19:35:27,2023-01-08 19:37:27,,2023-01-08 19:36:35,60,,Custom software development,Tier 1,Republic of Ireland,,1,0,,0,2021-03-12,Mid-Level,,
Closed,TKT-1063,Low,Phone,Feature request,Kristos Westoll,2023-01-08 04:56:45,2023-01-10 04:56:45,2023-01-08 04:58:45,2023-01-08 08:51:45,2023-01-08 05:01:41,2,1,Ready to use Software,Tier 1,United Kingdom,3.92,5,0,0,1,2021-10-18,Mid-Level,,
Closed,TKT-1064,High,Chat,Other,Connor Danielovitch,2023-01-08 10:58:22,2023-01-09 10:58:22,2023-01-08 11:00:22,2023-01-08 17:42:49,2023-01-08 10:59:36,5,5,Ready to use Software,Tier 1,United Kingdom,6.74,1,0,0,0,2018-02-15,Senior,,
Closed,TKT-1065,Medium,Chat,Product setup,Sheela Cutten,2023-01-08 01:00:01,2023-01-09 01:00:01,2023-01-08 01:02:01,2023-01-08 04:07:24,2023-01-08 01:01:25,3,3,Ready to use Software,Tier 1,United Kingdom,3.12,1,0,0,0,2019-07-10,Senior,,
Resolved,TKT-1066,Medium,Chat,Product setup,Sheela Cutten,2023-01-09 14:16:59,2023-01-10 14:16:59,2023-01-09 14:18:59,2023-01-10 06:21:29,2023-01-09 14:17:22,6,,Ready to use Software,Tier 1,Spain,16.07,0,0,0,0,2019-07-10,Senior,,
Resolved,TKT-1067,Low,Email,Product setup,Sheela Cutten,2023-01-09 15:09:10,2023-01-11 15:09:10,2023-01-09 16:09:10,2023-01-11 01:02:32,2023-01-09 15:37:19,3,,Custom software development,Tier 1,Germany,33.89,28,0,0,0,2019-07-10,Senior,,
Closed,TKT-1068,Low,Email,Product setup,Kristos Westoll,2023-01-09 14:10:12,2023-01-11 14:10:12,2023-01-09 15:10:12,2023-01-10 19:32:17,2023-01-09 14:48:04,3,1,Ready to use Software,Tier 1,Greece,29.37,38,0,0,0,2021-10-18,Mid-Level,,
Closed,TKT-1069,Medium,Email,Pricing and licensing,Heather Urry,2023-01-09 17:25:30,2023-01-11 17:25:30,2023-01-09 18:25:30,2023-01-10 12:39:06,2023-01-09 17:57:42,2,5,Custom software development,Tier 2,Poland,19.23,32,0,0,0,2022-09-25,Junior,,
Resolved,TKT-1070,High,Email,Pricing and licensing,Adolpho Messingham,2023-01-09 18:55:21,2023-01-11 18:55:21,2023-01-09 19:55:21,2023-01-15 17:10:06,2023-01-09 19:32:12,1,,Custom software development,Tier 2,Germany,142.25,37,1,1,0,2020-05-15,Mid-Level,,
Closed,TKT-1071,Medium,Email,Training request,Michele Whyatt,2023-01-09 11:56:11,2023-01-11 11:56:11,2023-01-09 12:56:11,2023-01-10 16:04:07,2023-01-09 12:16:08,1,4,Training and Consulting Services,Tier 2,Republic of Ireland,28.13,20,1,0,0,2022-04-10,Junior,,
Closed,TKT-1072,High,Email,Feature request,Sheela Cutten,2023-01-09 20:14:31,2023-01-11 20:14:31,2023-01-09 21:14:31,2023-01-09 20:44:54,2023-01-09 20:29:39,1,5,Custom software development,Tier 1,Germany,0.51,15,1,0,0,2019-07-10,Senior,,
Closed,TKT-1073,Medium,Email,Pricing and licensing,Kristos Westoll,2023-01-09 09:10:39,2023-01-11 09:10:39,2023-01-09 10:10:39,2023-01-09 21:58:19,2023-01-09 09:17:01,7,3,Ready to use Software,Tier 1,Greece,12.79,6,0,0,0,2021-10-18,Mid-Level,,
Closed,TKT-1074,Low,Chat,Pricing and licensing,Nicola Wane,2023-01-09 06:50:00,2023-01-10 06:50:00,2023-01-09 06:52:00,2023-01-09 22:42:50,2023-01-09 06:54:54,3,4,Ready to use Software,Tier 1,Slovenia,15.88,5,0,0,1,2021-03-12,Mid-Level,,
Closed,TKT-1075,High,Email,Product setup,Kristos Westoll,2023-01-09 21:50:02,2023-01-11 21:50:02,2023-01-09 22:50:02,2023-01-11 09:54:58,2023-01-10 00:25:12,5,2,Ready to use Software,Tier 1,Czech Republic,36.08,155,0,0,1,2021-10-18,Mid-Level,,
Closed,TKT-1076,Low,Phone,Product setup,Bernard Beckley,2023-01-09 02:55:23,2023-01-11 02:55:23,2023-01-09 02:57:23,2023-01-10 22:20:44,2023-01-09 02:55:32,3,5,Ready to use Software,Tier 1,Germany,43.42,0,0,0,0,2019-11-20,Senior,,
Resolved,TKT-1077,Low,Email,Pricing and licensing,Sheela Cutten,2023-01-10 02:10:01,2023-01-12 02:10:01,2023-01-10 03:10:01,2023-01-11 21:39:27,2023-01-10 02:35:28,2,,Ready to use Software,Tier 1,Bulgaria,43.49,25,0,0,0,2019-07-10,Senior,,
Closed,TKT-1078,Low,Email,Pricing and licensing,Sheela Cutten,2023-01-10 13:46:53,2023-01-12 13:46:53,2023-01-10 14:46:53,2023-01-12 06:52:28,2023-01-10 13:50:12,7,2,Ready to use Software,Tier 1,Germany,41.09,3,0,0,0,2019-07-10,Senior,,
Resolved,TKT-1079,Low,Email,Product setup,Kristos Westoll,2023-01-10 09:42:12,2023-01-12 09:42:12,2023-01-10 10:42:12,2023-01-12 01:12:11,2023-01-10 10:30:03,2,,Other,Tier 1,Germany,39.5,48,0,0,0,2021-10-18,Mid-Level,,
Closed,TKT-1080,Low,Chat,Product setup,Kristos Westoll,2023-01-10 03:17:26,2023-01-11 03:17:26,2023-01-10 03:19:26,2023-01-10 13:22:16,2023-01-10 03:17:37,3,3,Training and Consulting Services,Tier 1,Spain,10.08,0,0,0,0,2021-10-18,Mid-Level,,
In Progress,TKT-1081,Medium,Chat,Product setup,Bernard Beckley,2023-01-10 04:29:04,2023-01-11 04:29:04,2023-01-10 04:31:04,,2023-01-10 04:29:36,3,,Custom software development,Tier 1,Austria,,1,0,,0,2019-11-20,Senior,,
Closed,TKT-1082,Low,Phone,Product setup,Connor Danielovitch,2023-01-10 20:59:34,2023-01-12 20:59:34,2023-01-10 21:01:34,2023-01-12 17:31:37,2023-01-10 21:00:38,5,5,Custom software development,Tier 1,Poland,44.53,1,0,0,0,2018-02-15,Senior,,
Resolved,TKT-1083,Low,Phone,Pricing and licensing,Sheela Cutten,2023-01-10 23:30:30,2023-01-12 23:30:30,2023-01-10 23:32:30,2023-01-12 00:58:24,2023-01-10 23:31:13,1,,Ready to use Software,Tier 1,Poland,25.46,1,1,0,0,2019-07-10,Senior,,
Resolved,TKT-1084,Medium,Email,Other,Connor Danielovitch,2023-01-10 10:14:54,2023-01-12 10:14:54,2023-01-10 11:14:54,2023-01-11 20:40:17,2023-01-10 11:06:45,7,,Other,Tier 1,United Kingdom,34.42,52,0,0,0,2018-02-15,Senior,,
Closed,TKT-1085,High,Chat,Product setup,Bernard Beckley,2023-01-10 07:30:22,2023-01-11 07:30:22,2023-01-10 07:32:22,2023-01-10 10:50:31,2023-01-10 07:31:48,4,5,Ready to use Software,Tier 1,Germany,3.34,1,0,0,0,2019-11-20,Senior,,
Resolved,TKT-1086,Medium,Email,Purchasing and invoicing,Nicola Wane,2023-01-10 17:16:11,2023-01-12 17:16:11,2023-01-10 18:16:11,2023-01-12 07:22:03,2023-01-10 17:44:05,10,,Ready to use Software,Tier 1,Germany,38.1,28,0,0,0,2021-03-12,Mid-Level,,
Closed,TKT-1087,Low,Email,Feature request,Adolpho Messingham,2023-01-11 19:17:35,2023-01-13 19:17:35,2023-01-11 20:17:35,2023-01-11 20:05:34,2023-01-11 19:18:54,8,5,Ready to use Software,Tier 2,Italy,0.8,1,0,0,0,2020-05-15,Mid-Level,,
Closed,TKT-1088,Low,Chat,Purchasing and invoicing,Nicola Wane,2023-01-11 11:24:14,2023-01-12 11:24:14,2023-01-11 11:26:14,2023-01-11 20:49:43,2023-01-11 11:25:37,8,4,Training and Consulting Services,Tier 1,Spain,9.42,1,0,0,0,2021-03-12,Mid-Level,,
Resolved,TKT-1090,Low,Chat,Feature request,Bernard Beckley,2023-01-11 00:49:24,2023-01-12 00:49:24,2023-01-11 00:51:24,2023-01-11 14:39:13,2023-01-11 00:50:16,4,,Ready to use Software,Tier 1,Italy,13.83,1,0,0,0,2019-11-20,Senior,,
Resolved,TKT-1092,Medium,Chat,Pricing and licensing,Bernard Beckley,2023-01-11 12:31:52,2023-01-12 12:31:52,2023-01-11 12:33:52,2023-01-12 12:24:21,2023-01-11 12:31:53,3,,Custom software development,Tier 1,Germany,23.87,0,0,0,0,2019-11-20,Senior,,
Resolved,TKT-1093,Low,Email,Product setup,Sheela Cutten,2023-01-11 13:45:35,2023-01-13 13:45:35,2023-01-11 14:45:35,2023-01-12 00:00:02,2023-01-11 14:12:45,8,,Custom software development,Tier 1,United Kingdom,10.24,27,0,0,0,2019-07-10,Senior,,
Resolved,TKT-1094,Low,Chat,Purchasing and invoicing,Connor Danielovitch,2023-01-11 04:04:47,2023-01-12 04:04:47,2023-01-11 04:06:47,2023-01-11 19:03:32,2023-01-11 04:05:35,6,,Ready to use Software,Tier 1,Czech Republic,14.98,1,0,0,0,2018-02-15,Senior,,
Closed,TKT-1095,Low,Chat,Feature request,Kristos Westoll,2023-01-11 13:40:47,2023-01-12 13:40:47,2023-01-11 13:42:47,2023-01-16 11:43:29,2023-01-11 13:43:27,3,1,Custom software development,Tier 1,Czech Republic,118.04,3,0,1,1,2021-10-18,Mid-Level,,
Closed,TKT-1097,Low,Email,Product setup,Bernard Beckley,2023-01-11 05:29:41,2023-01-13 05:29:41,2023-01-11 06:29:41,2023-01-11 17:24:42,2023-01-11 06:04:14,1,1,Ready to use Software,Tier 1,Austria,11.92,35,1,0,0,2019-11-20,Senior,,
In Progress,TKT-1098,Medium,Chat,Other,Bernard Beckley,2023-01-12 12:18:45,2023-01-13 12:18:45,2023-01-12 12:20:45,,2023-01-12 12:19:19,6,,Ready to use Software,Tier 1,Poland,,1,0,,0,2019-11-20,Senior,,
Resolved,TKT-1100,Medium,Email,Feature request,Heather Urry,2023-01-12 22:40:11,2023-01-14 22:40:11,2023-01-12 23:40:11,2023-01-13 13:58:23,2023-01-12 22:47:09,7,,Custom software development,Tier 2,Italy,15.3,7,0,0,0,2022-09-25,Junior,,
Resolved,TKT-1101,High,Chat,Bug report,Sheela Cutten,2023-01-13 15:00:14,2023-01-14 15:00:14,2023-01-13 15:02:14,2023-01-14 02:58:00,2023-01-13 15:00:36,60,,Ready to use Software,Tier 1,Austria,11.96,0,0,0,0,2019-07-10,Senior,,
Resolved,TKT-1102,Low,Chat,Other,Michele Whyatt,2023-01-13 15:16:58,2023-01-14 15:16:58,2023-01-13 15:18:58,2023-01-13 21:16:39,2023-01-13 15:17:31,5,,Ready to use Software,Tier 2,Germany,5.99,1,0,0,0,2022-04-10,Junior,,
Resolved,TKT-1103,Medium,Chat,Pricing and licensing,Sheela Cutten,2023-01-13 12:58:56,2023-01-14 12:58:56,2023-01-13 13:00:56,2023-01-13 13:19:55,2023-01-13 12:59:40,9,,Ready to use Software,Tier 1,Bulgaria,0.35,1,0,0,0,2019-07-10,Senior,,
Closed,TKT-1104,Low,Email,Feature request,Connor Danielovitch,2023-01-13 13:30:46,2023-01-15 13:30:46,2023-01-13 14:30:46,2023-01-15 09:50:57,2023-01-13 13:37:07,3,5,Other,Tier 1,Italy,44.34,6,0,0,0,2018-02-15,Senior,,
Closed,TKT-1105,Low,Chat,Feature request,Kristos Westoll,2023-01-13 06:47:37,2023-01-14 06:47:37,2023-01-13 06:49:37,2023-01-13 09:11:25,2023-01-13 06:49:36,7,3,Other,Tier 1,Italy,2.4,2,0,0,0,2021-10-18,Mid-Level,,
In Progress,TKT-1106,Low,Chat,Other,Connor Danielovitch,2023-01-13 23:18:45,2023-01-14 23:18:45,2023-01-13 23:20:45,,2023-01-13 23:20:44,3,,Custom software development,Tier 1,Germany,,2,0,,0,2018-02-15,Senior,,
Closed,TKT-1107,Low,Email,Bug report,Michele Whyatt,2023-01-13 11:19:44,2023-01-15 11:19:44,2023-01-13 12:19:44,2023-01-15 08:05:25,2023-01-13 11:34:08,1,5,Ready to use Software,Tier 2,Republic of Ireland,44.76,14,1,0,0,2022-04-10,Junior,,
Closed,TKT-1108,Low,Email,Purchasing and invoicing,Bernard Beckley,2023-01-13 02:10:18,2023-01-15 02:10:18,2023-01-13 03:10:18,2023-01-14 05:07:24,2023-01-13 03:28:05,4,4,Ready to use Software,Tier 1,Czech Republic,26.95,78,0,0,1,2019-11-20,Senior,,
Closed,TKT-1109,High,Chat,Product setup,Nicola Wane,2023-01-13 13:38:30,2023-01-14 13:38:30,2023-01-13 13:40:30,2023-01-13 15:29:47,2023-01-13 13:38:54,3,3,Training and Consulting Services,Tier 1,France,1.85,0,0,0,0,2021-03-12,Mid-Level,,
Closed,TKT-1110,High,Email,Product setup,Adolpho Messingham,2023-01-13 21:32:08,2023-01-15 21:32:08,2023-01-13 22:32:08,2023-01-15 14:06:02,2023-01-13 22:27:03,8,2,Ready to use Software,Tier 2,United Kingdom,40.57,55,0,0,0,2020-05-15,Mid-Level,,
In Progress,TKT-1111,Low,Chat,Product setup,Sheela Cutten,2023-01-13 02:49:26,2023-01-14 02:49:26,2023-01-13 02:51:26,,2023-01-13 02:52:28,9,,Ready to use Software,Tier 1,Spain,,3,0,,1,2019-07-10,Senior,,
In Progress,TKT-1112,Low,Phone,Pricing and licensing,Bernard Beckley,2023-01-13 02:22:58,2023-01-15 02:22:58,2023-01-13 02:24:58,,2023-01-13 02:23:44,2,,Ready to use Software,Tier 1,Republic of Ireland,,1,0,,0,2019-11-20,Senior,,
Resolved,TKT-1113,Low,Chat,Product setup,Bernard Beckley,2023-01-13 01:46:37,2023-01-14 01:46:37,2023-01-13 01:48:37,2023-01-17 07:29:52,2023-01-13 01:46:51,6,,Custom software development,Tier 1,Germany,101.72,0,0,1,0,2019-11-20,Senior,,
Closed,TKT-1114,Medium,Email,Product setup,Connor Danielovitch,2023-01-13 07:20:20,2023-01-15 07:20:20,2023-01-13 08:20:20,2023-01-15 06:43:44,2023-01-13 08:01:52,10,5,Other,Tier 1,Poland,47.39,42,0,0,0,2018-02-15,Senior,,
Resolved,TKT-1115,Low,Chat,Pricing and licensing,Sheela Cutten,2023-01-13 23:22:08,2023-01-14 23:22:08,2023-01-13 23:24:08,2023-01-14 05:14:59,2023-01-13 23:22:16,3,,Ready to use Software,Tier 1,Germany,5.88,0,0,0,0,2019-07-10,Senior,,
Resolved,TKT-1116,Medium,Phone,Pricing and licensing,Nicola Wane,2023-01-14 22:53:23,2023-01-16 22:53:23,2023-01-14 22:55:23,2023-01-16 03:46:01,2023-01-14 22:54:39,7,,Training and Consulting Services,Tier 1,United Kingdom,28.88,1,0,0,0,2021-03-12,Mid-Level,,
Closed,TKT-1126,Medium,Phone,Pricing and licensing,Kristos Westoll,2023-01-15 13:10:36,2023-01-17 13:10:36,2023-01-15 13:12:36,2023-01-19 09:22:44,2023-01-15 13:11:22,3,1,Custom software development,Tier 1,United Kingdom,92.2,1,0,1,0,2021-10-18,Mid-Level,,
Resolved,TKT-1127,High,Email,Product setup,Bernard Beckley,2023-01-15 06:08:54,2023-01-17 06:08:54,2023-01-15 07:08:54,2023-01-15 07:23:23,2023-01-15 06:47:30,2,,Other,Tier 1,Czech Republic,1.24,39,0,0,0,2019-11-20,Senior,,
Closed,TKT-1128,Low,Email,Other,Bernard Beckley,2023-01-15 10:11:34,2023-01-17 10:11:34,2023-01-15 11:11:34,2023-01-17 07:11:51,2023-01-15 11:03:48,4,3,Ready to use Software,Tier 1,Germany,45,52,0,0,0,2019-11-20,Senior,,
Closed,TKT-1129,High,Phone,Pricing and licensing,Kristos Westoll,2023-01-15 02:01:36,2023-01-17 02:01:36,2023-01-15 02:03:36,2023-01-16 14:49:45,2023-01-15 02:02:21,2,5,Custom software development,Tier 1,Slovenia,36.8,1,0,0,0,2021-10-18,Mid-Level,,
In Progress,TKT-1130,Medium,Chat,Product setup,Connor Danielovitch,2023-01-16 05:12:59,2023-01-17 05:12:59,2023-01-16 05:14:59,,2023-01-16 05:14:35,6,,Ready to use Software,Tier 1,Spain,,2,0,,0,2018-02-15,Senior,,
Closed,TKT-1131,Low,Email,Product setup,Sheela Cutten,2023-01-16 20:38:34,2023-01-18 20:38:34,2023-01-16 21:38:34,2023-01-16 22:40:39,2023-01-16 21:35:39,1,5,Ready to use Software,Tier 1,Czech Republic,2.03,57,1,0,0,2019-07-10,Senior,,
Closed,TKT-1132,Low,Email,Pricing and licensing,Sheela Cutten,2023-01-16 15:44:20,2023-01-18 15:44:20,2023-01-16 16:44:20,2023-01-17 12:05:13,2023-01-16 16:39:29,9,3,Training and Consulting Services,Tier 1,Austria,20.35,55,0,0,0,2019-07-10,Senior,,
Resolved,TKT-1133,High,Chat,Product setup,Bernard Beckley,2023-01-16 19:19:41,2023-01-17 19:19:41,2023-01-16 19:21:41,2023-01-17 12:08:15,2023-01-16 19:19:49,3,,Ready to use Software,Tier 1,Bulgaria,16.81,0,0,0,0,2019-11-20,Senior,,
Closed,TKT-1134,Low,Chat,Product setup,Sheela Cutten,2023-01-16 12:50:35,2023-01-17 12:50:35,2023-01-16 12:52:35,2023-01-16 17:37:43,2023-01-16 12:51:00,60,5,Custom software development,Tier 1,Spain,4.79,0,0,0,0,2019-07-10,Senior,,
Resolved,TKT-1135,Low,Phone,Bug report,Adolpho Messingham,2023-01-16 14:37:40,2023-01-18 14:37:40,2023-01-16 14:39:40,2023-01-16 19:04:14,2023-01-16 14:40:47,1,,Training and Consulting Services,Tier 2,Poland,4.44,3,1,0,1,2020-05-15,Mid-Level,,
Resolved,TKT-1136,Low,Email,Bug report,Sheela Cutten,2023-01-16 15:35:28,2023-01-18 15:35:28,2023-01-16 16:35:28,2023-01-17 11:41:22,2023-01-16 16:08:02,10,,Ready to use Software,Tier 1,Germany,20.1,33,0,0,0,2019-07-10,Senior,,
Resolved,TKT-1137,Low,Email,Feature request,Kristos Westoll,2023-01-16 07:57:01,2023-01-18 07:57:01,2023-01-16 08:57:01,2023-01-18 02:08:32,2023-01-16 08:11:48,1,,Ready to use Software,Tier 1,Italy,42.19,15,1,0,0,2021-10-18,Mid-Level,,
Resolved,TKT-1138,Low,Email,Product setup,Heather Urry,2023-01-17 01:30:29,2023-01-19 01:30:29,2023-01-17 02:30:29,2023-01-18 08:04:50,2023-01-17 08:53:20,1,,Ready to use Software,Tier 2,Spain,30.57,443,1,0,1,2022-09-25,Junior,,
Closed,TKT-1139,Low,Chat,Feature request,Nicola Wane,2023-01-17 11:23:12,2023-01-18 11:23:12,2023-01-17 11:25:12,2023-01-17 23:26:57,2023-01-17 11:27:11,6,1,Custom software development,Tier 1,Italy,12.06,4,0,0,1,2021-03-12,Mid-Level,,
Resolved,TKT-1140,Low,Chat,Purchasing and invoicing,Connor Danielovitch,2023-01-17 14:03:25,2023-01-18 14:03:25,2023-01-17 14:05:25,2023-01-23 08:16:17,2023-01-17 14:03:47,6,,Training and Consulting Services,Tier 1,Greece,138.21,0,0,1,0,2018-02-15,Senior,,
Resolved,TKT-1141,Low,Chat,Other,Nicola Wane,2023-01-17 00:04:06,2023-01-18 00:04:06,2023-01-17 00:06:06,2023-01-18 05:24:11,2023-01-17 00:04:29,3,,Ready to use Software,Tier 1,Germany,29.33,0,0,1,0,2021-03-12,Mid-Level,,
Closed,TKT-1142,Low,Email,Pricing and licensing,Nicola Wane,2023-01-17 16:42:23,2023-01-19 16:42:23,2023-01-17 17:42:23,2023-01-18 19:31:50,2023-01-17 17:00:19,5,1,Ready to use Software,Tier 1,Greece,26.82,18,0,0,0,2021-03-12,Mid-Level,,
Resolved,TKT-1143,Low,Email,Other,Adolpho Messingham,2023-01-17 23:31:47,2023-01-19 23:31:47,2023-01-18 00:31:47,2023-01-18 01:20:43,2023-01-18 00:19:55,2,,Training and Consulting Services,Tier 2,Republic of Ireland,1.82,48,0,0,0,2020-05-15,Mid-Level,,
Closed,TKT-1144,Low,Email,Pricing and licensing,Nicola Wane,2023-01-17 23:24:52,2023-01-19 23:24:52,2023-01-18 00:24:52,2023-01-18 18:49:55,2023-01-18 00:24:45,9,4,Ready to use Software,Tier 1,Republic of Ireland,19.42,60,0,0,0,2021-03-12,Mid-Level,,
Resolved,TKT-1145,Medium,Email,Product setup,Nicola Wane,2023-01-17 15:52:09,2023-01-19 15:52:09,2023-01-17 16:52:09,2023-01-18 11:55:59,2023-01-17 16:29:17,1,,Ready to use Software,Tier 1,France,20.06,37,1,0,0,2021-03-12,Mid-Level,,
Closed,TKT-1146,Low,Email,Pricing and licensing,Adolpho Messingham,2023-01-18 02:02:20,2023-01-20 02:02:20,2023-01-18 03:02:20,2023-01-19 07:13:39,2023-01-18 02:41:38,8,3,Ready to use Software,Tier 2,Italy,29.19,39,0,0,0,2020-05-15,Mid-Level,,
Closed,TKT-1147,Low,Email,Product setup,Sheela Cutten,2023-01-18 10:59:28,2023-01-20 10:59:28,2023-01-18 11:59:28,2023-01-19 23:48:34,2023-01-18 17:43:11,1,3,Custom software development,Tier 1,Germany,36.82,404,1,0,1,2019-07-10,Senior,,
Closed,TKT-1148,Low,Email,Pricing and licensing,Sheela Cutten,2023-01-18 08:59:26,2023-01-20 08:59:26,2023-01-18 09:59:26,2023-01-19 04:42:50,2023-01-18 09:18:43,4,3,Ready to use Software,Tier 1,Italy,19.72,19,0,0,0,2019-07-10,Senior,,
In Progress,TKT-1149,Low,Phone,Feature request,Sheela Cutten,2023-01-18 02:50:49,2023-01-20 02:50:49,2023-01-18 02:52:49,,2023-01-18 02:52:09,1,,Custom software development,Tier 1,Italy,,1,1,,0,2019-07-10,Senior,,
Closed,TKT-1150,Low,Email,Purchasing and invoicing,Kristos Westoll,2023-01-18 03:19:26,2023-01-20 03:19:26,2023-01-18 04:19:26,2023-01-19 20:11:35,2023-01-18 03:37:53,3,1,Other,Tier 1,Slovenia,40.87,18,0,0,0,2021-10-18,Mid-Level,,
Closed,TKT-1151,High,Chat,Product setup,Nicola Wane,2023-01-18 06:48:43,2023-01-19 06:48:43,2023-01-18 06:50:43,2023-01-18 08:03:41,2023-01-18 06:50:22,7,2,Ready to use Software,Tier 1,United Kingdom,1.25,2,0,0,0,2021-03-12,Mid-Level,,
Closed,TKT-1152,Medium,Phone,Pricing and licensing,Adolpho Messingham,2023-01-18 01:34:28,2023-01-20 01:34:28,2023-01-18 01:36:28,2023-01-18 13:22:05,2023-01-18 02:56:45,4,3,Ready to use Software,Tier 2,Bulgaria,11.79,82,0,0,1,2020-05-15,Mid-Level,,
Closed,TKT-1153,Medium,Chat,Purchasing and invoicing,Michele Whyatt,2023-01-18 02:18:40,2023-01-19 02:18:40,2023-01-18 02:20:40,2023-01-19 00:48:35,2023-01-18 02:20:38,6,4,Ready to use Software,Tier 2,Germany,22.5,2,0,0,0,2022-04-10,Junior,,
Resolved,TKT-1154,Low,Email,Pricing and licensing,Kristos Westoll,2023-01-18 07:25:42,2023-01-20 07:25:42,2023-01-18 08:25:42,2023-01-19 15:14:33,2023-01-18 08:25:00,2,,Other,Tier 1,Italy,31.81,59,0,0,0,2021-10-18,Mid-Level,,
Closed,TKT-1155,Medium,Chat,Feature request,Michele Whyatt,2023-01-18 15:27:11,2023-01-19 15:27:11,2023-01-18 15:29:11,2023-01-19 10:11:09,2023-01-18 15:27:12,6,3,Custom software development,Tier 2,United Kingdom,18.73,0,0,0,0,2022-04-10,Junior,,
Resolved,TKT-1156,Medium,Email,Other,Heather Urry,2023-01-18 04:20:21,2023-01-20 04:20:21,2023-01-18 05:20:21,2023-01-18 08:09:37,2023-01-18 05:08:18,1,,Training and Consulting Services,Tier 2,France,3.82,48,1,0,0,2022-09-25,Junior,,
Resolved,TKT-1157,Medium,Chat,Product setup,Bernard Beckley,2023-01-18 22:25:35,2023-01-19 22:25:35,2023-01-18 22:27:35,2023-01-19 03:42:59,2023-01-18 22:26:20,5,,Ready to use Software,Tier 1,Greece,5.29,1,0,0,0,2019-11-20,Senior,,
Closed,TKT-1158,Medium,Chat,Product setup,Kristos Westoll,2023-01-18 18:08:37,2023-01-19 18:08:37,2023-01-18 18:10:37,2023-01-18 21:55:19,2023-01-18 18:09:33,3,3,Custom software development,Tier 1,Republic of Ireland,3.78,1,0,0,0,2021-10-18,Mid-Level,,
Closed,TKT-1159,Low,Chat,Product setup,Heather Urry,2023-01-19 19:54:37,2023-01-20 19:54:37,2023-01-19 19:56:37,2023-01-20 08:53:35,2023-01-19 19:57:48,6,5,Training and Consulting Services,Tier 2,United Kingdom,12.98,3,0,0,1,2022-09-25,Junior,,
Resolved,TKT-1160,Low,Chat,Pricing and licensing,Michele Whyatt,2023-01-19 09:56:57,2023-01-20 09:56:57,2023-01-19 09:58:57,2023-01-19 21:24:39,2023-01-19 09:58:32,60,,Ready to use Software,Tier 2,Italy,11.46,2,0,0,0,2022-04-10,Junior,,
In Progress,TKT-1161,Low,Email,Purchasing and invoicing,Michele Whyatt,2023-01-19 11:56:06,2023-01-21 11:56:06,2023-01-19 12:56:06,,2023-01-19 12:55:03,2,,Other,Tier 2,Slovenia,,59,0,,0,2022-04-10,Junior,,
Closed,TKT-1162,Medium,Email,Product setup,Bernard Beckley,2023-01-19 01:28:08,2023-01-21 01:28:08,2023-01-19 02:28:08,2023-01-20 16:50:03,2023-01-19 01:41:57,8,5,Training and Consulting Services,Tier 1,France,39.37,14,0,0,0,2019-11-20,Senior,,
Closed,TKT-1163,Low,Email,Product setup,Kristos Westoll,2023-01-19 02:31:19,2023-01-21 02:31:19,2023-01-19 03:31:19,2023-01-19 23:08:30,2023-01-19 02:37:16,4,1,Ready to use Software,Tier 1,Germany,20.62,6,0,0,0,2021-10-18,Mid-Level,,
Closed,TKT-1164,Low,Chat,Product setup,Sheela Cutten,2023-01-19 08:14:44,2023-01-20 08:14:44,2023-01-19 08:16:44,2023-01-19 15:09:19,2023-01-19 10:00:37,5,5,Training and Consulting Services,Tier 1,Italy,6.91,106,0,0,1,2019-07-10,Senior,,
Resolved,TKT-1165,High,Chat,Product setup,Connor Danielovitch,2023-01-19 02:00:02,2023-01-20 02:00:02,2023-01-19 02:02:02,2023-01-21 04:02:44,2023-01-19 02:01:24,4,,Ready to use Software,Tier 1,United Kingdom,50.04,1,0,1,0,2018-02-15,Senior,,
Closed,TKT-1166,Low,Email,Pricing and licensing,Bernard Beckley,2023-01-19 16:07:40,2023-01-21 16:07:40,2023-01-19 17:07:40,2023-01-20 08:34:34,2023-01-19 16:27:09,10,4,Ready to use Software,Tier 1,Poland,16.45,19,0,0,0,2019-11-20,Senior,,
Closed,TKT-1167,Low,Chat,Pricing and licensing,Kristos Westoll,2023-01-19 04:01:55,2023-01-20 04:01:55,2023-01-19 04:03:55,2023-01-19 04:21:53,2023-01-19 04:02:30,3,3,Ready to use Software,Tier 1,Italy,0.33,1,0,0,0,2021-10-18,Mid-Level,,
Resolved,TKT-1168,High,Email,Other,Michele Whyatt,2023-01-19 18:33:13,2023-01-21 18:33:13,2023-01-19 19:33:13,2023-01-20 14:33:26,2023-01-19 18:59:45,5,,Other,Tier 2,Czech Republic,20,27,0,0,0,2022-04-10,Junior,,
Closed,TKT-1169,Medium,Chat,Product setup,Nicola Wane,2023-01-19 17:03:57,2023-01-20 17:03:57,2023-01-19 17:05:57,2023-01-19 21:18:49,2023-01-19 17:05:39,6,4,Custom software development,Tier 1,Poland,4.25,2,0,0,0,2021-03-12,Mid-Level,,
In Progress,TKT-1170,Medium,Chat,Product setup,Bernard Beckley,2023-01-19 02:59:41,2023-01-20 02:59:41,2023-01-19 03:01:41,,2023-01-19 03:01:25,60,,Ready to use Software,Tier 1,Austria,,2,0,,0,2019-11-20,Senior,,
In Progress,TKT-1171,High,Email,Feature request,Michele Whyatt,2023-01-20 08:12:18,2023-01-22 08:12:18,2023-01-20 09:12:18,,2023-01-20 11:23:10,2,,Other,Tier 2,Germany,,191,0,,1,2022-04-10,Junior,,
In Progress,TKT-1172,Low,Email,Purchasing and invoicing,Kristos Westoll,2023-01-20 16:02:00,2023-01-22 16:02:00,2023-01-20 17:02:00,,2023-01-20 16:31:25,6,,Ready to use Software,Tier 1,Germany,,29,0,,0,2021-10-18,Mid-Level,,
In Progress,TKT-1173,Low,Email,Product setup,Nicola Wane,2023-01-20 18:26:33,2023-01-22 18:26:33,2023-01-20 19:26:33,,2023-01-20 18:51:24,3,,Ready to use Software,Tier 1,United Kingdom,,25,0,,0,2021-03-12,Mid-Level,,
Closed,TKT-1174,Low,Email,Product setup,Bernard Beckley,2023-01-20 16:12:23,2023-01-22 16:12:23,2023-01-20 17:12:23,2023-01-21 20:59:35,2023-01-20 16:41:52,2,3,Ready to use Software,Tier 1,Republic of Ireland,28.79,29,0,0,0,2019-11-20,Senior,,
Closed,TKT-1175,Medium,Email,Pricing and licensing,Sheela Cutten,2023-01-20 18:26:56,2023-01-22 18:26:56,2023-01-20 19:26:56,2023-01-23 09:12:25,2023-01-20 18:47:31,4,5,Other,Tier 1,Greece,62.76,21,0,1,0,2019-07-10,Senior,,
In Progress,TKT-1176,High,Chat,Bug report,Michele Whyatt,2023-01-20 12:41:24,2023-01-21 12:41:24,2023-01-20 12:43:24,,2023-01-20 12:42:08,6,,Ready to use Software,Tier 2,Germany,,1,0,,0,2022-04-10,Junior,,
In Progress,TKT-1177,Low,Email,Pricing and licensing,Kristos Westoll,2023-01-20 07:41:43,2023-01-22 07:41:43,2023-01-20 08:41:43,,2023-01-20 08:16:18,10,,Ready to use Software,Tier 1,Republic of Ireland,,35,0,,0,2021-10-18,Mid-Level,,
Resolved,TKT-1178,High,Email,Other,Nicola Wane,2023-01-20 09:35:25,2023-01-22 09:35:25,2023-01-20 10:35:25,2023-01-21 08:18:23,2023-01-20 09:50:00,1,,Ready to use Software,Tier 1,Bulgaria,22.72,15,1,0,0,2021-03-12,Mid-Level,,
Closed,TKT-1179,Low,Email,Product setup,Adolpho Messingham,2023-01-20 15:19:25,2023-01-22 15:19:25,2023-01-20 16:19:25,2023-01-21 11:31:26,2023-01-20 15:54:48,1,5,Custom software development,Tier 2,Slovenia,20.2,35,1,0,0,2020-05-15,Mid-Level,,
Resolved,TKT-1180,Low,Chat,Purchasing and invoicing,Nicola Wane,2023-01-20 08:49:49,2023-01-21 08:49:49,2023-01-20 08:51:49,2023-01-21 08:32:34,2023-01-20 08:51:34,2,,Training and Consulting Services,Tier 1,United Kingdom,23.71,2,0,0,0,2021-03-12,Mid-Level,,
Closed,TKT-1181,Low,Email,Training request,Bernard Beckley,2023-01-20 11:54:54,2023-01-22 11:54:54,2023-01-20 12:54:54,2023-01-22 06:37:40,2023-01-20 12:07:47,9,2,Training and Consulting Services,Tier 1,Bulgaria,42.71,13,0,0,0,2019-11-20,Senior,,
Closed,TKT-1182,High,Chat,Feature request,Kristos Westoll,2023-01-21 08:18:41,2023-01-22 08:18:41,2023-01-21 08:20:41,2023-01-21 20:06:34,2023-01-21 08:20:16,6,4,Ready to use Software,Tier 1,Spain,11.8,2,0,0,0,2021-10-18,Mid-Level,,
Closed,TKT-1183,Low,Email,Purchasing and invoicing,Nicola Wane,2023-01-21 07:43:47,2023-01-23 07:43:47,2023-01-21 08:43:47,2023-01-21 18:04:08,2023-01-21 07:49:29,4,5,Other,Tier 1,United Kingdom,10.34,6,0,0,0,2021-03-12,Mid-Level,,
Resolved,TKT-1184,High,Chat,Pricing and licensing,Connor Danielovitch,2023-01-21 17:21:38,2023-01-22 17:21:38,2023-01-21 17:23:38,2023-01-25 20:28:05,2023-01-21 17:22:51,2,,Ready to use Software,Tier 1,Austria,99.11,1,0,1,0,2018-02-15,Senior,,
Resolved,TKT-1185,Low,Chat,Feature request,Sheela Cutten,2023-01-21 11:45:13,2023-01-22 11:45:13,2023-01-21 11:47:13,2023-01-21 15:21:29,2023-01-21 11:49:43,6,,Custom software development,Tier 1,Bulgaria,3.6,4,0,0,1,2019-07-10,Senior,,
Closed,TKT-1186,Medium,Email,Product setup,Connor Danielovitch,2023-01-21 07:09:47,2023-01-23 07:09:47,2023-01-21 08:09:47,2023-01-22 12:53:46,2023-01-21 07:45:59,1,3,Training and Consulting Services,Tier 1,Greece,29.73,36,1,0,0,2018-02-15,Senior,,
In Progress,TKT-1198,Medium,Email,Other,Sheela Cutten,2023-01-22 08:50:11,2023-01-24 08:50:11,2023-01-22 09:50:11,,2023-01-22 09:34:55,7,,Ready to use Software,Tier 1,Republic of Ireland,,45,0,,0,2019-07-10,Senior,,
Resolved,TKT-1199,Low,Chat,Bug report,Nicola Wane,2023-01-22 01:57:26,2023-01-23 01:57:26,2023-01-22 01:59:26,2023-01-22 04:33:20,2023-01-22 01:57:51,3,,Training and Consulting Services,Tier 1,Czech Republic,2.6,0,0,0,0,2021-03-12,Mid-Level,,
Closed,TKT-1200,Medium,Email,Feature request,Kristos Westoll,2023-01-22 06:50:05,2023-01-24 06:50:05,2023-01-22 07:50:05,2023-01-22 17:52:38,2023-01-22 07:08:43,1,1,Custom software development,Tier 1,Greece,11.04,19,1,0,0,2021-10-18,Mid-Level,,
Resolved,TKT-1201,High,Email,Training request,Kristos Westoll,2023-01-22 23:42:43,2023-01-24 23:42:43,2023-01-23 00:42:43,2023-01-23 22:24:56,2023-01-23 00:06:48,3,,Training and Consulting Services,Tier 1,Poland,22.7,24,0,0,0,2021-10-18,Mid-Level,,
Resolved,TKT-1202,Low,Email,Feature request,Kristos Westoll,2023-01-22 13:18:02,2023-01-24 13:18:02,2023-01-22 14:18:02,2023-01-24 12:21:26,2023-01-22 13:34:22,1,,Other,Tier 1,United Kingdom,47.06,16,1,0,0,2021-10-18,Mid-Level,,
Resolved,TKT-1203,Medium,Email,Bug report,Bernard Beckley,2023-01-22 14:32:27,2023-01-24 14:32:27,2023-01-22 15:32:27,2023-01-24 03:16:59,2023-01-22 15:02:56,5,,Custom software development,Tier 1,Poland,36.74,30,0,0,0,2019-11-20,Senior,,
In Progress,TKT-1204,Low,Email,Purchasing and invoicing,Bernard Beckley,2023-01-23 02:36:31,2023-01-25 02:36:31,2023-01-23 03:36:31,,2023-01-23 03:15:10,9,,Other,Tier 1,Italy,,39,0,,0,2019-11-20,Senior,,
Resolved,TKT-1205,Low,Chat,Product setup,Heather Urry,2023-01-23 04:12:42,2023-01-24 04:12:42,2023-01-23 04:14:42,2023-01-23 17:43:56,2023-01-23 04:14:34,6,,Custom software development,Tier 2,Spain,13.52,2,0,0,0,2022-09-25,Junior,,
Closed,TKT-1206,Low,Chat,Product setup,Kristos Westoll,2023-01-23 02:29:57,2023-01-24 02:29:57,2023-01-23 02:31:57,2023-01-23 12:11:13,2023-01-23 02:30:57,6,3,Custom software development,Tier 1,Germany,9.69,1,0,0,0,2021-10-18,Mid-Level,,
In Progress,TKT-1207,Low,Email,Feature request,Kristos Westoll,2023-01-23 20:37:56,2023-01-25 20:37:56,2023-01-23 21:37:56,,2023-01-23 21:15:22,5,,Ready to use Software,Tier 1,Greece,,37,0,,0,2021-10-18,Mid-Level,,
Resolved,TKT-1208,Low,Email,Product setup,Sheela Cutten,2023-01-23 16:44:16,2023-01-25 16:44:16,2023-01-23 17:44:16,2023-01-23 20:47:18,2023-01-23 20:36:59,2,,Ready to use Software,Tier 1,Germany,4.05,233,0,0,1,2019-07-10,Senior,,
Closed,TKT-1209,Medium,Chat,Feature request,Sheela Cutten,2023-01-23 13:00:51,2023-01-24 13:00:51,2023-01-23 13:02:51,2023-01-23 18:35:27,2023-01-23 13:01:49,6,5,Ready to use Software,Tier 1,United Kingdom,5.58,1,0,0,0,2019-07-10,Senior,,
In Progress,TKT-1210,Low,Email,Other,Michele Whyatt,2023-01-23 06:36:19,2023-01-25 06:36:19,2023-01-23 07:36:19,,2023-01-23 06:45:00,10,,Custom software development,Tier 2,Germany,,9,0,,0,2022-04-10,Junior,,
Closed,TKT-1211,Low,Email,Purchasing and invoicing,Bernard Beckley,2023-01-24 15:26:28,2023-01-26 15:26:28,2023-01-24 16:26:28,2023-01-25 12:08:26,2023-01-24 16:20:28,7,4,Training and Consulting Services,Tier 1,United Kingdom,20.7,54,0,0,0,2019-11-20,Senior,,
Closed,TKT-1213,High,Email,Other,Sheela Cutten,2023-01-24 11:08:04,2023-01-26 11:08:04,2023-01-24 12:08:04,2023-01-25 17:16:23,2023-01-24 12:02:52,3,5,Other,Tier 1,Poland,30.14,55,0,0,0,2019-07-10,Senior,,
Closed,TKT-1214,Low,Chat,Other,Sheela Cutten,2023-01-24 07:06:15,2023-01-25 07:06:15,2023-01-24 07:08:15,2023-01-24 14:26:32,2023-01-24 07:07:53,60,5,Ready to use Software,Tier 1,United Kingdom,7.34,2,0,0,0,2019-07-10,Senior,,
Resolved,TKT-1216,Medium,Email,Product setup,Nicola Wane,2023-01-24 21:48:35,2023-01-26 21:48:35,2023-01-24 22:48:35,2023-01-30 05:47:44,2023-01-24 22:20:36,1,,Ready to use Software,Tier 1,Austria,127.99,32,1,1,0,2021-03-12,Mid-Level,,
In Progress,TKT-1217,High,Email,Other,Heather Urry,2023-01-24 16:15:21,2023-01-26 16:15:21,2023-01-24 17:15:21,,2023-01-24 16:41:24,10,,Other,Tier 2,Republic of Ireland,,26,0,,0,2022-09-25,Junior,,
Resolved,TKT-1218,Low,Chat,Purchasing and invoicing,Kristos Westoll,2023-01-24 12:06:06,2023-01-25 12:06:06,2023-01-24 12:08:06,2023-01-24 13:21:30,2023-01-24 12:06:38,6,,Ready to use Software,Tier 1,Czech Republic,1.26,1,0,0,0,2021-10-18,Mid-Level,,
Resolved,TKT-1219,Low,Email,Purchasing and invoicing,Connor Danielovitch,2023-01-24 17:44:33,2023-01-26 17:44:33,2023-01-24 18:44:33,2023-01-26 06:26:43,2023-01-24 18:24:02,8,,Ready to use Software,Tier 1,Germany,36.7,39,0,0,0,2018-02-15,Senior,,
Closed,TKT-1220,Low,Chat,Feature request,Heather Urry,2023-01-25 15:47:08,2023-01-26 15:47:08,2023-01-25 15:49:08,2023-01-26 00:23:13,2023-01-25 15:50:33,4,3,Ready to use Software,Tier 2,Slovenia,8.6,3,0,0,1,2022-09-25,Junior,,
Resolved,TKT-1221,Medium,Email,Bug report,Heather Urry,2023-01-25 15:29:35,2023-01-27 15:29:35,2023-01-25 16:29:35,2023-01-25 16:52:46,2023-01-25 23:19:35,1,,Custom software development,Tier 2,Greece,1.39,470,1,0,1,2022-09-25,Junior,,
Closed,TKT-1222,Medium,Email,Product setup,Nicola Wane,2023-01-25 09:37:54,2023-01-27 09:37:54,2023-01-25 10:37:54,2023-01-27 00:23:31,2023-01-25 09:50:47,1,3,Training and Consulting Services,Tier 1,Czech Republic,38.76,13,1,0,0,2021-03-12,Mid-Level,,
Resolved,TKT-1223,Medium,Email,Feature request,Kristos Westoll,2023-01-25 22:34:37,2023-01-27 22:34:37,2023-01-25 23:34:37,2023-01-26 08:09:09,2023-01-25 22:43:08,1,,Other,Tier 1,United Kingdom,9.58,9,1,0,0,2021-10-18,Mid-Level,,
Closed,TKT-1224,Medium,Email,Pricing and licensing,Bernard Beckley,2023-01-25 08:08:00,2023-01-27 08:08:00,2023-01-25 09:08:00,2023-01-25 15:08:33,2023-01-25 08:57:55,1,4,Ready to use Software,Tier 1,Republic of Ireland,7.01,50,1,0,0,2019-11-20,Senior,,
Resolved,TKT-1225,High,Email,Pricing and licensing,Connor Danielovitch,2023-01-25 06:10:06,2023-01-27 06:10:06,2023-01-25 07:10:06,2023-01-26 11:27:23,2023-01-25 06:44:03,5,,Ready to use Software,Tier 1,Italy,29.29,34,0,0,0,2018-02-15,Senior,,
In Progress,TKT-1226,Low,Phone,Feature request,Sheela Cutten,2023-01-25 11:33:23,2023-01-27 11:33:23,2023-01-25 11:35:23,,2023-01-25 11:36:04,1,,Ready to use Software,Tier 1,Greece,,3,1,,1,2019-07-10,Senior,,
Resolved,TKT-1227,Low,Chat,Product setup,Sheela Cutten,2023-01-26 08:15:02,2023-01-27 08:15:02,2023-01-26 08:17:02,2023-01-26 22:11:02,2023-01-26 08:17:00,7,,Custom software development,Tier 1,Poland,13.93,2,0,0,0,2019-07-10,Senior,,
Closed,TKT-1228,Medium,Email,Product setup,Kristos Westoll,2023-01-26 22:03:36,2023-01-28 22:03:36,2023-01-26 23:03:36,2023-01-27 07:01:51,2023-01-26 22:43:44,1,5,Training and Consulting Services,Tier 1,Republic of Ireland,8.97,40,1,0,0,2021-10-18,Mid-Level,,
Resolved,TKT-1229,Low,Email,Pricing and licensing,Bernard Beckley,2023-01-26 20:20:10,2023-01-28 20:20:10,2023-01-26 21:20:10,2023-01-27 08:25:16,2023-01-26 21:19:18,1,,Ready to use Software,Tier 1,Bulgaria,12.09,59,1,0,0,2019-11-20,Senior,,
Resolved,TKT-1230,Medium,Email,Purchasing and invoicing,Sheela Cutten,2023-01-26 14:36:49,2023-01-28 14:36:49,2023-01-26 15:36:49,2023-01-28 12:46:00,2023-01-26 15:25:19,10,,Training and Consulting Services,Tier 1,France,46.15,48,0,0,0,2019-07-10,Senior,,
Closed,TKT-1231,Low,Email,Feature request,Heather Urry,2023-01-26 22:13:13,2023-01-28 22:13:13,2023-01-26 23:13:13,2023-01-28 07:28:47,2023-01-26 22:19:21,6,1,Ready to use Software,Tier 2,Italy,33.26,6,0,0,0,2022-09-25,Junior,,
Resolved,TKT-1232,Low,Chat,Product setup,Nicola Wane,2023-01-26 16:23:13,2023-01-27 16:23:13,2023-01-26 16:25:13,2023-01-26 23:11:54,2023-01-26 16:24:37,2,,Ready to use Software,Tier 1,Italy,6.81,1,0,0,0,2021-03-12,Mid-Level,,
In Progress,TKT-1233,High,Email,Purchasing and invoicing,Adolpho Messingham,2023-01-26 03:27:40,2023-01-28 03:27:40,2023-01-26 04:27:40,,2023-01-26 03:43:57,1,,Ready to use Software,Tier 2,Italy,,16,1,,0,2020-05-15,Mid-Level,,
Closed,TKT-1234,High,Email,Product setup,Connor Danielovitch,2023-01-26 23:23:34,2023-01-28 23:23:34,2023-01-27 00:23:34,2023-01-27 08:30:36,2023-01-26 23:47:56,8,3,Custom software development,Tier 1,Germany,9.12,24,0,0,0,2018-02-15,Senior,,
In Progress,TKT-1235,Medium,Phone,Bug report,Nicola Wane,2023-01-27 16:27:39,2023-01-29 16:27:39,2023-01-27 16:29:39,,2023-01-27 16:28:57,2,,Custom software development,Tier 1,Republic of Ireland,,1,0,,0,2021-03-12,Mid-Level,,
Resolved,TKT-1236,Medium,Phone,Pricing and licensing,Nicola Wane,2023-01-27 02:57:53,2023-01-29 02:57:53,2023-01-27 02:59:53,2023-01-28 18:10:24,2023-01-27 16:31:18,4,,Ready to use Software,Tier 1,France,39.21,813,0,0,1,2021-03-12,Mid-Level,,
Closed,TKT-1237,Low,Email,Purchasing and invoicing,Nicola Wane,2023-01-27 22:18:17,2023-01-29 22:18:17,2023-01-27 23:18:17,2023-01-28 23:14:19,2023-01-27 22:32:55,1,4,Other,Tier 1,United Kingdom,24.93,15,1,0,0,2021-03-12,Mid-Level,,
Closed,TKT-1238,Low,Chat,Feature request,Nicola Wane,2023-01-27 15:35:12,2023-01-28 15:35:12,2023-01-27 15:37:12,2023-01-27 23:35:09,2023-01-27 15:36:34,7,4,Ready to use Software,Tier 1,Greece,8,1,0,0,0,2021-03-12,Mid-Level,,
Resolved,TKT-1239,Medium,Email,Pricing and licensing,Kristos Westoll,2023-01-27 21:11:53,2023-01-29 21:11:53,2023-01-27 22:11:53,2023-01-31 23:41:59,2023-01-27 21:22:49,10,,Ready to use Software,Tier 1,United Kingdom,98.5,11,0,1,0,2021-10-18,Mid-Level,,
In Progress,TKT-1240,Low,Chat,Pricing and licensing,Connor Danielovitch,2023-01-27 06:05:21,2023-01-28 06:05:21,2023-01-27 06:07:21,,2023-01-27 06:06:23,6,,Custom software development,Tier 1,France,,1,0,,0,2018-02-15,Senior,,
Resolved,TKT-1241,Medium,Chat,Purchasing and invoicing,Sheela Cutten,2023-01-27 01:00:46,2023-01-28 01:00:46,2023-01-27 01:02:46,2023-01-27 01:38:40,2023-01-27 01:02:05,9,,Ready to use Software,Tier 1,Italy,0.63,1,0,0,0,2019-07-10,Senior,,
Closed,TKT-1242,Medium,Phone,Pricing and licensing,Heather Urry,2023-01-27 10:22:29,2023-01-29 10:22:29,2023-01-27 10:24:29,2023-01-27 16:43:18,2023-01-27 10:22:55,1,2,Ready to use Software,Tier 2,Slovenia,6.35,0,1,0,0,2022-09-25,Junior,,
Resolved,TKT-1243,Medium,Phone,Pricing and licensing,Sheela Cutten,2023-01-27 20:50:46,2023-01-29 20:50:46,2023-01-27 20:52:46,2023-01-28 05:02:40,2023-01-27 20:50:57,3,,Training and Consulting Services,Tier 1,Slovenia,8.2,0,0,0,0,2019-07-10,Senior,,
Resolved,TKT-1244,Low,Email,Product setup,Nicola Wane,2023-01-27 08:33:52,2023-01-29 08:33:52,2023-01-27 09:33:52,2023-01-28 10:03:00,2023-01-27 08:47:05,4,,Ready to use Software,Tier 1,France,25.49,13,0,0,0,2021-03-12,Mid-Level,,
In Progress,TKT-1245,Low,Email,Bug report,Connor Danielovitch,2023-01-27 21:50:03,2023-01-29 21:50:03,2023-01-27 22:50:03,,2023-01-27 21:58:33,2,,Ready to use Software,Tier 1,Greece,,8,0,,0,2018-02-15,Senior,,
Closed,TKT-1246,Medium,Email,Pricing and licensing,Nicola Wane,2023-01-27 17:51:27,2023-01-29 17:51:27,2023-01-27 18:51:27,2023-01-28 21:33:47,2023-01-27 18:37:33,6,5,Custom software development,Tier 1,Czech Republic,27.71,46,0,0,0,2021-03-12,Mid-Level,,
Closed,TKT-1247,High,Chat,Other,Connor Danielovitch,2023-01-28 13:39:05,2023-01-29 13:39:05,2023-01-28 13:41:05,2023-01-29 07:08:28,2023-01-28 13:40:14,3,4,Custom software development,Tier 1,Poland,17.49,1,0,0,0,2018-02-15,Senior,,
Resolved,TKT-1248,Low,Email,Product setup,Heather Urry,2023-01-28 20:03:25,2023-01-30 20:03:25,2023-01-28 21:03:25,2023-01-29 01:44:16,2023-01-28 20:33:08,3,,Ready to use Software,Tier 2,Republic of Ireland,5.68,30,0,0,0,2022-09-25,Junior,,
Closed,TKT-1254,Low,Chat,Pricing and licensing,Sheela Cutten,2023-01-28 12:06:28,2023-01-29 12:06:28,2023-01-28 12:08:28,2023-01-28 14:28:16,2023-01-28 12:10:09,4,3,Custom software development,Tier 1,Italy,2.36,4,0,0,1,2019-07-10,Senior,,
Closed,TKT-1255,Medium,Phone,Other,Heather Urry,2023-01-28 21:26:52,2023-01-30 21:26:52,2023-01-28 21:28:52,2023-01-28 21:42:41,2023-01-28 21:28:27,2,3,Ready to use Software,Tier 2,France,0.26,2,0,0,0,2022-09-25,Junior,,
Closed,TKT-1256,High,Chat,Pricing and licensing,Nicola Wane,2023-01-29 00:51:51,2023-01-30 00:51:51,2023-01-29 00:53:51,2023-01-29 01:38:25,2023-01-29 00:54:36,7,3,Custom software development,Tier 1,United Kingdom,0.78,3,0,0,1,2021-03-12,Mid-Level,,
In Progress,TKT-1257,Medium,Email,Purchasing and invoicing,Nicola Wane,2023-01-29 11:27:02,2023-01-31 11:27:02,2023-01-29 12:27:02,,2023-01-29 12:08:48,6,,Other,Tier 1,Poland,,42,0,,0,2021-03-12,Mid-Level,,
Closed,TKT-1258,Low,Chat,Product setup,Adolpho Messingham,2023-01-29 07:22:44,2023-01-30 07:22:44,2023-01-29 07:24:44,2023-01-29 10:31:49,2023-01-29 07:24:23,6,4,Ready to use Software,Tier 2,Austria,3.15,2,0,0,0,2020-05-15,Mid-Level,,
Closed,TKT-1259,High,Email,Bug report,Sheela Cutten,2023-01-29 02:59:46,2023-01-31 02:59:46,2023-01-29 03:59:46,2023-01-31 00:27:29,2023-01-29 06:22:31,1,3,Training and Consulting Services,Tier 1,Spain,45.46,203,1,0,1,2019-07-10,Senior,,
Closed,TKT-1260,Low,Phone,Purchasing and invoicing,Connor Danielovitch,2023-01-29 20:28:55,2023-01-31 20:28:55,2023-01-29 20:30:55,2023-01-31 14:01:18,2023-01-29 20:29:31,1,4,Custom software development,Tier 1,Germany,41.54,1,1,0,0,2018-02-15,Senior,,
Resolved,TKT-1266,Medium,Email,Pricing and licensing,Michele Whyatt,2023-01-29 22:11:14,2023-01-31 22:11:14,2023-01-29 23:11:14,2023-02-03 14:45:48,2023-01-29 22:43:30,3,,Training and Consulting Services,Tier 2,Austria,112.58,32,0,1,0,2022-04-10,Junior,,
Resolved,TKT-1267,High,Email,Bug report,Kristos Westoll,2023-01-29 05:19:55,2023-01-31 05:19:55,2023-01-29 06:19:55,2023-01-30 14:04:22,2023-01-29 05:49:38,7,,Training and Consulting Services,Tier 1,Republic of Ireland,32.74,30,0,0,0,2021-10-18,Mid-Level,,
Closed,TKT-1268,Medium,Email,Product setup,Bernard Beckley,2023-01-30 04:04:14,2023-02-01 04:04:14,2023-01-30 05:04:14,2023-01-30 15:12:54,2023-01-30 04:35:02,10,4,Other,Tier 1,Poland,11.14,31,0,0,0,2019-11-20,Senior,,
Closed,TKT-1269,Medium,Chat,Product setup,Nicola Wane,2023-01-30 12:20:07,2023-01-31 12:20:07,2023-01-30 12:22:07,2023-01-30 19:18:18,2023-01-30 12:21:53,7,2,Custom software development,Tier 1,Bulgaria,6.97,2,0,0,0,2021-03-12,Mid-Level,,
Resolved,TKT-1270,Medium,Email,Feature request,Sheela Cutten,2023-01-30 02:02:01,2023-02-01 02:02:01,2023-01-30 03:02:01,2023-01-31 12:39:25,2023-01-30 02:52:03,1,,Custom software development,Tier 1,Czech Republic,34.62,50,1,0,0,2019-07-10,Senior,,
In Progress,TKT-1271,Medium,Email,Pricing and licensing,Kristos Westoll,2023-01-30 14:51:28,2023-02-01 14:51:28,2023-01-30 15:51:28,,2023-01-30 14:54:02,10,,Custom software development,Tier 1,Slovenia,,3,0,,0,2021-10-18,Mid-Level,,
Resolved,TKT-1272,Low,Chat,Product setup,Kristos Westoll,2023-01-30 20:29:50,2023-01-31 20:29:50,2023-01-30 20:31:50,2023-01-30 22:10:57,2023-01-30 20:31:02,7,,Other,Tier 1,Germany,1.69,1,0,0,0,2021-10-18,Mid-Level,,
Closed,TKT-1273,Low,Chat,Feature request,Sheela Cutten,2023-01-30 16:27:43,2023-01-31 16:27:43,2023-01-30 16:29:43,2023-01-30 23:17:01,2023-01-30 16:29:33,2,4,Custom software development,Tier 1,Italy,6.82,2,0,0,0,2019-07-10,Senior,,
Closed,TKT-1274,Low,Email,Pricing and licensing,Sheela Cutten,2023-01-30 19:13:05,2023-02-01 19:13:05,2023-01-30 20:13:05,2023-01-31 06:09:58,2023-01-30 19:49:41,3,5,Custom software development,Tier 1,Poland,10.95,37,0,0,0,2019-07-10,Senior,,
Closed,TKT-1275,High,Chat,Product setup,Nicola Wane,2023-01-30 03:48:00,2023-01-31 03:48:00,2023-01-30 03:50:00,2023-01-30 04:47:39,2023-01-30 03:48:31,8,3,Other,Tier 1,United Kingdom,0.99,1,0,0,0,2021-03-12,Mid-Level,,
In Progress,TKT-1276,Low,Chat,Product setup,Nicola Wane,2023-01-30 16:43:16,2023-01-31 16:43:16,2023-01-30 16:45:16,,2023-01-30 16:44:18,4,,Training and Consulting Services,Tier 1,Germany,,1,0,,0,2021-03-12,Mid-Level,,
In Progress,TKT-1277,Low,Email,Feature request,Nicola Wane,2023-01-31 09:59:04,2023-02-02 09:59:04,2023-01-31 10:59:04,,2023-01-31 11:08:28,1,,Custom software development,Tier 1,France,,69,1,,1,2021-03-12,Mid-Level,,
Closed,TKT-1278,High,Email,Pricing and licensing,Connor Danielovitch,2023-01-31 08:43:50,2023-02-02 08:43:50,2023-01-31 09:43:50,2023-01-31 15:38:55,2023-01-31 08:59:04,2,3,Custom software development,Tier 1,Slovenia,6.92,15,0,0,0,2018-02-15,Senior,,
Closed,TKT-1279,High,Chat,Pricing and licensing,Connor Danielovitch,2023-01-31 23:25:32,2023-02-01 23:25:32,2023-01-31 23:27:32,2023-02-01 11:02:17,2023-01-31 23:29:34,2,4,Custom software development,Tier 1,Italy,11.61,4,0,0,1,2018-02-15,Senior,,
Resolved,TKT-1280,Low,Chat,Feature request,Sheela Cutten,2023-01-31 12:27:46,2023-02-01 12:27:46,2023-01-31 12:29:46,2023-01-31 15:58:40,2023-01-31 12:29:39,6,,Custom software development,Tier 1,Germany,3.51,2,0,0,0,2019-07-10,Senior,,
Resolved,TKT-1281,High,Email,Product setup,Heather Urry,2023-01-31 12:56:35,2023-02-02 12:56:35,2023-01-31 13:56:35,2023-02-02 01:02:20,2023-01-31 13:16:06,1,,Training and Consulting Services,Tier 2,Republic of Ireland,36.1,20,1,0,0,2022-09-25,Junior,,
Resolved,TKT-1282,Medium,Email,Feature request,Nicola Wane,2023-01-31 21:52:19,2023-02-02 21:52:19,2023-01-31 22:52:19,2023-02-01 19:15:36,2023-01-31 22:18:48,4,,Custom software development,Tier 1,Bulgaria,21.39,26,0,0,0,2021-03-12,Mid-Level,,
Closed,TKT-1283,Low,Email,Purchasing and invoicing,Connor Danielovitch,2023-02-01 11:03:29,2023-02-03 11:03:29,2023-02-01 12:03:29,2023-02-02 06:17:38,2023-02-01 11:18:27,8,4,Custom software development,Tier 1,Republic of Ireland,19.24,15,0,0,0,2018-02-15,Senior,,
Closed,TKT-1284,Medium,Email,Product setup,Heather Urry,2023-02-01 10:07:38,2023-02-03 10:07:38,2023-02-01 11:07:38,2023-02-02 09:11:15,2023-02-01 11:02:02,8,1,Other,Tier 2,Austria,23.06,54,0,0,0,2022-09-25,Junior,,
In Progress,TKT-1285,Low,Phone,Pricing and licensing,Michele Whyatt,2023-02-01 01:05:14,2023-02-03 01:05:14,2023-02-01 01:07:14,,2023-02-01 01:06:10,2,,Custom software development,Tier 2,United Kingdom,,1,0,,0,2022-04-10,Junior,,
Closed,TKT-1286,Medium,Email,Feature request,Nicola Wane,2023-02-01 12:49:26,2023-02-03 12:49:26,2023-02-01 13:49:26,2023-02-06 01:12:16,2023-02-01 13:40:08,10,4,Custom software development,Tier 1,Poland,108.38,51,0,1,0,2021-03-12,Mid-Level,,
Resolved,TKT-1287,Low,Chat,Product setup,Adolpho Messingham,2023-02-01 20:49:32,2023-02-02 20:49:32,2023-02-01 20:51:32,2023-02-04 22:34:56,2023-02-01 20:50:00,4,,Custom software development,Tier 2,Germany,73.76,0,0,1,0,2020-05-15,Mid-Level,,
Closed,TKT-1288,Medium,Phone,Other,Adolpho Messingham,2023-02-01 19:56:22,2023-02-03 19:56:22,2023-02-01 19:58:22,2023-02-03 02:35:01,,2,5,Training and Consulting Services,Tier 2,Bulgaria,30.64,,0,0,,2020-05-15,Mid-Level,,
Closed,TKT-1289,Low,Email,Other,Connor Danielovitch,2023-02-01 09:34:09,2023-02-03 09:34:09,2023-02-01 10:34:09,2023-02-02 16:28:19,2023-02-01 10:03:29,3,3,Ready to use Software,Tier 1,Austria,30.9,29,0,0,0,2018-02-15,Senior,,
Closed,TKT-1291,Medium,Email,Pricing and licensing,Connor Danielovitch,2023-02-01 01:23:17,2023-02-03 01:23:17,2023-02-01 02:23:17,2023-02-01 21:26:38,2023-02-01 06:04:23,2,4,Other,Tier 1,France,20.06,281,0,0,1,2018-02-15,Senior,,
Closed,TKT-1292,Low,Chat,Product setup,Kristos Westoll,2023-02-01 08:00:59,2023-02-02 08:00:59,2023-02-01 08:02:59,2023-02-01 17:27:48,2023-02-01 08:02:38,8,2,Ready to use Software,Tier 1,Republic of Ireland,9.45,2,0,0,0,2021-10-18,Mid-Level,,
In Progress,TKT-1294,Low,Email,Feature request,Bernard Beckley,2023-02-02 15:20:34,2023-02-04 15:20:34,2023-02-02 16:20:34,,2023-02-02 15:44:23,4,,Other,Tier 1,Republic of Ireland,,24,0,,0,2019-11-20,Senior,,
Resolved,TKT-1295,Low,Email,Feature request,Connor Danielovitch,2023-02-02 00:08:59,2023-02-04 00:08:59,2023-02-02 01:08:59,2023-02-02 04:25:12,2023-02-02 00:44:07,1,,Ready to use Software,Tier 1,Bulgaria,4.27,35,1,0,0,2018-02-15,Senior,,
Closed,TKT-1296,Medium,Chat,Pricing and licensing,Nicola Wane,2023-02-02 02:14:08,2023-02-03 02:14:08,2023-02-02 02:16:08,2023-02-02 14:39:24,2023-02-02 02:14:50,4,1,Custom software development,Tier 1,Italy,12.42,1,0,0,0,2021-03-12,Mid-Level,,
Closed,TKT-1297,Low,Chat,Product setup,Sheela Cutten,2023-02-02 23:36:10,2023-02-03 23:36:10,2023-02-02 23:38:10,2023-02-03 22:56:53,2023-02-02 23:37:51,60,3,Ready to use Software,Tier 1,Czech Republic,23.35,2,0,0,0,2019-07-10,Senior,,
Closed,TKT-1298,Low,Email,Feature request,Connor Danielovitch,2023-02-02 16:29:15,2023-02-04 16:29:15,2023-02-02 17:29:15,2023-02-04 08:41:12,2023-02-02 17:16:37,8,5,Ready to use Software,Tier 1,Spain,40.2,47,0,0,0,2018-02-15,Senior,,
Closed,TKT-1299,Low,Phone,Feature request,Bernard Beckley,2023-02-02 07:41:17,2023-02-04 07:41:17,2023-02-02 07:43:17,2023-02-03 00:33:01,2023-02-02 07:43:04,2,1,Custom software development,Tier 1,Slovenia,16.86,2,0,0,0,2019-11-20,Senior,,
Resolved,TKT-1300,Medium,Chat,Pricing and licensing,Bernard Beckley,2023-02-03 14:41:04,2023-02-04 14:41:04,2023-02-03 14:43:04,2023-02-06 03:29:04,2023-02-03 14:42:45,6,,Custom software development,Tier 1,Czech Republic,60.8,2,0,1,0,2019-11-20,Senior,,
Closed,TKT-1301,Low,Phone,Product setup,Connor Danielovitch,2023-02-03 23:09:18,2023-02-05 23:09:18,2023-02-03 23:11:18,2023-02-05 17:59:01,2023-02-03 23:09:35,1,3,Ready to use Software,Tier 1,Greece,42.83,0,1,0,0,2018-02-15,Senior,,
Resolved,TKT-1302,High,Email,Pricing and licensing,Sheela Cutten,2023-02-03 20:17:28,2023-02-05 20:17:28,2023-02-03 21:17:28,2023-02-05 13:15:08,2023-02-03 21:10:14,3,,Custom software development,Tier 1,Italy,40.96,53,0,0,0,2019-07-10,Senior,,
Resolved,TKT-1303,Low,Phone,Product setup,Nicola Wane,2023-02-03 18:46:35,2023-02-05 18:46:35,2023-02-03 18:48:35,2023-02-04 05:03:44,2023-02-03 18:49:43,3,,Ready to use Software,Tier 1,Slovenia,10.29,3,0,0,1,2021-03-12,Mid-Level,,
Resolved,TKT-1304,Medium,Phone,Purchasing and invoicing,Sheela Cutten,2023-02-03 19:19:03,2023-02-05 19:19:03,2023-02-03 19:21:03,2023-02-05 12:43:11,2023-02-03 19:24:43,5,,Other,Tier 1,Germany,41.4,6,0,0,1,2019-07-10,Senior,,
Resolved,TKT-1305,Low,Email,Purchasing and invoicing,Bernard Beckley,2023-02-03 01:50:32,2023-02-05 01:50:32,2023-02-03 02:50:32,2023-02-03 05:17:30,2023-02-03 02:11:52,1,,Ready to use Software,Tier 1,Czech Republic,3.45,21,1,0,0,2019-11-20,Senior,,
Closed,TKT-1306,High,Chat,Bug report,Connor Danielovitch,2023-02-04 13:06:47,2023-02-05 13:06:47,2023-02-04 13:08:47,2023-02-04 15:20:57,2023-02-04 13:08:10,7,5,Training and Consulting Services,Tier 1,United Kingdom,2.24,1,0,0,0,2018-02-15,Senior,,
Closed,TKT-1307,Low,Email,Product setup,Kristos Westoll,2023-02-04 22:36:42,2023-02-06 22:36:42,2023-02-04 23:36:42,2023-02-05 11:18:00,2023-02-04 23:15:14,10,5,Ready to use Software,Tier 1,Republic of Ireland,12.69,39,0,0,0,2021-10-18,Mid-Level,,
Resolved,TKT-1317,High,Email,Feature request,Heather Urry,2023-02-05 00:18:33,2023-02-07 00:18:33,2023-02-05 01:18:33,2023-02-06 21:46:05,2023-02-05 00:52:10,3,,Other,Tier 2,Austria,45.46,34,0,0,0,2022-09-25,Junior,,
Closed,TKT-1318,Low,Email,Pricing and licensing,Nicola Wane,2023-02-05 02:31:11,2023-02-07 02:31:11,2023-02-05 03:31:11,2023-02-06 16:16:34,2023-02-05 03:30:22,2,4,Other,Tier 1,France,37.76,59,0,0,0,2021-03-12,Mid-Level,,
Resolved,TKT-1319,Medium,Chat,Bug report,Heather Urry,2023-02-05 05:01:30,2023-02-06 05:01:30,2023-02-05 05:03:30,2023-02-05 17:35:48,2023-02-05 05:03:03,4,,Custom software development,Tier 2,Bulgaria,12.57,2,0,0,0,2022-09-25,Junior,,
In Progress,TKT-1321,Low,Email,Pricing and licensing,Kristos Westoll,2023-02-05 05:51:11,2023-02-07 05:51:11,2023-02-05 06:51:11,,2023-02-05 06:46:03,1,,Custom software development,Tier 1,Republic of Ireland,,55,1,,0,2021-10-18,Mid-Level,,
Resolved,TKT-1323,Low,Email,Pricing and licensing,Nicola Wane,2023-02-06 20:45:42,2023-02-08 20:45:42,2023-02-06 21:45:42,2023-02-06 23:33:16,2023-02-06 21:14:23,3,,Ready to use Software,Tier 1,Austria,2.79,29,0,0,0,2021-03-12,Mid-Level,,
Resolved,TKT-1324,Medium,Email,Pricing and licensing,Michele Whyatt,2023-02-06 08:09:22,2023-02-08 08:09:22,2023-02-06 09:09:22,2023-02-10 04:43:23,2023-02-06 08:19:30,1,,Custom software development,Tier 2,Germany,92.57,10,1,1,0,2022-04-10,Junior,,
Closed,TKT-1325,Medium,Email,Purchasing and invoicing,Sheela Cutten,2023-02-06 02:27:39,2023-02-08 02:27:39,2023-02-06 03:27:39,2023-02-06 09:55:49,2023-02-06 02:56:05,5,5,Custom software development,Tier 1,United Kingdom,7.47,28,0,0,0,2019-07-10,Senior,,
Closed,TKT-1326,Medium,Chat,Product setup,Kristos Westoll,2023-02-06 08:26:15,2023-02-07 08:26:15,2023-02-06 08:28:15,2023-02-06 15:57:05,2023-02-06 08:30:58,4,4,Other,Tier 1,France,7.51,5,0,0,1,2021-10-18,Mid-Level,,
Resolved,TKT-1327,High,Chat,Bug report,Bernard Beckley,2023-02-06 03:34:48,2023-02-07 03:34:48,2023-02-06 03:36:48,2023-02-06 10:45:49,2023-02-06 03:35:39,6,,Ready to use Software,Tier 1,Republic of Ireland,7.18,1,0,0,0,2019-11-20,Senior,,
In Progress,TKT-1328,Low,Email,Feature request,Connor Danielovitch,2023-02-06 10:53:21,2023-02-08 10:53:21,2023-02-06 11:53:21,,2023-02-06 11:49:04,1,,Custom software development,Tier 1,Bulgaria,,56,1,,0,2018-02-15,Senior,,
In Progress,TKT-1329,Medium,Chat,Bug report,Bernard Beckley,2023-02-06 12:00:35,2023-02-07 12:00:35,2023-02-06 12:02:35,,2023-02-06 12:01:00,6,,Ready to use Software,Tier 1,Republic of Ireland,,0,0,,0,2019-11-20,Senior,,
Resolved,TKT-1330,Low,Email,Purchasing and invoicing,Bernard Beckley,2023-02-06 11:37:20,2023-02-08 11:37:20,2023-02-06 12:37:20,2023-02-07 06:23:53,2023-02-06 11:58:14,3,,Custom software development,Tier 1,Republic of Ireland,18.78,21,0,0,0,2019-11-20,Senior,,
Resolved,TKT-1331,Medium,Email,Purchasing and invoicing,Nicola Wane,2023-02-07 18:37:55,2023-02-09 18:37:55,2023-02-07 19:37:55,2023-02-07 23:03:13,2023-02-08 02:30:10,9,,Other,Tier 1,Slovenia,4.42,472,0,0,1,2021-03-12,Mid-Level,,
Resolved,TKT-1332,High,Email,Product setup,Sheela Cutten,2023-02-07 11:38:34,2023-02-09 11:38:34,2023-02-07 12:38:34,2023-02-08 23:29:06,2023-02-07 11:58:34,4,,Training and Consulting Services,Tier 1,Austria,35.84,20,0,0,0,2019-07-10,Senior,,
Closed,TKT-1333,Medium,Chat,Feature request,Sheela Cutten,2023-02-07 11:08:59,2023-02-08 11:08:59,2023-02-07 11:10:59,2023-02-10 19:20:00,2023-02-07 11:09:28,6,3,Ready to use Software,Tier 1,Slovenia,80.18,0,0,1,0,2019-07-10,Senior,,
Closed,TKT-1334,Low,Phone,Product setup,Nicola Wane,2023-02-07 01:47:29,2023-02-09 01:47:29,2023-02-07 01:49:29,2023-02-08 23:23:23,2023-02-07 01:49:22,5,2,Training and Consulting Services,Tier 1,Spain,45.6,2,0,0,0,2021-03-12,Mid-Level,,
In Progress,TKT-1335,High,Email,Bug report,Sheela Cutten,2023-02-07 04:06:57,2023-02-09 04:06:57,2023-02-07 05:06:57,,2023-02-07 04:24:22,1,,Custom software development,Tier 1,France,,17,1,,0,2019-07-10,Senior,,
Closed,TKT-1336,Low,Email,Other,Connor Danielovitch,2023-02-07 19:03:37,2023-02-09 19:03:37,2023-02-07 20:03:37,2023-02-08 08:23:06,2023-02-07 19:33:55,2,4,Custom software development,Tier 1,Germany,13.32,30,0,0,0,2018-02-15,Senior,,
Closed,TKT-1337,High,Chat,Pricing and licensing,Nicola Wane,2023-02-08 04:57:52,2023-02-09 04:57:52,2023-02-08 04:59:52,2023-02-08 16:56:10,2023-02-08 04:58:52,2,4,Ready to use Software,Tier 1,United Kingdom,11.97,1,0,0,0,2021-03-12,Mid-Level,,
Closed,TKT-1338,Low,Email,Product setup,Sheela Cutten,2023-02-08 16:09:53,2023-02-10 16:09:53,2023-02-08 17:09:53,2023-02-10 04:36:43,2023-02-08 16:23:16,2,3,Training and Consulting Services,Tier 1,United Kingdom,36.45,13,0,0,0,2019-07-10,Senior,,
Resolved,TKT-1339,Low,Email,Pricing and licensing,Kristos Westoll,2023-02-08 16:05:21,2023-02-10 16:05:21,2023-02-08 17:05:21,2023-02-09 16:52:50,2023-02-08 16:37:25,1,,Training and Consulting Services,Tier 1,Austria,24.79,32,1,0,0,2021-10-18,Mid-Level,,
Closed,TKT-1340,Low,Phone,Other,Michele Whyatt,2023-02-08 04:38:57,2023-02-10 04:38:57,2023-02-08 04:40:57,2023-02-09 03:39:36,2023-02-08 04:39:47,3,5,Ready to use Software,Tier 2,Poland,23.01,1,0,0,0,2022-04-10,Junior,,
In Progress,TKT-1341,Medium,Phone,Pricing and licensing,Kristos Westoll,2023-02-08 13:44:37,2023-02-10 13:44:37,2023-02-08 13:46:37,,2023-02-08 13:46:22,1,,Custom software development,Tier 1,Poland,,2,1,,0,2021-10-18,Mid-Level,,
Resolved,TKT-1342,Low,Email,Pricing and licensing,Michele Whyatt,2023-02-09 08:50:38,2023-02-11 08:50:38,2023-02-09 09:50:38,2023-02-10 13:49:26,2023-02-09 09:22:37,1,,Training and Consulting Services,Tier 2,Slovenia,28.98,32,1,0,0,2022-04-10,Junior,,
Resolved,TKT-1343,Low,Chat,Pricing and licensing,Kristos Westoll,2023-02-09 06:38:37,2023-02-10 06:38:37,2023-02-09 06:40:37,2023-02-10 02:18:46,2023-02-09 06:39:33,60,,Ready to use Software,Tier 1,Germany,19.67,1,0,0,0,2021-10-18,Mid-Level,,
In Progress,TKT-1344,High,Chat,Product setup,Sheela Cutten,2023-02-09 07:54:38,2023-02-10 07:54:38,2023-02-09 07:56:38,,2023-02-09 07:59:36,4,,Other,Tier 1,Italy,,5,0,,1,2019-07-10,Senior,,
Resolved,TKT-1345,Medium,Email,Product setup,Adolpho Messingham,2023-02-09 19:20:58,2023-02-11 19:20:58,2023-02-09 20:20:58,2023-02-10 06:49:49,2023-02-09 19:27:02,2,,Custom software development,Tier 2,Slovenia,11.48,6,0,0,0,2020-05-15,Mid-Level,,
In Progress,TKT-1346,Medium,Chat,Bug report,Sheela Cutten,2023-02-09 03:51:03,2023-02-10 03:51:03,2023-02-09 03:53:03,,2023-02-09 03:51:47,6,,Custom software development,Tier 1,Austria,,1,0,,0,2019-07-10,Senior,,
In Progress,TKT-1347,Low,Email,Product setup,Nicola Wane,2023-02-09 20:42:00,2023-02-11 20:42:00,2023-02-09 21:42:00,,2023-02-09 21:34:23,9,,Ready to use Software,Tier 1,Italy,,52,0,,0,2021-03-12,Mid-Level,,
Resolved,TKT-1348,High,Email,Bug report,Michele Whyatt,2023-02-09 20:34:25,2023-02-11 20:34:25,2023-02-09 21:34:25,2023-02-10 10:21:07,2023-02-09 21:19:12,6,,Training and Consulting Services,Tier 2,Germany,13.78,45,0,0,0,2022-04-10,Junior,,
Resolved,TKT-1349,Low,Email,Bug report,Sheela Cutten,2023-02-09 03:04:22,2023-02-11 03:04:22,2023-02-09 04:04:22,2023-02-10 09:37:07,2023-02-09 03:32:29,5,,Ready to use Software,Tier 1,Greece,30.55,28,0,0,0,2019-07-10,Senior,,
Closed,TKT-1350,Low,Email,Feature request,Kristos Westoll,2023-02-09 10:01:05,2023-02-11 10:01:05,2023-02-09 11:01:05,2023-02-09 14:23:58,2023-02-09 10:55:54,10,5,Other,Tier 1,Spain,4.38,55,0,0,0,2021-10-18,Mid-Level,,
In Progress,TKT-1351,Medium,Email,Purchasing and invoicing,Sheela Cutten,2023-02-09 11:28:08,2023-02-11 11:28:08,2023-02-09 12:28:08,,2023-02-09 11:52:03,3,,Custom software development,Tier 1,Greece,,24,0,,0,2019-07-10,Senior,,
In Progress,TKT-1352,Medium,Email,Product setup,Connor Danielovitch,2023-02-10 23:16:13,2023-02-12 23:16:13,2023-02-11 00:16:13,,2023-02-10 23:39:29,2,,Other,Tier 1,Republic of Ireland,,23,0,,0,2018-02-15,Senior,,
Resolved,TKT-1353,Low,Phone,Other,Connor Danielovitch,2023-02-10 21:21:01,2023-02-12 21:21:01,2023-02-10 21:23:01,2023-02-11 05:27:01,2023-02-10 21:22:07,3,,Custom software development,Tier 1,Germany,8.1,1,0,0,0,2018-02-15,Senior,,
Closed,TKT-1354,Medium,Email,Other,Nicola Wane,2023-02-10 03:56:25,2023-02-12 03:56:25,2023-02-10 04:56:25,2023-02-13 07:35:55,2023-02-10 04:01:52,10,5,Ready to use Software,Tier 1,Poland,75.66,5,0,1,0,2021-03-12,Mid-Level,,
Closed,TKT-1355,High,Phone,Pricing and licensing,Connor Danielovitch,2023-02-10 10:39:29,2023-02-12 10:39:29,2023-02-10 10:41:29,2023-02-13 09:15:16,2023-02-10 10:43:14,2,3,Ready to use Software,Tier 1,United Kingdom,70.6,4,0,1,1,2018-02-15,Senior,,
Resolved,TKT-1356,High,Chat,Pricing and licensing,Nicola Wane,2023-02-10 07:48:37,2023-02-11 07:48:37,2023-02-10 07:50:37,2023-02-11 00:46:50,2023-02-10 07:49:02,6,,Custom software development,Tier 1,Italy,16.97,0,0,0,0,2021-03-12,Mid-Level,,
Resolved,TKT-1357,Low,Email,Product setup,Kristos Westoll,2023-02-11 23:15:36,2023-02-13 23:15:36,2023-02-12 00:15:36,2023-02-13 08:12:22,2023-02-12 00:10:07,6,,Training and Consulting Services,Tier 1,Spain,32.95,55,0,0,0,2021-10-18,Mid-Level,,
In Progress,TKT-1358,Medium,Email,Bug report,Nicola Wane,2023-02-11 17:13:31,2023-02-13 17:13:31,2023-02-11 18:13:31,,2023-02-11 22:22:15,4,,Custom software development,Tier 1,Italy,,309,0,,1,2021-03-12,Mid-Level,,
Closed,TKT-1359,Medium,Chat,Product setup,Bernard Beckley,2023-02-11 23:00:44,2023-02-12 23:00:44,2023-02-11 23:02:44,2023-02-12 22:01:18,2023-02-11 23:02:37,2,3,Ready to use Software,Tier 1,United Kingdom,23.01,2,0,0,0,2019-11-20,Senior,,
Resolved,TKT-1368,High,Chat,Other,Kristos Westoll,2023-02-12 17:55:38,2023-02-13 17:55:38,2023-02-12 17:57:38,2023-02-13 17:09:39,2023-02-12 18:00:19,6,,Other,Tier 1,Spain,23.23,5,0,0,1,2021-10-18,Mid-Level,,
Closed,TKT-1372,Low,Email,Other,Nicola Wane,2023-02-12 20:50:05,2023-02-14 20:50:05,2023-02-12 21:50:05,2023-02-13 14:36:10,2023-02-12 21:02:25,5,3,Training and Consulting Services,Tier 1,United Kingdom,17.77,12,0,0,0,2021-03-12,Mid-Level,,
Resolved,TKT-1373,High,Chat,Product setup,Bernard Beckley,2023-02-12 13:46:33,2023-02-13 13:46:33,2023-02-12 13:48:33,2023-02-13 08:21:53,2023-02-12 13:47:11,6,,Ready to use Software,Tier 1,Bulgaria,18.59,1,0,0,0,2019-11-20,Senior,,
Closed,TKT-1374,High,Email,Product setup,Sheela Cutten,2023-02-13 16:58:46,2023-02-15 16:58:46,2023-02-13 17:58:46,2023-02-15 02:51:52,2023-02-13 17:26:52,7,4,Ready to use Software,Tier 1,Greece,33.88,28,0,0,0,2019-07-10,Senior,,
Closed,TKT-1375,High,Chat,Feature request,Kristos Westoll,2023-02-13 05:54:09,2023-02-14 05:54:09,2023-02-13 05:56:09,2023-02-13 09:43:22,2023-02-13 05:54:13,8,4,Custom software development,Tier 1,United Kingdom,3.82,0,0,0,0,2021-10-18,Mid-Level,,
Closed,TKT-1376,Medium,Email,Feature request,Heather Urry,2023-02-13 22:00:47,2023-02-15 22:00:47,2023-02-13 23:00:47,2023-02-14 18:30:48,2023-02-13 22:38:59,1,5,Custom software development,Tier 2,France,20.5,38,1,0,0,2022-09-25,Junior,,
Closed,TKT-1377,Medium,Chat,Product setup,Kristos Westoll,2023-02-13 15:35:36,2023-02-14 15:35:36,2023-02-13 15:37:36,2023-02-13 21:59:35,2023-02-13 15:36:45,2,5,Ready to use Software,Tier 1,Austria,6.4,1,0,0,0,2021-10-18,Mid-Level,,
In Progress,TKT-1378,High,Chat,Pricing and licensing,Nicola Wane,2023-02-13 11:51:48,2023-02-14 11:51:48,2023-02-13 11:53:48,,2023-02-13 11:53:42,6,,Other,Tier 1,Germany,,2,0,,0,2021-03-12,Mid-Level,,
Closed,TKT-1379,Low,Email,Product setup,Sheela Cutten,2023-02-14 15:59:53,2023-02-16 15:59:53,2023-02-14 16:59:53,2023-02-16 12:20:04,2023-02-14 16:11:38,3,4,Ready to use Software,Tier 1,Poland,44.34,12,0,0,0,2019-07-10,Senior,,
In Progress,TKT-1380,Low,Email,Bug report,Adolpho Messingham,2023-02-14 14:37:36,2023-02-16 14:37:36,2023-02-14 15:37:36,,2023-02-14 15:28:41,2,,Ready to use Software,Tier 2,United Kingdom,,51,0,,0,2020-05-15,Mid-Level,,
Closed,TKT-1381,Medium,Email,Pricing and licensing,Heather Urry,2023-02-14 13:50:42,2023-02-16 13:50:42,2023-02-14 14:50:42,2023-02-15 09:50:36,2023-02-14 14:34:00,1,1,Custom software development,Tier 2,Germany,20,43,1,0,0,2022-09-25,Junior,,
Resolved,TKT-1382,High,Email,Pricing and licensing,Connor Danielovitch,2023-02-14 22:46:19,2023-02-16 22:46:19,2023-02-14 23:46:19,2023-02-15 07:22:08,2023-02-14 23:57:06,3,,Other,Tier 1,Greece,8.6,71,0,0,1,2018-02-15,Senior,,
Resolved,TKT-1383,Low,Chat,Product setup,Kristos Westoll,2023-02-14 05:47:05,2023-02-15 05:47:05,2023-02-14 05:49:05,2023-02-14 09:08:57,2023-02-14 05:48:39,7,,Ready to use Software,Tier 1,Bulgaria,3.36,2,0,0,0,2021-10-18,Mid-Level,,
Resolved,TKT-1384,Low,Phone,Pricing and licensing,Kristos Westoll,2023-02-14 15:54:07,2023-02-16 15:54:07,2023-02-14 15:56:07,2023-02-14 20:39:01,2023-02-14 15:56:42,6,,Ready to use Software,Tier 1,Germany,4.75,3,0,0,1,2021-10-18,Mid-Level,,
Closed,TKT-1385,Low,Email,Product setup,Michele Whyatt,2023-02-14 10:28:47,2023-02-16 10:28:47,2023-02-14 11:28:47,2023-02-15 08:28:40,2023-02-14 10:59:14,1,1,Ready to use Software,Tier 2,Austria,22,30,1,0,0,2022-04-10,Junior,,
Closed,TKT-1386,High,Phone,Feature request,Michele Whyatt,2023-02-14 08:24:35,2023-02-16 08:24:35,2023-02-14 08:26:35,2023-02-14 17:14:24,2023-02-14 08:27:31,2,1,Other,Tier 2,Italy,8.83,3,0,0,1,2022-04-10,Junior,,
In Progress,TKT-1387,Medium,Phone,Other,Kristos Westoll,2023-02-15 18:19:14,2023-02-17 18:19:14,2023-02-15 18:21:14,,2023-02-15 18:19:28,2,,Ready to use Software,Tier 1,Poland,,0,0,,0,2021-10-18,Mid-Level,,
Closed,TKT-1388,Low,Email,Pricing and licensing,Sheela Cutten,2023-02-15 17:28:46,2023-02-17 17:28:46,2023-02-15 18:28:46,2023-02-17 12:53:44,2023-02-15 18:02:57,7,5,Ready to use Software,Tier 1,Italy,43.42,34,0,0,0,2019-07-10,Senior,,
Closed,TKT-1389,Low,Email,Pricing and licensing,Michele Whyatt,2023-02-15 17:13:03,2023-02-17 17:13:03,2023-02-15 18:13:03,2023-02-16 14:43:12,2023-02-15 17:23:53,6,1,Custom software development,Tier 2,Greece,21.5,11,0,0,0,2022-04-10,Junior,,
Resolved,TKT-1390,High,Email,Product setup,Nicola Wane,2023-02-15 02:01:20,2023-02-17 02:01:20,2023-02-15 03:01:20,2023-02-17 00:02:38,2023-02-15 02:27:28,10,,Ready to use Software,Tier 1,Poland,46.02,26,0,0,0,2021-03-12,Mid-Level,,
Resolved,TKT-1391,Low,Email,Bug report,Sheela Cutten,2023-02-15 00:06:37,2023-02-17 00:06:37,2023-02-15 01:06:37,2023-02-15 11:07:33,2023-02-15 00:23:30,8,,Ready to use Software,Tier 1,United Kingdom,11.02,17,0,0,0,2019-07-10,Senior,,
Closed,TKT-1392,Low,Email,Pricing and licensing,Bernard Beckley,2023-02-15 12:18:14,2023-02-17 12:18:14,2023-02-15 13:18:14,2023-02-18 15:38:03,2023-02-15 12:20:53,5,5,Custom software development,Tier 1,Spain,75.33,3,0,1,0,2019-11-20,Senior,,
Resolved,TKT-1393,High,Phone,Pricing and licensing,Kristos Westoll,2023-02-15 00:29:04,2023-02-17 00:29:04,2023-02-15 00:31:04,2023-02-15 17:52:43,2023-02-15 00:29:51,1,,Custom software development,Tier 1,Italy,17.39,1,1,0,0,2021-10-18,Mid-Level,,
Resolved,TKT-1394,High,Email,Pricing and licensing,Heather Urry,2023-02-15 16:04:53,2023-02-17 16:04:53,2023-02-15 17:04:53,2023-02-17 07:27:19,2023-02-15 16:15:06,1,,Ready to use Software,Tier 2,United Kingdom,39.37,10,1,0,0,2022-09-25,Junior,,
Closed,TKT-1395,Medium,Chat,Product setup,Bernard Beckley,2023-02-15 10:04:09,2023-02-16 10:04:09,2023-02-15 10:06:09,2023-02-15 17:21:21,2023-02-15 10:05:31,6,4,Other,Tier 1,Poland,7.29,1,0,0,0,2019-11-20,Senior,,
Resolved,TKT-1396,Low,Email,Purchasing and invoicing,Kristos Westoll,2023-02-15 04:35:29,2023-02-17 04:35:29,2023-02-15 05:35:29,2023-02-16 12:44:22,2023-02-15 06:58:33,1,,Ready to use Software,Tier 1,Italy,32.15,143,1,0,1,2021-10-18,Mid-Level,,
Resolved,TKT-1397,Low,Email,Product setup,Sheela Cutten,2023-02-16 00:26:24,2023-02-18 00:26:24,2023-02-16 01:26:24,2023-02-16 06:30:34,2023-02-16 00:55:24,1,,Other,Tier 1,Bulgaria,6.07,29,1,0,0,2019-07-10,Senior,,
Closed,TKT-1398,High,Email,Feature request,Sheela Cutten,2023-02-16 07:38:48,2023-02-18 07:38:48,2023-02-16 08:38:48,2023-02-17 18:32:13,2023-02-16 08:18:49,9,4,Ready to use Software,Tier 1,Germany,34.89,40,0,0,0,2019-07-10,Senior,,
In Progress,TKT-1399,Medium,Chat,Pricing and licensing,Michele Whyatt,2023-02-16 12:00:03,2023-02-17 12:00:03,2023-02-16 12:02:03,,2023-02-16 12:01:20,60,,Custom software development,Tier 2,Poland,,1,0,,0,2022-04-10,Junior,,
Closed,TKT-1400,Medium,Chat,Product setup,Nicola Wane,2023-02-16 18:57:00,2023-02-17 18:57:00,2023-02-16 18:59:00,2023-02-16 23:33:58,2023-02-16 18:57:39,6,4,Training and Consulting Services,Tier 1,Slovenia,4.62,1,0,0,0,2021-03-12,Mid-Level,,
Resolved,TKT-1401,Low,Email,Product setup,Heather Urry,2023-02-16 06:49:55,2023-02-18 06:49:55,2023-02-16 07:49:55,2023-02-16 21:16:34,2023-02-16 07:09:33,1,,Custom software development,Tier 2,Poland,14.44,20,1,0,0,2022-09-25,Junior,,
Resolved,TKT-1402,Low,Chat,Product setup,Bernard Beckley,2023-02-17 21:06:58,2023-02-18 21:06:58,2023-02-17 21:08:58,2023-02-18 15:04:41,2023-02-17 21:11:16,6,,Training and Consulting Services,Tier 1,Germany,17.96,4,0,0,1,2019-11-20,Senior,,
In Progress,TKT-1403,Low,Email,Product setup,Bernard Beckley,2023-02-17 07:44:46,2023-02-19 07:44:46,2023-02-17 08:44:46,,2023-02-17 08:16:25,5,,Other,Tier 1,Italy,,32,0,,0,2019-11-20,Senior,,
Resolved,TKT-1404,Low,Email,Product setup,Heather Urry,2023-02-17 15:53:25,2023-02-19 15:53:25,2023-02-17 16:53:25,2023-02-19 07:10:47,2023-02-17 15:59:56,4,,Other,Tier 2,Poland,39.29,7,0,0,0,2022-09-25,Junior,,
Resolved,TKT-1405,Low,Email,Pricing and licensing,Sheela Cutten,2023-02-17 02:42:19,2023-02-19 02:42:19,2023-02-17 03:42:19,2023-02-18 12:14:14,2023-02-17 03:25:04,1,,Custom software development,Tier 1,Germany,33.53,43,1,0,0,2019-07-10,Senior,,
In Progress,TKT-1406,Low,Email,Pricing and licensing,Connor Danielovitch,2023-02-17 04:27:39,2023-02-19 04:27:39,2023-02-17 05:27:39,,2023-02-17 05:02:23,2,,Other,Tier 1,United Kingdom,,35,0,,0,2018-02-15,Senior,,
In Progress,TKT-1407,Medium,Email,Pricing and licensing,Bernard Beckley,2023-02-17 19:44:39,2023-02-19 19:44:39,2023-02-17 20:44:39,,2023-02-18 00:25:35,1,,Custom software development,Tier 1,Italy,,281,1,,1,2019-11-20,Senior,,
Closed,TKT-1408,Low,Email,Feature request,Kristos Westoll,2023-02-17 03:04:37,2023-02-19 03:04:37,2023-02-17 04:04:37,2023-02-17 05:15:44,2023-02-17 03:15:53,9,2,Custom software development,Tier 1,Poland,2.19,11,0,0,0,2021-10-18,Mid-Level,,
Resolved,TKT-1409,High,Phone,Feature request,Heather Urry,2023-02-17 12:53:12,2023-02-19 12:53:12,2023-02-17 12:55:12,2023-02-17 18:56:52,2023-02-17 12:54:47,2,,Ready to use Software,Tier 2,Slovenia,6.06,2,0,0,0,2022-09-25,Junior,,
Closed,TKT-1410,High,Email,Product setup,Adolpho Messingham,2023-02-17 11:53:04,2023-02-19 11:53:04,2023-02-17 12:53:04,2023-02-17 20:58:47,2023-02-17 12:50:04,5,5,Other,Tier 2,Republic of Ireland,9.1,57,0,0,0,2020-05-15,Mid-Level,,
Open,TKT-1411,Medium,Email,Pricing and licensing,Kristos Westoll,2023-02-18 01:40:47,2023-02-20 01:40:47,2023-02-18 02:40:47,,,,,Ready to use Software,Tier 1,Spain,,,,,,2021-10-18,Mid-Level,,
Resolved,TKT-1412,High,Email,Feature request,Adolpho Messingham,2023-02-18 01:11:10,2023-02-20 01:11:10,2023-02-18 02:11:10,2023-02-23 10:16:46,2023-02-18 01:56:03,2,,Ready to use Software,Tier 2,Greece,129.09,45,0,1,0,2020-05-15,Mid-Level,,
Closed,TKT-1413,High,Email,Product setup,Heather Urry,2023-02-18 10:17:59,2023-02-20 10:17:59,2023-02-18 11:17:59,2023-02-20 15:00:00,2023-02-18 11:00:22,1,4,Ready to use Software,Tier 2,Austria,52.7,42,1,1,0,2022-09-25,Junior,,
Closed,TKT-1420,Low,Email,Purchasing and invoicing,Bernard Beckley,2023-02-19 00:43:57,2023-02-21 00:43:57,2023-02-19 01:43:57,2023-02-20 06:53:05,2023-02-19 01:01:40,10,4,Other,Tier 1,United Kingdom,30.15,18,0,0,0,2019-11-20,Senior,,
Closed,TKT-1421,Medium,Email,Purchasing and invoicing,Kristos Westoll,2023-02-19 22:39:31,2023-02-21 22:39:31,2023-02-19 23:39:31,2023-02-21 00:56:25,2023-02-19 23:27:32,9,5,Other,Tier 1,Spain,26.28,48,0,0,0,2021-10-18,Mid-Level,,
Resolved,TKT-1422,Medium,Phone,Feature request,Connor Danielovitch,2023-02-19 22:29:15,2023-02-21 22:29:15,2023-02-19 22:31:15,2023-02-21 18:37:04,2023-02-19 22:32:09,1,,Other,Tier 1,United Kingdom,44.13,3,1,0,1,2018-02-15,Senior,,
Open,TKT-1423,Low,Email,Feature request,Kristos Westoll,2023-02-19 07:26:50,2023-02-21 07:26:50,2023-02-19 08:26:50,,,,,Other,Tier 1,United Kingdom,,,,,,2021-10-18,Mid-Level,,
Closed,TKT-1424,Low,Phone,Pricing and licensing,Bernard Beckley,2023-02-19 00:21:43,2023-02-21 00:21:43,2023-02-19 00:23:43,2023-02-20 02:58:47,2023-02-19 00:22:15,2,5,Ready to use Software,Tier 1,Poland,26.62,1,0,0,0,2019-11-20,Senior,,
Closed,TKT-1425,Medium,Email,Pricing and licensing,Bernard Beckley,2023-02-19 04:46:26,2023-02-21 04:46:26,2023-02-19 05:46:26,2023-02-20 10:42:07,2023-02-19 04:50:10,8,1,Custom software development,Tier 1,United Kingdom,29.93,4,0,0,0,2019-11-20,Senior,,
Resolved,TKT-1426,Medium,Phone,Training request,Michele Whyatt,2023-02-20 03:12:04,2023-02-22 03:12:04,2023-02-20 03:14:04,2023-02-21 15:04:02,2023-02-20 03:12:05,6,,Training and Consulting Services,Tier 2,Germany,35.87,0,0,0,0,2022-04-10,Junior,,
Resolved,TKT-1427,Medium,Email,Bug report,Nicola Wane,2023-02-20 06:04:53,2023-02-22 06:04:53,2023-02-20 07:04:53,2023-02-21 23:56:36,2023-02-20 06:39:18,2,,Ready to use Software,Tier 1,Greece,41.86,34,0,0,0,2021-03-12,Mid-Level,,
Resolved,TKT-1428,Medium,Email,Purchasing and invoicing,Nicola Wane,2023-02-20 08:22:32,2023-02-22 08:22:32,2023-02-20 09:22:32,2023-02-21 19:47:22,2023-02-20 09:19:06,3,,Other,Tier 1,Czech Republic,35.41,57,0,0,0,2021-03-12,Mid-Level,,
Resolved,TKT-1429,Low,Email,Feature request,Adolpho Messingham,2023-02-20 17:13:46,2023-02-22 17:13:46,2023-02-20 18:13:46,2023-02-21 18:04:01,2023-02-20 18:04:32,2,,Other,Tier 2,Italy,24.84,51,0,0,0,2020-05-15,Mid-Level,,
Closed,TKT-1430,Low,Email,Product setup,Nicola Wane,2023-02-20 21:22:01,2023-02-22 21:22:01,2023-02-20 22:22:01,2023-02-20 23:14:04,2023-02-20 21:55:56,1,1,Other,Tier 1,Slovenia,1.87,34,1,0,0,2021-03-12,Mid-Level,,
Resolved,TKT-1431,Low,Chat,Purchasing and invoicing,Heather Urry,2023-02-20 22:01:33,2023-02-21 22:01:33,2023-02-20 22:03:33,2023-02-21 10:33:22,2023-02-20 22:04:06,2,,Custom software development,Tier 2,Germany,12.53,3,0,0,1,2022-09-25,Junior,,
Resolved,TKT-1432,Medium,Email,Feature request,Bernard Beckley,2023-02-20 02:07:52,2023-02-22 02:07:52,2023-02-20 03:07:52,2023-02-20 17:37:23,2023-02-20 02:46:20,1,,Other,Tier 1,Greece,15.49,38,1,0,0,2019-11-20,Senior,,
Closed,TKT-1433,Low,Chat,Pricing and licensing,Heather Urry,2023-02-20 21:27:54,2023-02-21 21:27:54,2023-02-20 21:29:54,2023-02-21 21:00:53,2023-02-20 21:29:46,2,5,Ready to use Software,Tier 2,Italy,23.55,2,0,0,0,2022-09-25,Junior,,
In Progress,TKT-1434,Low,Email,Pricing and licensing,Michele Whyatt,2023-02-20 11:10:43,2023-02-22 11:10:43,2023-02-20 12:10:43,,2023-02-20 11:14:31,2,,Training and Consulting Services,Tier 2,Austria,,4,0,,0,2022-04-10,Junior,,
Closed,TKT-1435,High,Phone,Product setup,Heather Urry,2023-02-21 19:30:54,2023-02-23 19:30:54,2023-02-21 19:32:54,2023-02-22 21:05:05,2023-02-21 19:31:02,1,3,Ready to use Software,Tier 2,Italy,25.57,0,1,0,0,2022-09-25,Junior,,
In Progress,TKT-1436,High,Chat,Product setup,Sheela Cutten,2023-02-21 04:21:55,2023-02-22 04:21:55,2023-02-21 04:23:55,,2023-02-21 04:23:35,4,,Training and Consulting Services,Tier 1,Italy,,2,0,,0,2019-07-10,Senior,,
In Progress,TKT-1437,Low,Chat,Pricing and licensing,Nicola Wane,2023-02-21 11:56:08,2023-02-22 11:56:08,2023-02-21 11:58:08,,2023-02-21 11:57:49,6,,Other,Tier 1,Germany,,2,0,,0,2021-03-12,Mid-Level,,
In Progress,TKT-1438,High,Email,Other,Bernard Beckley,2023-02-21 17:45:06,2023-02-23 17:45:06,2023-02-21 18:45:06,,2023-02-21 18:16:20,1,,Custom software development,Tier 1,Poland,,31,1,,0,2019-11-20,Senior,,
Closed,TKT-1439,Medium,Email,Pricing and licensing,Nicola Wane,2023-02-21 21:30:05,2023-02-23 21:30:05,2023-02-21 22:30:05,2023-02-23 11:59:47,2023-02-21 22:08:39,2,1,Ready to use Software,Tier 1,Austria,38.5,39,0,0,0,2021-03-12,Mid-Level,,
Resolved,TKT-1440,Medium,Email,Bug report,Kristos Westoll,2023-02-22 01:36:39,2023-02-24 01:36:39,2023-02-22 02:36:39,2023-02-25 15:30:15,2023-02-22 01:47:14,6,,Ready to use Software,Tier 1,Poland,85.89,11,0,1,0,2021-10-18,Mid-Level,,
Resolved,TKT-1441,Medium,Chat,Pricing and licensing,Connor Danielovitch,2023-02-22 15:41:33,2023-02-23 15:41:33,2023-02-22 15:43:33,2023-02-22 23:55:15,2023-02-22 15:43:14,4,,Ready to use Software,Tier 1,Italy,8.23,2,0,0,0,2018-02-15,Senior,,
In Progress,TKT-1442,Low,Email,Pricing and licensing,Kristos Westoll,2023-02-22 16:13:29,2023-02-24 16:13:29,2023-02-22 17:13:29,,2023-02-22 20:30:12,2,,Custom software development,Tier 1,Austria,,257,0,,1,2021-10-18,Mid-Level,,
Resolved,TKT-1443,Low,Email,Training request,Heather Urry,2023-02-22 03:36:16,2023-02-24 03:36:16,2023-02-22 04:36:16,2023-02-22 23:45:08,2023-02-22 04:07:03,1,,Training and Consulting Services,Tier 2,Czech Republic,20.15,31,1,0,0,2022-09-25,Junior,,
Resolved,TKT-1444,Low,Email,Pricing and licensing,Kristos Westoll,2023-02-22 17:31:18,2023-02-24 17:31:18,2023-02-22 18:31:18,2023-02-23 22:15:14,2023-02-22 18:07:30,10,,Training and Consulting Services,Tier 1,France,28.73,36,0,0,0,2021-10-18,Mid-Level,,
Closed,TKT-1445,Medium,Email,Bug report,Michele Whyatt,2023-02-23 07:34:07,2023-02-25 07:34:07,2023-02-23 08:34:07,2023-02-24 03:24:29,2023-02-23 08:27:04,10,5,Custom software development,Tier 2,Poland,19.84,53,0,0,0,2022-04-10,Junior,,
In Progress,TKT-1446,Low,Email,Training request,Kristos Westoll,2023-02-23 12:45:18,2023-02-25 12:45:18,2023-02-23 13:45:18,,2023-02-23 13:20:11,9,,Training and Consulting Services,Tier 1,Germany,,35,0,,0,2021-10-18,Mid-Level,,
In Progress,TKT-1447,High,Email,Product setup,Bernard Beckley,2023-02-23 01:02:33,2023-02-25 01:02:33,2023-02-23 02:02:33,,2023-02-23 01:19:03,3,,Ready to use Software,Tier 1,Czech Republic,,17,0,,0,2019-11-20,Senior,,
In Progress,TKT-1448,Low,Chat,Pricing and licensing,Nicola Wane,2023-02-23 20:11:55,2023-02-24 20:11:55,2023-02-23 20:13:55,,2023-02-23 20:12:54,6,,Custom software development,Tier 1,Italy,,1,0,,0,2021-03-12,Mid-Level,,
Closed,TKT-1449,High,Chat,Purchasing and invoicing,Adolpho Messingham,2023-02-24 04:39:16,2023-02-25 04:39:16,2023-02-24 04:41:16,2023-02-25 00:35:50,2023-02-24 04:43:41,6,3,Ready to use Software,Tier 2,Italy,19.94,4,0,0,1,2020-05-15,Mid-Level,,
Closed,TKT-1450,Low,Chat,Bug report,Nicola Wane,2023-02-24 09:50:10,2023-02-25 09:50:10,2023-02-24 09:52:10,2023-02-24 12:22:35,2023-02-24 09:52:02,2,4,Ready to use Software,Tier 1,France,2.54,2,0,0,0,2021-03-12,Mid-Level,,
In Progress,TKT-1451,High,Email,Purchasing and invoicing,Nicola Wane,2023-02-24 09:10:47,2023-02-26 09:10:47,2023-02-24 10:10:47,,2023-02-24 09:15:30,2,,Training and Consulting Services,Tier 1,France,,5,0,,0,2021-03-12,Mid-Level,,
In Progress,TKT-1452,Low,Email,Other,Heather Urry,2023-02-24 04:28:22,2023-02-26 04:28:22,2023-02-24 05:28:22,,2023-02-24 04:44:06,7,,Custom software development,Tier 2,Austria,,16,0,,0,2022-09-25,Junior,,
Closed,TKT-1453,High,Email,Pricing and licensing,Nicola Wane,2023-02-24 21:10:42,2023-02-26 21:10:42,2023-02-24 22:10:42,2023-02-26 03:21:22,2023-02-24 21:40:04,6,1,Custom software development,Tier 1,Germany,30.18,29,0,0,0,2021-03-12,Mid-Level,,
In Progress,TKT-1454,Low,Email,Pricing and licensing,Nicola Wane,2023-02-25 01:51:32,2023-02-27 01:51:32,2023-02-25 02:51:32,,2023-02-25 06:52:32,1,,Custom software development,Tier 1,Germany,,301,1,,1,2021-03-12,Mid-Level,,
Closed,TKT-1455,Medium,Email,Bug report,Bernard Beckley,2023-02-25 14:45:30,2023-02-27 14:45:30,2023-02-25 15:45:30,2023-02-26 22:23:28,2023-02-25 14:59:47,10,5,Ready to use Software,Tier 1,Czech Republic,31.63,14,0,0,0,2019-11-20,Senior,,
Closed,TKT-1466,High,Email,Product setup,Kristos Westoll,2023-02-26 08:44:33,2023-02-28 08:44:33,2023-02-26 09:44:33,2023-02-28 05:27:26,2023-02-26 08:44:37,10,3,Other,Tier 1,Republic of Ireland,44.71,0,0,0,0,2021-10-18,Mid-Level,,
Resolved,TKT-1467,High,Chat,Other,Sheela Cutten,2023-02-26 03:47:31,2023-02-27 03:47:31,2023-02-26 03:49:31,2023-02-26 06:00:10,2023-02-26 03:48:19,2,,Ready to use Software,Tier 1,Greece,2.21,1,0,0,0,2019-07-10,Senior,,
Closed,TKT-1468,Low,Email,Feature request,Kristos Westoll,2023-02-26 21:50:54,2023-02-28 21:50:54,2023-02-26 22:50:54,2023-03-04 00:05:57,2023-02-26 22:39:15,1,2,Ready to use Software,Tier 1,Germany,122.25,48,1,1,0,2021-10-18,Mid-Level,,
Closed,TKT-1469,High,Phone,Pricing and licensing,Sheela Cutten,2023-02-26 18:41:30,2023-02-28 18:41:30,2023-02-26 18:43:30,2023-02-28 18:30:06,2023-02-26 18:42:19,1,2,Ready to use Software,Tier 1,Czech Republic,47.81,1,1,0,0,2019-07-10,Senior,,
Closed,TKT-1470,Medium,Chat,Pricing and licensing,Connor Danielovitch,2023-02-27 17:25:50,2023-02-28 17:25:50,2023-02-27 17:27:50,2023-02-27 17:58:27,2023-02-27 17:26:15,2,5,Custom software development,Tier 1,Slovenia,0.54,0,0,0,0,2018-02-15,Senior,,
In Progress,TKT-1471,Medium,Chat,Pricing and licensing,Michele Whyatt,2023-02-27 02:21:58,2023-02-28 02:21:58,2023-02-27 02:23:58,,2023-02-27 02:23:24,6,,Custom software development,Tier 2,Germany,,1,0,,0,2022-04-10,Junior,,
Closed,TKT-1472,Medium,Chat,Feature request,Kristos Westoll,2023-02-27 15:33:36,2023-02-28 15:33:36,2023-02-27 15:35:36,2023-02-27 23:50:12,2023-02-27 15:34:13,4,5,Ready to use Software,Tier 1,Greece,8.28,1,0,0,0,2021-10-18,Mid-Level,,
Closed,TKT-1473,Medium,Chat,Pricing and licensing,Nicola Wane,2023-02-27 22:04:36,2023-02-28 22:04:36,2023-02-27 22:06:36,2023-02-28 01:25:22,2023-02-27 22:06:20,4,4,Custom software development,Tier 1,Austria,3.35,2,0,0,0,2021-03-12,Mid-Level,,
Closed,TKT-1474,Low,Chat,Product setup,Adolpho Messingham,2023-02-28 07:57:24,2023-03-01 07:57:24,2023-02-28 07:59:24,2023-02-28 20:26:45,2023-02-28 08:01:00,5,4,Ready to use Software,Tier 2,Slovenia,12.49,4,0,0,1,2020-05-15,Mid-Level,,
In Progress,TKT-1475,High,Chat,Bug report,Bernard Beckley,2023-02-28 12:00:49,2023-03-01 12:00:49,2023-02-28 12:02:49,,2023-02-28 12:01:00,6,,Custom software development,Tier 1,Poland,,0,0,,0,2019-11-20,Senior,,
Resolved,TKT-1476,Low,Chat,Pricing and licensing,Kristos Westoll,2023-02-28 22:29:10,2023-03-01 22:29:10,2023-02-28 22:31:10,2023-03-01 17:11:04,2023-02-28 22:30:24,8,,Custom software development,Tier 1,Bulgaria,18.7,1,0,0,0,2021-10-18,Mid-Level,,
Resolved,TKT-1477,Low,Chat,Purchasing and invoicing,Sheela Cutten,2023-02-28 18:38:27,2023-03-01 18:38:27,2023-02-28 18:40:27,2023-02-28 21:58:58,2023-02-28 18:42:40,6,,Custom software development,Tier 1,Poland,3.34,4,0,0,1,2019-07-10,Senior,,
Closed,TKT-1478,High,Email,Bug report,Bernard Beckley,2023-02-28 17:42:31,2023-03-02 17:42:31,2023-02-28 18:42:31,2023-03-01 13:03:45,2023-02-28 17:46:03,2,4,Custom software development,Tier 1,Czech Republic,19.35,4,0,0,0,2019-11-20,Senior,,
In Progress,TKT-1479,Medium,Phone,Pricing and licensing,Connor Danielovitch,2023-02-28 04:14:22,2023-03-02 04:14:22,2023-02-28 04:16:22,,2023-02-28 04:14:39,1,,Custom software development,Tier 1,Germany,,0,1,,0,2018-02-15,Senior,,
Closed,TKT-1480,Low,Chat,Other,Michele Whyatt,2023-02-28 10:13:16,2023-03-01 10:13:16,2023-02-28 10:15:16,2023-03-01 03:14:59,2023-02-28 10:14:07,9,1,Ready to use Software,Tier 2,Poland,17.03,1,0,0,0,2022-04-10,Junior,,
Closed,TKT-1481,Low,Phone,Product setup,Bernard Beckley,2023-02-28 13:27:04,2023-03-02 13:27:04,2023-02-28 13:29:04,2023-03-01 20:46:07,2023-02-28 13:28:04,7,5,Other,Tier 1,United Kingdom,31.32,1,0,0,0,2019-11-20,Senior,,
Closed,TKT-1482,Low,Email,Bug report,Michele Whyatt,2023-03-01 22:02:52,2023-03-03 22:02:52,2023-03-01 23:02:52,2023-03-02 10:58:24,2023-03-01 22:54:39,8,5,Training and Consulting Services,Tier 2,Poland,12.93,52,0,0,0,2022-04-10,Junior,,
Closed,TKT-1483,Low,Phone,Product setup,Connor Danielovitch,2023-03-01 23:03:38,2023-03-03 23:03:38,2023-03-01 23:05:38,2023-03-03 15:08:18,2023-03-01 23:04:45,4,4,Ready to use Software,Tier 1,Republic of Ireland,40.08,1,0,0,0,2018-02-15,Senior,,
Closed,TKT-1484,Low,Phone,Purchasing and invoicing,Kristos Westoll,2023-03-01 09:33:46,2023-03-03 09:33:46,2023-03-01 09:35:46,2023-03-02 05:13:30,2023-03-01 09:36:29,4,4,Ready to use Software,Tier 1,Italy,19.66,3,0,0,1,2021-10-18,Mid-Level,,
Resolved,TKT-1485,Low,Email,Product setup,Michele Whyatt,2023-03-01 18:50:42,2023-03-03 18:50:42,2023-03-01 19:50:42,2023-03-02 20:50:25,2023-03-01 19:11:19,2,,Custom software development,Tier 2,Italy,26,21,0,0,0,2022-04-10,Junior,,
Closed,TKT-1486,Low,Email,Product setup,Nicola Wane,2023-03-01 06:21:31,2023-03-03 06:21:31,2023-03-01 07:21:31,2023-03-02 04:46:21,2023-03-01 06:23:37,7,3,Other,Tier 1,Italy,22.41,2,0,0,0,2021-03-12,Mid-Level,,
Closed,TKT-1487,Low,Chat,Pricing and licensing,Nicola Wane,2023-03-02 23:55:40,2023-03-03 23:55:40,2023-03-02 23:57:40,2023-03-03 04:43:26,2023-03-02 23:57:34,5,4,Ready to use Software,Tier 1,France,4.8,2,0,0,0,2021-03-12,Mid-Level,,
Resolved,TKT-1488,Low,Email,Pricing and licensing,Connor Danielovitch,2023-03-02 03:37:30,2023-03-04 03:37:30,2023-03-02 04:37:30,2023-03-03 02:13:16,2023-03-02 06:50:04,1,,Ready to use Software,Tier 1,Spain,22.6,193,1,0,1,2018-02-15,Senior,,
Closed,TKT-1489,High,Phone,Feature request,Kristos Westoll,2023-03-02 07:15:57,2023-03-04 07:15:57,2023-03-02 07:17:57,2023-03-03 09:51:10,2023-03-02 07:21:52,2,4,Ready to use Software,Tier 1,Germany,26.59,6,0,0,1,2021-10-18,Mid-Level,,
Resolved,TKT-1490,Low,Chat,Bug report,Heather Urry,2023-03-02 20:46:03,2023-03-03 20:46:03,2023-03-02 20:48:03,2023-03-03 07:27:26,2023-03-02 20:47:32,5,,Ready to use Software,Tier 2,Greece,10.69,1,0,0,0,2022-09-25,Junior,,
Resolved,TKT-1491,Low,Chat,Other,Adolpho Messingham,2023-03-02 00:14:40,2023-03-03 00:14:40,2023-03-02 00:16:40,2023-03-02 06:22:49,2023-03-02 00:16:06,3,,Custom software development,Tier 2,Bulgaria,6.14,1,0,0,0,2020-05-15,Mid-Level,,
Resolved,TKT-1492,Low,Email,Feature request,Nicola Wane,2023-03-02 12:11:42,2023-03-04 12:11:42,2023-03-02 13:11:42,2023-03-03 04:06:41,2023-03-02 12:58:52,1,,Ready to use Software,Tier 1,Italy,15.92,47,1,0,0,2021-03-12,Mid-Level,,
Closed,TKT-1493,Low,Email,Product setup,Connor Danielovitch,2023-03-02 04:22:49,2023-03-04 04:22:49,2023-03-02 05:22:49,2023-03-03 20:18:33,2023-03-02 04:34:46,9,5,Ready to use Software,Tier 1,Bulgaria,39.93,12,0,0,0,2018-02-15,Senior,,
Closed,TKT-1494,Medium,Email,Product setup,Bernard Beckley,2023-03-02 15:32:25,2023-03-04 15:32:25,2023-03-02 16:32:25,2023-03-02 21:26:26,2023-03-02 15:34:54,9,1,Other,Tier 1,United Kingdom,5.9,2,0,0,0,2019-11-20,Senior,,
In Progress,TKT-1495,Medium,Chat,Feature request,Connor Danielovitch,2023-03-02 17:46:57,2023-03-03 17:46:57,2023-03-02 17:48:57,,2023-03-02 17:48:48,6,,Ready to use Software,Tier 1,France,,2,0,,0,2018-02-15,Senior,,
Resolved,TKT-1496,Medium,Phone,Feature request,Kristos Westoll,2023-03-02 22:28:26,2023-03-04 22:28:26,2023-03-02 22:30:26,2023-03-07 10:24:19,2023-03-02 22:30:35,1,,Ready to use Software,Tier 1,Slovenia,107.93,2,1,1,1,2021-10-18,Mid-Level,,
Resolved,TKT-1497,Medium,Chat,Purchasing and invoicing,Kristos Westoll,2023-03-03 16:18:18,2023-03-04 16:18:18,2023-03-03 16:20:18,2023-03-09 02:46:46,2023-03-03 16:19:41,6,,Ready to use Software,Tier 1,Slovenia,130.47,1,0,1,0,2021-10-18,Mid-Level,,
In Progress,TKT-1498,Low,Email,Product setup,Kristos Westoll,2023-03-03 13:32:16,2023-03-05 13:32:16,2023-03-03 14:32:16,,2023-03-03 14:28:07,2,,Training and Consulting Services,Tier 1,Poland,,56,0,,0,2021-10-18,Mid-Level,,
Resolved,TKT-1499,Low,Chat,Product setup,Kristos Westoll,2023-03-03 21:03:44,2023-03-04 21:03:44,2023-03-03 21:05:44,2023-03-04 14:17:01,2023-03-03 21:03:46,8,,Ready to use Software,Tier 1,Spain,17.22,0,0,0,0,2021-10-18,Mid-Level,,
In Progress,TKT-1500,Medium,Email,Pricing and licensing,Nicola Wane,2023-03-03 06:08:20,2023-03-05 06:08:20,2023-03-03 07:08:20,,2023-03-03 06:46:14,1,,Custom software development,Tier 1,Greece,,38,1,,0,2021-03-12,Mid-Level,,
Closed,TKT-1501,Low,Email,Purchasing and invoicing,Connor Danielovitch,2023-03-04 07:14:23,2023-03-06 07:14:23,2023-03-04 08:14:23,2023-03-05 06:47:22,2023-03-04 08:13:37,6,3,Custom software development,Tier 1,United Kingdom,23.55,59,0,0,0,2018-02-15,Senior,,
Resolved,TKT-1502,Low,Chat,Other,Connor Danielovitch,2023-03-04 18:27:23,2023-03-05 18:27:23,2023-03-04 18:29:23,2023-03-05 06:00:45,2023-03-04 18:27:30,60,,Ready to use Software,Tier 1,Greece,11.56,0,0,0,0,2018-02-15,Senior,,
In Progress,TKT-1503,Low,Email,Other,Nicola Wane,2023-03-04 10:20:16,2023-03-06 10:20:16,2023-03-04 11:20:16,,2023-03-04 15:18:01,9,,Custom software development,Tier 1,Austria,,298,0,,1,2021-03-12,Mid-Level,,
Resolved,TKT-1504,Low,Email,Purchasing and invoicing,Nicola Wane,2023-03-04 17:46:47,2023-03-06 17:46:47,2023-03-04 18:46:47,2023-03-05 18:51:13,2023-03-04 18:36:49,5,,Other,Tier 1,Poland,25.07,50,0,0,0,2021-03-12,Mid-Level,,
Closed,TKT-1512,High,Email,Pricing and licensing,Nicola Wane,2023-03-05 15:14:42,2023-03-07 15:14:42,2023-03-05 16:14:42,2023-03-06 10:13:39,2023-03-05 15:41:36,1,4,Custom software development,Tier 1,Poland,18.98,27,1,0,0,2021-03-12,Mid-Level,,
Closed,TKT-1513,Low,Chat,Training request,Adolpho Messingham,2023-03-05 03:42:25,2023-03-06 03:42:25,2023-03-05 03:44:25,2023-03-05 04:06:04,2023-03-05 03:43:46,6,4,Training and Consulting Services,Tier 2,Greece,0.39,1,0,0,0,2020-05-15,Mid-Level,,
Closed,TKT-1514,Low,Email,Feature request,Nicola Wane,2023-03-05 07:03:21,2023-03-07 07:03:21,2023-03-05 08:03:21,2023-03-07 04:09:54,2023-03-05 08:00:55,3,3,Ready to use Software,Tier 1,Austria,45.11,58,0,0,0,2021-03-12,Mid-Level,,
Resolved,TKT-1515,Low,Email,Feature request,Nicola Wane,2023-03-05 04:57:01,2023-03-07 04:57:01,2023-03-05 05:57:01,2023-03-06 23:59:58,2023-03-05 05:36:34,2,,Custom software development,Tier 1,Czech Republic,43.05,40,0,0,0,2021-03-12,Mid-Level,,
Resolved,TKT-1516,Low,Email,Other,Kristos Westoll,2023-03-05 07:34:22,2023-03-07 07:34:22,2023-03-05 08:34:22,2023-03-06 16:20:27,2023-03-05 07:45:47,2,,Custom software development,Tier 1,Germany,32.77,11,0,0,0,2021-10-18,Mid-Level,,
Closed,TKT-1517,Low,Chat,Pricing and licensing,Sheela Cutten,2023-03-06 10:44:14,2023-03-07 10:44:14,2023-03-06 10:46:14,2023-03-09 07:26:40,2023-03-06 10:46:00,6,4,Ready to use Software,Tier 1,Greece,68.71,2,0,1,0,2019-07-10,Senior,,
Closed,TKT-1518,Low,Chat,Feature request,Connor Danielovitch,2023-03-06 10:48:32,2023-03-07 10:48:32,2023-03-06 10:50:32,2023-03-06 11:41:58,2023-03-06 10:49:22,7,4,Ready to use Software,Tier 1,Italy,0.89,1,0,0,0,2018-02-15,Senior,,
Closed,TKT-1519,Low,Phone,Pricing and licensing,Heather Urry,2023-03-06 07:01:46,2023-03-08 07:01:46,2023-03-06 07:03:46,2023-03-06 12:51:27,2023-03-06 07:03:34,4,4,Custom software development,Tier 2,United Kingdom,5.83,2,0,0,0,2022-09-25,Junior,,
In Progress,TKT-1520,Low,Chat,Pricing and licensing,Bernard Beckley,2023-03-06 21:19:53,2023-03-07 21:19:53,2023-03-06 21:21:53,,2023-03-06 21:21:26,6,,Custom software development,Tier 1,Bulgaria,,2,0,,0,2019-11-20,Senior,,
In Progress,TKT-1521,Low,Chat,Pricing and licensing,Heather Urry,2023-03-06 10:20:35,2023-03-07 10:20:35,2023-03-06 10:22:35,,2023-03-06 10:23:37,6,,Ready to use Software,Tier 2,Italy,,3,0,,1,2022-09-25,Junior,,
Closed,TKT-1522,Medium,Email,Purchasing and invoicing,Bernard Beckley,2023-03-06 06:16:39,2023-03-08 06:16:39,2023-03-06 07:16:39,2023-03-07 21:24:53,2023-03-06 10:22:09,8,4,Other,Tier 1,Czech Republic,39.14,246,0,0,1,2019-11-20,Senior,,
Closed,TKT-1523,High,Chat,Pricing and licensing,Sheela Cutten,2023-03-06 12:24:32,2023-03-07 12:24:32,2023-03-06 12:26:32,2023-03-06 23:54:51,2023-03-06 12:24:54,3,3,Other,Tier 1,Republic of Ireland,11.51,0,0,0,0,2019-07-10,Senior,,
Closed,TKT-1524,Medium,Chat,Feature request,Bernard Beckley,2023-03-06 07:24:21,2023-03-07 07:24:21,2023-03-06 07:26:21,2023-03-06 13:09:32,2023-03-06 07:25:33,4,4,Custom software development,Tier 1,France,5.75,1,0,0,0,2019-11-20,Senior,,
Resolved,TKT-1525,High,Email,Pricing and licensing,Sheela Cutten,2023-03-06 15:56:32,2023-03-08 15:56:32,2023-03-06 16:56:32,2023-03-07 08:25:55,2023-03-06 16:19:03,4,,Ready to use Software,Tier 1,Slovenia,16.49,23,0,0,0,2019-07-10,Senior,,
In Progress,TKT-1526,Medium,Email,Bug report,Nicola Wane,2023-03-06 07:21:44,2023-03-08 07:21:44,2023-03-06 08:21:44,,2023-03-06 07:57:56,2,,Ready to use Software,Tier 1,Italy,,36,0,,0,2021-03-12,Mid-Level,,
In Progress,TKT-1527,High,Email,Product setup,Adolpho Messingham,2023-03-06 18:06:51,2023-03-08 18:06:51,2023-03-06 19:06:51,,2023-03-06 18:27:13,7,,Training and Consulting Services,Tier 2,United Kingdom,,20,0,,0,2020-05-15,Mid-Level,,
Resolved,TKT-1528,Low,Phone,Pricing and licensing,Connor Danielovitch,2023-03-06 04:37:11,2023-03-08 04:37:11,2023-03-06 04:39:11,2023-03-07 18:57:16,2023-03-06 04:37:27,3,,Ready to use Software,Tier 1,United Kingdom,38.33,0,0,0,0,2018-02-15,Senior,,
Closed,TKT-1529,Medium,Chat,Feature request,Adolpho Messingham,2023-03-06 04:25:30,2023-03-07 04:25:30,2023-03-06 04:27:30,2023-03-06 08:39:09,2023-03-06 04:26:31,9,5,Ready to use Software,Tier 2,Germany,4.23,1,0,0,0,2020-05-15,Mid-Level,,
Resolved,TKT-1530,Low,Chat,Pricing and licensing,Nicola Wane,2023-03-07 13:30:45,2023-03-08 13:30:45,2023-03-07 13:32:45,2023-03-11 01:36:14,2023-03-07 13:31:30,4,,Ready to use Software,Tier 1,Czech Republic,84.09,1,0,1,0,2021-03-12,Mid-Level,,
Closed,TKT-1531,Low,Phone,Product setup,Connor Danielovitch,2023-03-07 21:19:19,2023-03-09 21:19:19,2023-03-07 21:21:19,2023-03-09 18:59:49,2023-03-07 21:24:45,1,5,Ready to use Software,Tier 1,Germany,45.68,5,1,0,1,2018-02-15,Senior,,
Resolved,TKT-1532,Low,Email,Feature request,Kristos Westoll,2023-03-07 05:15:02,2023-03-09 05:15:02,2023-03-07 06:15:02,2023-03-08 19:41:51,2023-03-07 06:03:00,1,,Other,Tier 1,United Kingdom,38.45,48,1,0,0,2021-10-18,Mid-Level,,
Resolved,TKT-1533,High,Email,Purchasing and invoicing,Sheela Cutten,2023-03-07 23:13:52,2023-03-09 23:13:52,2023-03-08 00:13:52,2023-03-09 07:21:44,2023-03-07 23:20:56,9,,Training and Consulting Services,Tier 1,United Kingdom,32.13,7,0,0,0,2019-07-10,Senior,,
Closed,TKT-1534,High,Email,Pricing and licensing,Sheela Cutten,2023-03-07 20:40:50,2023-03-09 20:40:50,2023-03-07 21:40:50,2023-03-08 18:36:36,2023-03-07 21:03:31,1,4,Custom software development,Tier 1,Austria,21.93,23,1,0,0,2019-07-10,Senior,,
Resolved,TKT-1535,Medium,Email,Feature request,Michele Whyatt,2023-03-07 19:26:05,2023-03-09 19:26:05,2023-03-07 20:26:05,2023-03-09 16:27:17,2023-03-07 19:29:50,2,,Other,Tier 2,United Kingdom,45.02,4,0,0,0,2022-04-10,Junior,,
Resolved,TKT-1536,Medium,Email,Product setup,Nicola Wane,2023-03-07 02:09:56,2023-03-09 02:09:56,2023-03-07 03:09:56,2023-03-08 13:46:05,2023-03-07 02:27:03,5,,Custom software development,Tier 1,Slovenia,35.6,17,0,0,0,2021-03-12,Mid-Level,,
Closed,TKT-1537,Low,Chat,Product setup,Bernard Beckley,2023-03-08 01:02:26,2023-03-09 01:02:26,2023-03-08 01:04:26,2023-03-08 12:54:44,2023-03-08 01:03:38,5,4,Custom software development,Tier 1,Slovenia,11.87,1,0,0,0,2019-11-20,Senior,,
Closed,TKT-1538,High,Email,Product setup,Nicola Wane,2023-03-08 10:00:28,2023-03-10 10:00:28,2023-03-08 11:00:28,2023-03-09 18:21:32,2023-03-08 10:02:01,1,5,Training and Consulting Services,Tier 1,Italy,32.35,2,1,0,0,2021-03-12,Mid-Level,,
Resolved,TKT-1539,Low,Email,Bug report,Heather Urry,2023-03-08 19:03:39,2023-03-10 19:03:39,2023-03-08 20:03:39,2023-03-08 23:27:57,2023-03-08 19:17:36,10,,Ready to use Software,Tier 2,Germany,4.4,14,0,0,0,2022-09-25,Junior,,
Closed,TKT-1540,Low,Email,Bug report,Heather Urry,2023-03-08 02:37:45,2023-03-10 02:37:45,2023-03-08 03:37:45,2023-03-09 09:09:21,2023-03-08 02:43:28,4,3,Training and Consulting Services,Tier 2,Germany,30.53,6,0,0,0,2022-09-25,Junior,,
Resolved,TKT-1541,Medium,Chat,Product setup,Kristos Westoll,2023-03-08 19:55:45,2023-03-09 19:55:45,2023-03-08 19:57:45,2023-03-08 22:25:39,2023-03-08 19:56:12,60,,Ready to use Software,Tier 1,United Kingdom,2.5,0,0,0,0,2021-10-18,Mid-Level,,
Closed,TKT-1542,Low,Chat,Product setup,Connor Danielovitch,2023-03-08 06:49:26,2023-03-09 06:49:26,2023-03-08 06:51:26,2023-03-11 03:05:34,2023-03-08 06:52:21,6,4,Ready to use Software,Tier 1,United Kingdom,68.27,3,0,1,1,2018-02-15,Senior,,
Closed,TKT-1543,Medium,Chat,Pricing and licensing,Bernard Beckley,2023-03-08 18:53:10,2023-03-09 18:53:10,2023-03-08 18:55:10,2023-03-10 15:18:30,2023-03-08 18:54:54,9,4,Training and Consulting Services,Tier 1,Poland,44.42,2,0,1,0,2019-11-20,Senior,,
Closed,TKT-1544,Low,Chat,Product setup,Connor Danielovitch,2023-03-08 21:01:00,2023-03-09 21:01:00,2023-03-08 21:03:00,2023-03-09 11:28:21,2023-03-08 21:02:08,6,4,Custom software development,Tier 1,France,14.46,1,0,0,0,2018-02-15,Senior,,
In Progress,TKT-1545,Low,Chat,Feature request,Bernard Beckley,2023-03-08 19:24:41,2023-03-09 19:24:41,2023-03-08 19:26:41,,2023-03-08 19:30:31,6,,Custom software development,Tier 1,Bulgaria,,6,0,,1,2019-11-20,Senior,,
In Progress,TKT-1546,Medium,Chat,Other,Heather Urry,2023-03-08 01:14:25,2023-03-09 01:14:25,2023-03-08 01:16:25,,2023-03-08 01:16:09,4,,Custom software development,Tier 2,Italy,,2,0,,0,2022-09-25,Junior,,
Resolved,TKT-1547,Low,Email,Other,Adolpho Messingham,2023-03-08 16:10:52,2023-03-10 16:10:52,2023-03-08 17:10:52,2023-03-10 06:07:39,2023-03-08 17:01:41,3,,Ready to use Software,Tier 2,Austria,37.95,51,0,0,0,2020-05-15,Mid-Level,,
Closed,TKT-1548,Medium,Email,Other,Nicola Wane,2023-03-08 07:47:06,2023-03-10 07:47:06,2023-03-08 08:47:06,2023-03-09 17:09:31,2023-03-08 15:27:01,4,2,Training and Consulting Services,Tier 1,Italy,33.37,460,0,0,1,2021-03-12,Mid-Level,,
In Progress,TKT-1549,Low,Chat,Purchasing and invoicing,Sheela Cutten,2023-03-08 19:22:33,2023-03-09 19:22:33,2023-03-08 19:24:33,,2023-03-08 19:22:43,9,,Training and Consulting Services,Tier 1,Republic of Ireland,,0,0,,0,2019-07-10,Senior,,
Resolved,TKT-1550,Low,Chat,Feature request,Bernard Beckley,2023-03-09 07:31:05,2023-03-10 07:31:05,2023-03-09 07:33:05,2023-03-09 18:22:38,2023-03-09 07:31:47,5,,Ready to use Software,Tier 1,Poland,10.86,1,0,0,0,2019-11-20,Senior,,
Closed,TKT-1551,High,Email,Pricing and licensing,Kristos Westoll,2023-03-09 18:37:17,2023-03-11 18:37:17,2023-03-09 19:37:17,2023-03-10 18:31:50,2023-03-09 18:50:07,3,4,Other,Tier 1,Bulgaria,23.91,13,0,0,0,2021-10-18,Mid-Level,,
Closed,TKT-1552,Low,Email,Pricing and licensing,Nicola Wane,2023-03-09 05:24:36,2023-03-11 05:24:36,2023-03-09 06:24:36,2023-03-10 19:09:52,2023-03-09 06:07:17,2,1,Custom software development,Tier 1,Austria,37.75,43,0,0,0,2021-03-12,Mid-Level,,
In Progress,TKT-1553,Medium,Email,Feature request,Connor Danielovitch,2023-03-09 22:52:40,2023-03-11 22:52:40,2023-03-09 23:52:40,,2023-03-09 22:53:39,2,,Ready to use Software,Tier 1,Italy,,1,0,,0,2018-02-15,Senior,,
Closed,TKT-1556,High,Email,Product setup,Bernard Beckley,2023-03-09 20:08:56,2023-03-11 20:08:56,2023-03-09 21:08:56,2023-03-10 17:53:37,2023-03-09 20:26:57,3,3,Other,Tier 1,United Kingdom,21.74,18,0,0,0,2019-11-20,Senior,,
Resolved,TKT-1557,Medium,Email,Pricing and licensing,Sheela Cutten,2023-03-09 01:51:28,2023-03-11 01:51:28,2023-03-09 02:51:28,2023-03-11 00:55:06,2023-03-09 02:21:02,3,,Training and Consulting Services,Tier 1,Republic of Ireland,47.06,30,0,0,0,2019-07-10,Senior,,
Closed,TKT-1560,High,Email,Feature request,Michele Whyatt,2023-03-10 04:09:11,2023-03-12 04:09:11,2023-03-10 05:09:11,2023-03-11 15:42:37,2023-03-10 04:34:11,2,3,Ready to use Software,Tier 2,Austria,35.56,25,0,0,0,2022-04-10,Junior,,
Closed,TKT-1561,Low,Chat,Feature request,Adolpho Messingham,2023-03-10 17:41:12,2023-03-11 17:41:12,2023-03-10 17:43:12,2023-03-11 03:12:54,2023-03-10 17:42:59,6,3,Other,Tier 2,United Kingdom,9.53,2,0,0,0,2020-05-15,Mid-Level,,
In Progress,TKT-1562,Low,Email,Feature request,Adolpho Messingham,2023-03-10 00:32:45,2023-03-12 00:32:45,2023-03-10 01:32:45,,2023-03-10 01:13:09,2,,Other,Tier 2,United Kingdom,,40,0,,0,2020-05-15,Mid-Level,,
Resolved,TKT-1563,Low,Chat,Feature request,Sheela Cutten,2023-03-10 00:43:40,2023-03-11 00:43:40,2023-03-10 00:45:40,2023-03-10 14:07:43,2023-03-10 00:45:18,3,,Custom software development,Tier 1,Bulgaria,13.4,2,0,0,0,2019-07-10,Senior,,
Closed,TKT-1565,Medium,Email,Pricing and licensing,Bernard Beckley,2023-03-10 06:44:13,2023-03-12 06:44:13,2023-03-10 07:44:13,2023-03-10 22:31:11,2023-03-10 07:40:30,8,3,Custom software development,Tier 1,United Kingdom,15.78,56,0,0,0,2019-11-20,Senior,,
In Progress,TKT-1567,Medium,Email,Other,Connor Danielovitch,2023-03-11 22:08:57,2023-03-13 22:08:57,2023-03-11 23:08:57,,2023-03-11 22:37:10,3,,Ready to use Software,Tier 1,Austria,,28,0,,0,2018-02-15,Senior,,
Resolved,TKT-1568,Medium,Email,Product setup,Sheela Cutten,2023-03-11 04:34:35,2023-03-13 04:34:35,2023-03-11 05:34:35,2023-03-12 00:49:07,2023-03-11 05:02:24,4,,Ready to use Software,Tier 1,Czech Republic,20.24,28,0,0,0,2019-07-10,Senior,,
Resolved,TKT-1573,Low,Email,Product setup,Heather Urry,2023-03-11 01:06:38,2023-03-13 01:06:38,2023-03-11 02:06:38,2023-03-12 00:53:42,2023-03-11 01:50:22,2,,Ready to use Software,Tier 2,United Kingdom,23.78,44,0,0,0,2022-09-25,Junior,,
Resolved,TKT-1574,Medium,Chat,Other,Nicola Wane,2023-03-11 15:34:51,2023-03-12 15:34:51,2023-03-11 15:36:51,2023-03-12 09:31:07,2023-03-11 15:35:14,6,,Ready to use Software,Tier 1,United Kingdom,17.94,0,0,0,0,2021-03-12,Mid-Level,,
Resolved,TKT-1575,High,Email,Feature request,Sheela Cutten,2023-03-12 03:04:01,2023-03-14 03:04:01,2023-03-12 04:04:01,2023-03-15 23:42:25,2023-03-12 03:31:01,3,,Custom software development,Tier 1,Italy,92.64,27,0,1,0,2019-07-10,Senior,,
Resolved,TKT-1576,Low,Email,Purchasing and invoicing,Michele Whyatt,2023-03-12 01:00:06,2023-03-14 01:00:06,2023-03-12 02:00:06,2023-03-12 05:29:28,2023-03-12 01:46:15,2,,Ready to use Software,Tier 2,Austria,4.49,46,0,0,0,2022-04-10,Junior,,
Closed,TKT-1577,Medium,Email,Bug report,Connor Danielovitch,2023-03-12 19:12:49,2023-03-14 19:12:49,2023-03-12 20:12:49,2023-03-13 03:38:18,2023-03-12 19:48:43,8,3,Ready to use Software,Tier 1,United Kingdom,8.42,36,0,0,0,2018-02-15,Senior,,
Closed,TKT-1581,Low,Email,Bug report,Michele Whyatt,2023-03-13 15:58:26,2023-03-15 15:58:26,2023-03-13 16:58:26,2023-03-14 23:11:28,2023-03-13 16:19:07,6,4,Ready to use Software,Tier 2,Bulgaria,31.22,21,0,0,0,2022-04-10,Junior,,
Resolved,TKT-1582,Low,Phone,Purchasing and invoicing,Nicola Wane,2023-03-13 11:05:16,2023-03-15 11:05:16,2023-03-13 11:07:16,2023-03-15 09:34:07,2023-03-13 11:05:29,3,,Ready to use Software,Tier 1,Poland,46.48,0,0,0,0,2021-03-12,Mid-Level,,
Closed,TKT-1583,Medium,Chat,Training request,Kristos Westoll,2023-03-13 05:33:38,2023-03-14 05:33:38,2023-03-13 05:35:38,2023-03-14 00:01:28,2023-03-13 05:35:00,3,5,Training and Consulting Services,Tier 1,Poland,18.46,1,0,0,0,2021-10-18,Mid-Level,,
In Progress,TKT-1584,Low,Chat,Feature request,Connor Danielovitch,2023-03-13 13:19:39,2023-03-14 13:19:39,2023-03-13 13:21:39,,2023-03-13 13:20:29,9,,Other,Tier 1,United Kingdom,,1,0,,0,2018-02-15,Senior,,
Closed,TKT-1585,Low,Email,Product setup,Michele Whyatt,2023-03-13 21:36:55,2023-03-15 21:36:55,2023-03-13 22:36:55,2023-03-14 19:08:44,2023-03-13 22:31:55,6,2,Training and Consulting Services,Tier 2,Slovenia,21.53,55,0,0,0,2022-04-10,Junior,,
Open,TKT-1586,Medium,Email,Product setup,Nicola Wane,2023-03-13 17:00:43,2023-03-15 17:00:43,2023-03-13 18:00:43,,,,,Ready to use Software,Tier 1,Greece,,,,,,2021-03-12,Mid-Level,,
Closed,TKT-1587,Medium,Email,Pricing and licensing,Connor Danielovitch,2023-03-13 08:21:06,2023-03-15 08:21:06,2023-03-13 09:21:06,2023-03-13 12:09:45,2023-03-13 09:04:46,8,3,Other,Tier 1,United Kingdom,3.81,44,0,0,0,2018-02-15,Senior,,
Resolved,TKT-1588,Low,Chat,Purchasing and invoicing,Heather Urry,2023-03-13 15:59:29,2023-03-14 15:59:29,2023-03-13 16:01:29,2023-03-15 07:19:23,2023-03-13 16:00:42,4,,Ready to use Software,Tier 2,Greece,39.33,1,0,1,0,2022-09-25,Junior,,
Closed,TKT-1589,Low,Chat,Feature request,Sheela Cutten,2023-03-13 20:46:16,2023-03-14 20:46:16,2023-03-13 20:48:16,2023-03-14 16:57:26,2023-03-13 20:47:37,8,2,Other,Tier 1,Greece,20.19,1,0,0,0,2019-07-10,Senior,,
In Progress,TKT-1590,Low,Email,Purchasing and invoicing,Nicola Wane,2023-03-13 10:15:38,2023-03-15 10:15:38,2023-03-13 11:15:38,,2023-03-13 10:41:31,2,,Training and Consulting Services,Tier 1,Czech Republic,,26,0,,0,2021-03-12,Mid-Level,,
Closed,TKT-1591,Low,Chat,Feature request,Sheela Cutten,2023-03-13 11:05:15,2023-03-14 11:05:15,2023-03-13 11:07:15,2023-03-13 18:27:02,2023-03-13 11:06:20,6,3,Other,Tier 1,Italy,7.36,1,0,0,0,2019-07-10,Senior,,
In Progress,TKT-1592,Low,Email,Other,Sheela Cutten,2023-03-13 07:20:49,2023-03-15 07:20:49,2023-03-13 08:20:49,,2023-03-13 08:03:16,5,,Ready to use Software,Tier 1,Slovenia,,42,0,,0,2019-07-10,Senior,,
Resolved,TKT-1593,Medium,Email,Product setup,Michele Whyatt,2023-03-14 09:39:52,2023-03-16 09:39:52,2023-03-14 10:39:52,2023-03-16 06:06:00,2023-03-14 10:12:46,1,,Ready to use Software,Tier 2,Italy,44.44,33,1,0,0,2022-04-10,Junior,,
Closed,TKT-1594,High,Email,Product setup,Kristos Westoll,2023-03-14 10:08:38,2023-03-16 10:08:38,2023-03-14 11:08:38,2023-03-14 14:26:39,2023-03-14 10:18:40,3,5,Custom software development,Tier 1,United Kingdom,4.3,10,0,0,0,2021-10-18,Mid-Level,,
Resolved,TKT-1595,Low,Email,Pricing and licensing,Sheela Cutten,2023-03-14 18:42:04,2023-03-16 18:42:04,2023-03-14 19:42:04,2023-03-16 16:46:56,2023-03-14 19:30:39,10,,Other,Tier 1,Spain,46.08,49,0,0,0,2019-07-10,Senior,,
Closed,TKT-1596,Low,Chat,Product setup,Bernard Beckley,2023-03-14 03:18:49,2023-03-15 03:18:49,2023-03-14 03:20:49,2023-03-14 04:59:40,2023-03-14 03:22:14,3,3,Custom software development,Tier 1,Slovenia,1.68,3,0,0,1,2019-11-20,Senior,,
Closed,TKT-1597,Low,Email,Pricing and licensing,Connor Danielovitch,2023-03-14 19:42:01,2023-03-16 19:42:01,2023-03-14 20:42:01,2023-03-16 01:11:49,2023-03-14 20:04:44,2,5,Training and Consulting Services,Tier 1,Italy,29.5,23,0,0,0,2018-02-15,Senior,,
Closed,TKT-1598,Medium,Email,Product setup,Kristos Westoll,2023-03-14 12:18:12,2023-03-16 12:18:12,2023-03-14 13:18:12,2023-03-16 02:47:03,2023-03-14 13:01:04,4,3,Other,Tier 1,Italy,38.48,43,0,0,0,2021-10-18,Mid-Level,,
Closed,TKT-1599,Medium,Phone,Product setup,Kristos Westoll,2023-03-14 10:19:11,2023-03-16 10:19:11,2023-03-14 10:21:11,2023-03-16 07:07:00,2023-03-14 10:21:17,3,1,Custom software development,Tier 1,Bulgaria,44.8,2,0,0,1,2021-10-18,Mid-Level,,
Closed,TKT-1600,Medium,Email,Other,Sheela Cutten,2023-03-14 11:12:15,2023-03-16 11:12:15,2023-03-14 12:12:15,2023-03-15 02:27:17,2023-03-14 11:37:40,2,4,Training and Consulting Services,Tier 1,United Kingdom,15.25,25,0,0,0,2019-07-10,Senior,,
Closed,TKT-1601,Low,Email,Product setup,Sheela Cutten,2023-03-15 00:21:06,2023-03-17 00:21:06,2023-03-15 01:21:06,2023-03-16 10:55:59,2023-03-15 00:31:01,2,3,Other,Tier 1,Austria,34.58,10,0,0,0,2019-07-10,Senior,,
Resolved,TKT-1602,High,Email,Feature request,Michele Whyatt,2023-03-15 00:44:09,2023-03-17 00:44:09,2023-03-15 01:44:09,2023-03-16 12:29:40,2023-03-15 01:35:42,2,,Ready to use Software,Tier 2,Germany,35.76,52,0,0,0,2022-04-10,Junior,,
Resolved,TKT-1603,Medium,Email,Feature request,Sheela Cutten,2023-03-15 12:59:00,2023-03-17 12:59:00,2023-03-15 13:59:00,2023-03-20 04:08:16,2023-03-15 13:35:22,10,,Ready to use Software,Tier 1,Poland,111.15,36,0,1,0,2019-07-10,Senior,,
In Progress,TKT-1604,High,Email,Product setup,Sheela Cutten,2023-03-15 03:33:55,2023-03-17 03:33:55,2023-03-15 04:33:55,,2023-03-15 03:48:41,9,,Custom software development,Tier 1,Poland,,15,0,,0,2019-07-10,Senior,,
Closed,TKT-1605,High,Phone,Product setup,Bernard Beckley,2023-03-15 10:58:56,2023-03-17 10:58:56,2023-03-15 11:00:56,2023-03-16 02:19:17,2023-03-15 11:04:40,5,3,Custom software development,Tier 1,Poland,15.34,6,0,0,1,2019-11-20,Senior,,
Resolved,TKT-1606,High,Chat,Bug report,Bernard Beckley,2023-03-15 12:11:12,2023-03-16 12:11:12,2023-03-15 12:13:12,2023-03-16 03:56:25,2023-03-15 12:12:32,3,,Custom software development,Tier 1,Italy,15.75,1,0,0,0,2019-11-20,Senior,,
Closed,TKT-1607,Low,Email,Pricing and licensing,Bernard Beckley,2023-03-15 16:08:07,2023-03-17 16:08:07,2023-03-15 17:08:07,2023-03-17 09:02:37,2023-03-15 16:37:58,9,2,Custom software development,Tier 1,Germany,40.91,30,0,0,0,2019-11-20,Senior,,
Closed,TKT-1608,High,Email,Product setup,Nicola Wane,2023-03-16 17:09:22,2023-03-18 17:09:22,2023-03-16 18:09:22,2023-03-18 00:10:53,2023-03-16 17:58:35,1,1,Ready to use Software,Tier 1,Austria,31.03,49,1,0,0,2021-03-12,Mid-Level,,
Resolved,TKT-1609,Medium,Chat,Pricing and licensing,Sheela Cutten,2023-03-16 20:58:03,2023-03-17 20:58:03,2023-03-16 21:00:03,2023-03-17 06:49:58,2023-03-16 20:58:17,6,,Training and Consulting Services,Tier 1,Slovenia,9.87,0,0,0,0,2019-07-10,Senior,,
Closed,TKT-1610,Low,Chat,Pricing and licensing,Kristos Westoll,2023-03-16 04:46:12,2023-03-17 04:46:12,2023-03-16 04:48:12,2023-03-16 12:23:47,2023-03-16 04:46:28,8,3,Ready to use Software,Tier 1,France,7.63,0,0,0,0,2021-10-18,Mid-Level,,
Closed,TKT-1611,High,Email,Purchasing and invoicing,Kristos Westoll,2023-03-16 18:51:53,2023-03-18 18:51:53,2023-03-16 19:51:53,2023-03-17 05:58:32,2023-03-16 19:21:34,9,3,Custom software development,Tier 1,Italy,11.11,30,0,0,0,2021-10-18,Mid-Level,,
Resolved,TKT-1612,High,Chat,Bug report,Connor Danielovitch,2023-03-16 02:30:07,2023-03-17 02:30:07,2023-03-16 02:32:07,2023-03-16 09:24:10,2023-03-16 02:31:43,4,,Custom software development,Tier 1,United Kingdom,6.9,2,0,0,0,2018-02-15,Senior,,
Closed,TKT-1613,Medium,Chat,Product setup,Connor Danielovitch,2023-03-16 15:56:22,2023-03-17 15:56:22,2023-03-16 15:58:22,2023-03-17 03:32:43,2023-03-16 15:56:36,4,4,Ready to use Software,Tier 1,Bulgaria,11.61,0,0,0,0,2018-02-15,Senior,,
Resolved,TKT-1614,High,Email,Bug report,Sheela Cutten,2023-03-16 18:30:18,2023-03-18 18:30:18,2023-03-16 19:30:18,2023-03-17 12:24:44,2023-03-16 21:29:31,2,,Custom software development,Tier 1,France,17.91,179,0,0,1,2019-07-10,Senior,,
Closed,TKT-1615,Medium,Email,Training request,Connor Danielovitch,2023-03-16 13:15:46,2023-03-18 13:15:46,2023-03-16 14:15:46,2023-03-17 20:06:44,2023-03-16 13:16:49,1,5,Training and Consulting Services,Tier 1,Italy,30.85,1,1,0,0,2018-02-15,Senior,,
Resolved,TKT-1616,Low,Email,Pricing and licensing,Sheela Cutten,2023-03-16 06:25:19,2023-03-18 06:25:19,2023-03-16 07:25:19,2023-03-16 09:04:17,2023-03-16 06:26:39,1,,Ready to use Software,Tier 1,Austria,2.65,1,1,0,0,2019-07-10,Senior,,
Resolved,TKT-1617,Medium,Email,Product setup,Sheela Cutten,2023-03-16 12:36:44,2023-03-18 12:36:44,2023-03-16 13:36:44,2023-03-16 23:25:33,2023-03-16 12:49:57,1,,Ready to use Software,Tier 1,Republic of Ireland,10.81,13,1,0,0,2019-07-10,Senior,,
Closed,TKT-1618,Medium,Email,Product setup,Bernard Beckley,2023-03-17 02:32:50,2023-03-19 02:32:50,2023-03-17 03:32:50,2023-03-22 03:02:30,2023-03-17 03:00:07,6,5,Ready to use Software,Tier 1,Italy,120.49,27,0,1,0,2019-11-20,Senior,,
Resolved,TKT-1619,Low,Email,Product setup,Kristos Westoll,2023-03-17 10:58:28,2023-03-19 10:58:28,2023-03-17 11:58:28,2023-03-23 00:12:07,2023-03-17 11:04:56,6,,Other,Tier 1,Austria,133.23,6,0,1,0,2021-10-18,Mid-Level,,
Resolved,TKT-1626,High,Email,Feature request,Nicola Wane,2023-03-18 00:21:14,2023-03-20 00:21:14,2023-03-18 01:21:14,2023-03-18 14:39:42,2023-03-18 00:33:52,2,,Ready to use Software,Tier 1,Germany,14.31,13,0,0,0,2021-03-12,Mid-Level,,
Closed,TKT-1627,Low,Email,Product setup,Sheela Cutten,2023-03-18 06:34:51,2023-03-20 06:34:51,2023-03-18 07:34:51,2023-03-20 05:12:28,2023-03-18 07:05:21,2,4,Training and Consulting Services,Tier 1,Bulgaria,46.63,31,0,0,0,2019-07-10,Senior,,
Resolved,TKT-1628,High,Email,Bug report,Sheela Cutten,2023-03-18 08:08:35,2023-03-20 08:08:35,2023-03-18 09:08:35,2023-03-20 04:11:32,2023-03-18 09:00:07,7,,Ready to use Software,Tier 1,Czech Republic,44.05,52,0,0,0,2019-07-10,Senior,,
Closed,TKT-1629,Low,Chat,Feature request,Bernard Beckley,2023-03-18 23:00:11,2023-03-19 23:00:11,2023-03-18 23:02:11,2023-03-19 08:24:56,2023-03-18 23:01:34,6,4,Custom software development,Tier 1,Slovenia,9.41,1,0,0,0,2019-11-20,Senior,,
Resolved,TKT-1630,Low,Phone,Feature request,Sheela Cutten,2023-03-18 08:59:42,2023-03-20 08:59:42,2023-03-18 09:01:42,2023-03-18 15:41:59,2023-03-18 09:01:40,2,,Ready to use Software,Tier 1,Slovenia,6.7,2,0,0,0,2019-07-10,Senior,,
In Progress,TKT-1631,Low,Phone,Product setup,Connor Danielovitch,2023-03-19 18:00:21,2023-03-21 18:00:21,2023-03-19 18:02:21,,2023-03-19 18:04:13,1,,Ready to use Software,Tier 1,Poland,,4,1,,1,2018-02-15,Senior,,
Resolved,TKT-1632,Low,Email,Feature request,Sheela Cutten,2023-03-19 21:00:31,2023-03-21 21:00:31,2023-03-19 22:00:31,2023-03-21 13:11:42,2023-03-20 01:55:48,2,,Custom software development,Tier 1,Germany,40.19,295,0,0,1,2019-07-10,Senior,,
Closed,TKT-1633,High,Email,Purchasing and invoicing,Kristos Westoll,2023-03-19 14:00:56,2023-03-21 14:00:56,2023-03-19 15:00:56,2023-03-20 12:31:49,2023-03-19 14:44:57,4,5,Training and Consulting Services,Tier 1,United Kingdom,22.51,44,0,0,0,2021-10-18,Mid-Level,,
Closed,TKT-1634,Medium,Chat,Other,Sheela Cutten,2023-03-19 22:55:52,2023-03-20 22:55:52,2023-03-19 22:57:52,2023-03-21 06:46:47,2023-03-19 23:00:30,6,4,Ready to use Software,Tier 1,Bulgaria,31.85,5,0,1,1,2019-07-10,Senior,,
Closed,TKT-1635,Medium,Email,Pricing and licensing,Sheela Cutten,2023-03-19 22:09:59,2023-03-21 22:09:59,2023-03-19 23:09:59,2023-03-20 11:03:43,2023-03-19 22:28:37,5,5,Ready to use Software,Tier 1,Greece,12.9,19,0,0,0,2019-07-10,Senior,,
Closed,TKT-1636,Low,Chat,Product setup,Connor Danielovitch,2023-03-19 22:50:17,2023-03-20 22:50:17,2023-03-19 22:52:17,2023-03-20 17:39:07,2023-03-19 22:50:35,5,3,Custom software development,Tier 1,Greece,18.81,0,0,0,0,2018-02-15,Senior,,
In Progress,TKT-1637,Low,Phone,Product setup,Connor Danielovitch,2023-03-19 12:53:48,2023-03-21 12:53:48,2023-03-19 12:55:48,,2023-03-19 12:59:45,3,,Custom software development,Tier 1,Italy,,6,0,,1,2018-02-15,Senior,,
Closed,TKT-1638,Medium,Email,Feature request,Nicola Wane,2023-03-20 13:23:05,2023-03-22 13:23:05,2023-03-20 14:23:05,2023-03-22 08:53:29,2023-03-20 14:05:28,2,3,Ready to use Software,Tier 1,Poland,43.51,42,0,0,0,2021-03-12,Mid-Level,,
In Progress,TKT-1639,Low,Email,Feature request,Adolpho Messingham,2023-03-20 19:10:24,2023-03-22 19:10:24,2023-03-20 20:10:24,,2023-03-20 19:28:28,1,,Other,Tier 2,Germany,,18,1,,0,2020-05-15,Mid-Level,,
Resolved,TKT-1640,High,Phone,Product setup,Connor Danielovitch,2023-03-20 07:20:34,2023-03-22 07:20:34,2023-03-20 07:22:34,2023-03-20 17:57:46,2023-03-20 07:21:27,3,,Custom software development,Tier 1,Slovenia,10.62,1,0,0,0,2018-02-15,Senior,,
Resolved,TKT-1641,Medium,Email,Product setup,Kristos Westoll,2023-03-20 22:27:49,2023-03-22 22:27:49,2023-03-20 23:27:49,2023-03-21 12:54:25,2023-03-20 22:37:30,10,,Other,Tier 1,Slovenia,14.44,10,0,0,0,2021-10-18,Mid-Level,,
Closed,TKT-1642,Low,Phone,Product setup,Adolpho Messingham,2023-03-20 16:27:35,2023-03-22 16:27:35,2023-03-20 16:29:35,2023-03-22 03:58:27,2023-03-20 16:28:38,3,2,Training and Consulting Services,Tier 2,United Kingdom,35.51,1,0,0,0,2020-05-15,Mid-Level,,
Closed,TKT-1643,Low,Chat,Product setup,Bernard Beckley,2023-03-20 21:49:15,2023-03-21 21:49:15,2023-03-20 21:51:15,2023-03-21 18:09:34,2023-03-20 21:49:18,6,3,Custom software development,Tier 1,Spain,20.34,0,0,0,0,2019-11-20,Senior,,
Closed,TKT-1644,Low,Email,Feature request,Sheela Cutten,2023-03-20 01:25:09,2023-03-22 01:25:09,2023-03-20 02:25:09,2023-03-21 21:04:23,2023-03-20 02:23:02,2,3,Other,Tier 1,Spain,43.65,58,0,0,0,2019-07-10,Senior,,
Closed,TKT-1645,Medium,Email,Bug report,Connor Danielovitch,2023-03-20 18:36:23,2023-03-22 18:36:23,2023-03-20 19:36:23,2023-03-20 19:28:53,2023-03-20 19:32:39,5,4,Ready to use Software,Tier 1,United Kingdom,0.88,56,0,0,0,2018-02-15,Senior,,
Closed,TKT-1646,Low,Email,Purchasing and invoicing,Sheela Cutten,2023-03-21 19:11:31,2023-03-23 19:11:31,2023-03-21 20:11:31,2023-03-23 13:08:32,2023-03-21 20:10:45,1,3,Custom software development,Tier 1,France,41.95,59,1,0,0,2019-07-10,Senior,,
Closed,TKT-1647,Low,Chat,Feature request,Michele Whyatt,2023-03-21 00:03:07,2023-03-22 00:03:07,2023-03-21 00:05:07,2023-03-21 14:27:49,2023-03-21 00:03:38,6,3,Ready to use Software,Tier 2,Poland,14.41,1,0,0,0,2022-04-10,Junior,,
Closed,TKT-1648,High,Phone,Product setup,Heather Urry,2023-03-21 08:43:34,2023-03-23 08:43:34,2023-03-21 08:45:34,2023-03-26 13:07:36,2023-03-21 08:43:52,3,4,Ready to use Software,Tier 2,Germany,124.4,0,0,1,0,2022-09-25,Junior,,
Resolved,TKT-1649,Low,Chat,Training request,Kristos Westoll,2023-03-21 10:42:02,2023-03-22 10:42:02,2023-03-21 10:44:02,2023-03-22 10:23:14,2023-03-21 10:44:08,9,,Training and Consulting Services,Tier 1,Italy,23.69,2,0,0,1,2021-10-18,Mid-Level,,
In Progress,TKT-1650,Medium,Email,Other,Bernard Beckley,2023-03-22 04:26:56,2023-03-24 04:26:56,2023-03-22 05:26:56,,2023-03-22 05:00:30,2,,Ready to use Software,Tier 1,France,,34,0,,0,2019-11-20,Senior,,
Resolved,TKT-1651,Low,Email,Feature request,Bernard Beckley,2023-03-22 00:13:36,2023-03-24 00:13:36,2023-03-22 01:13:36,2023-03-23 02:09:23,2023-03-22 00:53:11,6,,Other,Tier 1,Greece,25.93,40,0,0,0,2019-11-20,Senior,,
Closed,TKT-1652,Medium,Chat,Feature request,Heather Urry,2023-03-22 05:00:47,2023-03-23 05:00:47,2023-03-22 05:02:47,2023-03-22 14:19:02,2023-03-22 05:02:37,6,3,Custom software development,Tier 2,Austria,9.3,2,0,0,0,2022-09-25,Junior,,
Resolved,TKT-1653,Medium,Email,Product setup,Nicola Wane,2023-03-22 01:30:24,2023-03-24 01:30:24,2023-03-22 02:30:24,2023-03-22 05:08:56,2023-03-22 02:17:01,2,,Training and Consulting Services,Tier 1,Greece,3.64,47,0,0,0,2021-03-12,Mid-Level,,
Closed,TKT-1654,High,Email,Product setup,Heather Urry,2023-03-22 07:55:34,2023-03-24 07:55:34,2023-03-22 08:55:34,2023-03-23 12:08:03,2023-03-22 08:43:58,8,2,Custom software development,Tier 2,United Kingdom,28.21,48,0,0,0,2022-09-25,Junior,,
Closed,TKT-1655,Low,Email,Product setup,Connor Danielovitch,2023-03-22 18:21:14,2023-03-24 18:21:14,2023-03-22 19:21:14,2023-03-23 10:11:34,2023-03-22 23:06:15,3,4,Custom software development,Tier 1,Slovenia,15.84,285,0,0,1,2018-02-15,Senior,,
Closed,TKT-1656,Low,Email,Product setup,Adolpho Messingham,2023-03-23 06:03:44,2023-03-25 06:03:44,2023-03-23 07:03:44,2023-03-26 03:52:10,2023-03-23 06:50:19,6,5,Ready to use Software,Tier 2,Bulgaria,69.81,47,0,1,0,2020-05-15,Mid-Level,,
Closed,TKT-1657,Medium,Phone,Bug report,Nicola Wane,2023-03-23 13:40:59,2023-03-25 13:40:59,2023-03-23 13:42:59,2023-03-24 09:24:48,2023-03-23 13:42:29,4,5,Ready to use Software,Tier 1,Spain,19.73,2,0,0,0,2021-03-12,Mid-Level,,
Closed,TKT-1658,High,Email,Other,Nicola Wane,2023-03-23 13:58:43,2023-03-25 13:58:43,2023-03-23 14:58:43,2023-03-25 10:50:47,2023-03-23 14:27:28,1,4,Custom software development,Tier 1,United Kingdom,44.87,29,1,0,0,2021-03-12,Mid-Level,,
Resolved,TKT-1659,Low,Email,Bug report,Adolpho Messingham,2023-03-23 14:27:04,2023-03-25 14:27:04,2023-03-23 15:27:04,2023-03-25 11:18:48,2023-03-23 15:26:06,10,,Training and Consulting Services,Tier 2,Greece,44.86,59,0,0,0,2020-05-15,Mid-Level,,
In Progress,TKT-1660,Low,Email,Feature request,Michele Whyatt,2023-03-23 22:39:46,2023-03-25 22:39:46,2023-03-23 23:39:46,,2023-03-23 23:30:12,8,,Other,Tier 2,Italy,,50,0,,0,2022-04-10,Junior,,
Closed,TKT-1661,Medium,Chat,Pricing and licensing,Bernard Beckley,2023-03-23 05:03:29,2023-03-24 05:03:29,2023-03-23 05:05:29,2023-03-24 04:33:06,2023-03-23 05:05:06,3,3,Training and Consulting Services,Tier 1,Italy,23.49,2,0,0,0,2019-11-20,Senior,,
Resolved,TKT-1665,Medium,Email,Feature request,Nicola Wane,2023-03-24 07:33:22,2023-03-26 07:33:22,2023-03-24 08:33:22,2023-03-25 12:21:56,2023-03-24 08:02:15,3,,Custom software development,Tier 1,France,28.81,29,0,0,0,2021-03-12,Mid-Level,,
In Progress,TKT-1666,Medium,Email,Product setup,Bernard Beckley,2023-03-24 22:12:44,2023-03-26 22:12:44,2023-03-24 23:12:44,,2023-03-24 22:54:23,2,,Custom software development,Tier 1,Greece,,42,0,,0,2019-11-20,Senior,,
Closed,TKT-1668,Medium,Email,Purchasing and invoicing,Nicola Wane,2023-03-24 04:18:03,2023-03-26 04:18:03,2023-03-24 05:18:03,2023-03-25 22:13:45,2023-03-24 04:49:48,1,4,Custom software development,Tier 1,Germany,41.93,32,1,0,0,2021-03-12,Mid-Level,,
Closed,TKT-1669,Medium,Email,Feature request,Nicola Wane,2023-03-24 11:22:39,2023-03-26 11:22:39,2023-03-24 12:22:39,2023-03-25 18:18:37,2023-03-24 11:34:27,1,5,Ready to use Software,Tier 1,Greece,30.93,12,1,0,0,2021-03-12,Mid-Level,,
Closed,TKT-1670,Low,Email,Feature request,Kristos Westoll,2023-03-24 20:23:23,2023-03-26 20:23:23,2023-03-24 21:23:23,2023-03-26 04:36:21,2023-03-24 20:58:53,6,1,Custom software development,Tier 1,Germany,32.22,35,0,0,0,2021-10-18,Mid-Level,,
Closed,TKT-1671,High,Email,Purchasing and invoicing,Kristos Westoll,2023-03-24 13:35:36,2023-03-26 13:35:36,2023-03-24 14:35:36,2023-03-28 02:36:52,2023-03-24 16:45:17,1,3,Other,Tier 1,Germany,85.02,190,1,1,1,2021-10-18,Mid-Level,,
Closed,TKT-1673,High,Chat,Feature request,Nicola Wane,2023-03-24 21:33:29,2023-03-25 21:33:29,2023-03-24 21:35:29,2023-03-25 19:43:26,2023-03-24 21:35:19,4,4,Ready to use Software,Tier 1,France,22.17,2,0,0,0,2021-03-12,Mid-Level,,
Resolved,TKT-1674,Medium,Email,Feature request,Sheela Cutten,2023-03-24 06:37:36,2023-03-26 06:37:36,2023-03-24 07:37:36,2023-03-24 10:10:42,2023-03-24 07:34:25,2,,Ready to use Software,Tier 1,Poland,3.55,57,0,0,0,2019-07-10,Senior,,
Closed,TKT-1675,Low,Email,Purchasing and invoicing,Nicola Wane,2023-03-25 16:02:04,2023-03-27 16:02:04,2023-03-25 17:02:04,2023-03-26 09:01:07,2023-03-25 16:54:19,1,5,Training and Consulting Services,Tier 1,Italy,16.98,52,1,0,0,2021-03-12,Mid-Level,,
In Progress,TKT-1676,Low,Email,Product setup,Bernard Beckley,2023-03-25 17:27:15,2023-03-27 17:27:15,2023-03-25 18:27:15,,2023-03-25 18:02:39,7,,Ready to use Software,Tier 1,Czech Republic,,35,0,,0,2019-11-20,Senior,,
Closed,TKT-1677,Low,Email,Product setup,Bernard Beckley,2023-03-25 02:51:23,2023-03-27 02:51:23,2023-03-25 03:51:23,2023-03-26 21:21:49,2023-03-25 03:46:34,4,2,Ready to use Software,Tier 1,United Kingdom,42.51,55,0,0,0,2019-11-20,Senior,,
Closed,TKT-1690,Low,Chat,Bug report,Adolpho Messingham,2023-03-26 13:36:41,2023-03-27 13:36:41,2023-03-26 13:38:41,2023-03-27 03:29:18,2023-03-26 13:37:55,6,3,Custom software development,Tier 2,Italy,13.88,1,0,0,0,2020-05-15,Mid-Level,,
Resolved,TKT-1691,Low,Phone,Other,Connor Danielovitch,2023-03-26 01:47:02,2023-03-28 01:47:02,2023-03-26 01:49:02,2023-03-30 20:51:30,2023-03-26 01:48:08,1,,Ready to use Software,Tier 1,Austria,115.07,1,1,1,0,2018-02-15,Senior,,
In Progress,TKT-1692,Low,Email,Pricing and licensing,Nicola Wane,2023-03-27 16:55:41,2023-03-29 16:55:41,2023-03-27 17:55:41,,2023-03-27 17:24:30,10,,Ready to use Software,Tier 1,Germany,,29,0,,0,2021-03-12,Mid-Level,,
Closed,TKT-1693,Medium,Chat,Bug report,Bernard Beckley,2023-03-27 09:48:08,2023-03-28 09:48:08,2023-03-27 09:50:08,2023-03-31 12:13:42,2023-03-27 09:48:45,7,4,Ready to use Software,Tier 1,Bulgaria,98.43,1,0,1,0,2019-11-20,Senior,,
In Progress,TKT-1694,High,Email,Feature request,Sheela Cutten,2023-03-27 19:39:56,2023-03-29 19:39:56,2023-03-27 20:39:56,,2023-03-27 20:00:34,1,,Ready to use Software,Tier 1,United Kingdom,,21,1,,0,2019-07-10,Senior,,
Resolved,TKT-1695,Low,Chat,Product setup,Nicola Wane,2023-03-27 08:57:08,2023-03-28 08:57:08,2023-03-27 08:59:08,2023-03-27 10:34:19,2023-03-27 08:57:46,4,,Custom software development,Tier 1,Republic of Ireland,1.62,1,0,0,0,2021-03-12,Mid-Level,,
In Progress,TKT-1696,Low,Phone,Other,Sheela Cutten,2023-03-27 14:12:36,2023-03-29 14:12:36,2023-03-27 14:14:36,,2023-03-27 14:12:37,4,,Other,Tier 1,Austria,,0,0,,0,2019-07-10,Senior,,
In Progress,TKT-1697,Low,Phone,Product setup,Sheela Cutten,2023-03-28 00:41:10,2023-03-30 00:41:10,2023-03-28 00:43:10,,2023-03-28 00:44:03,1,,Other,Tier 1,Poland,,3,1,,1,2019-07-10,Senior,,
Resolved,TKT-1698,Low,Chat,Feature request,Nicola Wane,2023-03-28 05:44:27,2023-03-29 05:44:27,2023-03-28 05:46:27,2023-03-29 03:29:53,2023-03-28 05:44:53,6,,Other,Tier 1,Italy,21.76,0,0,0,0,2021-03-12,Mid-Level,,
Closed,TKT-1699,Medium,Email,Product setup,Connor Danielovitch,2023-03-28 15:16:48,2023-03-30 15:16:48,2023-03-28 16:16:48,2023-03-29 10:34:11,2023-03-28 15:40:03,2,4,Training and Consulting Services,Tier 1,Slovenia,19.29,23,0,0,0,2018-02-15,Senior,,
Closed,TKT-1700,High,Phone,Product setup,Sheela Cutten,2023-03-28 16:37:36,2023-03-30 16:37:36,2023-03-28 16:39:36,2023-03-30 03:53:57,2023-03-28 16:38:27,1,5,Ready to use Software,Tier 1,Czech Republic,35.27,1,1,0,0,2019-07-10,Senior,,
In Progress,TKT-1701,Low,Chat,Feature request,Adolpho Messingham,2023-03-28 20:46:16,2023-03-29 20:46:16,2023-03-28 20:48:16,,2023-03-28 20:48:52,6,,Other,Tier 2,Italy,,3,0,,1,2020-05-15,Mid-Level,,
Resolved,TKT-1702,Low,Email,Purchasing and invoicing,Nicola Wane,2023-03-28 08:09:43,2023-03-30 08:09:43,2023-03-28 09:09:43,2023-03-29 03:29:47,2023-03-28 13:31:54,6,,Ready to use Software,Tier 1,Greece,19.33,322,0,0,1,2021-03-12,Mid-Level,,
Closed,TKT-1703,High,Phone,Feature request,Kristos Westoll,2023-03-29 11:10:19,2023-03-31 11:10:19,2023-03-29 11:12:19,2023-03-30 12:09:59,2023-03-29 11:11:45,1,4,Ready to use Software,Tier 1,Italy,24.99,1,1,0,0,2021-10-18,Mid-Level,,
Resolved,TKT-1704,Medium,Email,Product setup,Michele Whyatt,2023-03-29 01:29:54,2023-03-31 01:29:54,2023-03-29 02:29:54,2023-03-29 10:30:05,2023-03-29 02:07:19,9,,Training and Consulting Services,Tier 2,Poland,9,37,0,0,0,2022-04-10,Junior,,
Closed,TKT-1705,Medium,Email,Pricing and licensing,Heather Urry,2023-03-29 03:32:03,2023-03-31 03:32:03,2023-03-29 04:32:03,2023-03-31 03:02:12,2023-03-29 03:49:01,1,4,Training and Consulting Services,Tier 2,Italy,47.5,17,1,0,0,2022-09-25,Junior,,
In Progress,TKT-1706,Low,Email,Product setup,Sheela Cutten,2023-03-29 17:06:26,2023-03-31 17:06:26,2023-03-29 18:06:26,,2023-03-29 17:49:23,1,,Ready to use Software,Tier 1,Bulgaria,,43,1,,0,2019-07-10,Senior,,
Resolved,TKT-1707,Medium,Chat,Pricing and licensing,Sheela Cutten,2023-03-29 08:39:21,2023-03-30 08:39:21,2023-03-29 08:41:21,2023-03-29 09:17:29,2023-03-29 08:40:17,6,,Custom software development,Tier 1,France,0.64,1,0,0,0,2019-07-10,Senior,,
Closed,TKT-1708,Low,Chat,Other,Bernard Beckley,2023-03-29 04:00:01,2023-03-30 04:00:01,2023-03-29 04:02:01,2023-03-29 23:29:26,2023-03-29 04:00:06,60,4,Custom software development,Tier 1,Czech Republic,19.49,0,0,0,0,2019-11-20,Senior,,
In Progress,TKT-1709,Low,Chat,Training request,Michele Whyatt,2023-03-29 20:14:43,2023-03-30 20:14:43,2023-03-29 20:16:43,,2023-03-29 20:16:25,6,,Training and Consulting Services,Tier 2,United Kingdom,,2,0,,0,2022-04-10,Junior,,
Closed,TKT-1710,Low,Email,Product setup,Heather Urry,2023-03-30 18:00:20,2023-04-01 18:00:20,2023-03-30 19:00:20,2023-03-31 09:04:43,2023-03-30 18:01:45,1,4,Ready to use Software,Tier 2,Poland,15.07,1,1,0,0,2022-09-25,Junior,,
Closed,TKT-1711,High,Email,Product setup,Adolpho Messingham,2023-03-30 15:51:14,2023-04-01 15:51:14,2023-03-30 16:51:14,2023-04-01 04:03:40,2023-03-30 16:42:29,1,4,Ready to use Software,Tier 2,Spain,36.21,51,1,0,0,2020-05-15,Mid-Level,,
Closed,TKT-1712,Low,Email,Feature request,Heather Urry,2023-03-30 13:19:08,2023-04-01 13:19:08,2023-03-30 14:19:08,2023-03-31 19:26:04,2023-03-30 14:00:43,10,4,Ready to use Software,Tier 2,Italy,30.12,42,0,0,0,2022-09-25,Junior,,
Closed,TKT-1713,High,Email,Feature request,Adolpho Messingham,2023-03-30 11:29:45,2023-04-01 11:29:45,2023-03-30 12:29:45,2023-04-01 04:25:10,2023-03-30 11:45:26,2,4,Ready to use Software,Tier 2,Spain,40.92,16,0,0,0,2020-05-15,Mid-Level,,
Closed,TKT-1714,High,Email,Bug report,Heather Urry,2023-03-30 17:10:34,2023-04-01 17:10:34,2023-03-30 18:10:34,2023-03-31 22:27:17,2023-03-30 17:11:08,1,1,Ready to use Software,Tier 2,Republic of Ireland,29.28,1,1,0,0,2022-09-25,Junior,,
Closed,TKT-1715,Medium,Email,Pricing and licensing,Kristos Westoll,2023-03-30 22:34:43,2023-04-01 22:34:43,2023-03-30 23:34:43,2023-04-04 20:01:01,2023-03-30 22:58:42,8,3,Custom software development,Tier 1,Germany,117.44,24,0,1,0,2021-10-18,Mid-Level,,
Closed,TKT-1717,Medium,Chat,Other,Bernard Beckley,2023-03-30 04:23:37,2023-03-31 04:23:37,2023-03-30 04:25:37,2023-03-31 03:13:03,2023-03-30 04:27:14,4,3,Custom software development,Tier 1,Greece,22.82,4,0,0,1,2019-11-20,Senior,,
Resolved,TKT-1718,Low,Chat,Pricing and licensing,Bernard Beckley,2023-03-30 22:31:49,2023-03-31 22:31:49,2023-03-30 22:33:49,2023-03-31 13:51:54,2023-03-30 22:32:50,4,,Ready to use Software,Tier 1,Slovenia,15.33,1,0,0,0,2019-11-20,Senior,,
In Progress,TKT-1719,Low,Chat,Product setup,Nicola Wane,2023-03-30 07:13:06,2023-03-31 07:13:06,2023-03-30 07:15:06,,2023-03-30 07:13:38,7,,Ready to use Software,Tier 1,Slovenia,,1,0,,0,2021-03-12,Mid-Level,,
Resolved,TKT-1720,Low,Email,Bug report,Nicola Wane,2023-03-30 12:29:28,2023-04-01 12:29:28,2023-03-30 13:29:28,2023-03-31 21:35:36,2023-03-30 13:15:58,8,,Ready to use Software,Tier 1,Italy,33.1,46,0,0,0,2021-03-12,Mid-Level,,
Closed,TKT-1721,Low,Email,Product setup,Sheela Cutten,2023-03-30 15:37:40,2023-04-01 15:37:40,2023-03-30 16:37:40,2023-04-01 00:45:41,2023-03-30 15:38:54,2,3,Ready to use Software,Tier 1,Slovenia,33.13,1,0,0,0,2019-07-10,Senior,,
Resolved,TKT-1722,Low,Chat,Feature request,Connor Danielovitch,2023-03-30 20:59:16,2023-03-31 20:59:16,2023-03-30 21:01:16,2023-03-31 19:19:55,2023-03-30 20:59:38,60,,Custom software development,Tier 1,France,22.34,0,0,0,0,2018-02-15,Senior,,
Closed,TKT-1723,Low,Email,Bug report,Connor Danielovitch,2023-03-31 04:57:23,2023-04-02 04:57:23,2023-03-31 05:57:23,2023-03-31 20:37:55,2023-03-31 04:58:37,7,5,Ready to use Software,Tier 1,Germany,15.68,1,0,0,0,2018-02-15,Senior,,
Closed,TKT-1725,Low,Email,Purchasing and invoicing,Bernard Beckley,2023-03-31 03:10:35,2023-04-02 03:10:35,2023-03-31 04:10:35,2023-04-03 18:45:09,2023-03-31 03:53:25,1,4,Custom software development,Tier 1,Greece,87.58,43,1,1,0,2019-11-20,Senior,,
Closed,TKT-1726,High,Chat,Feature request,Kristos Westoll,2023-03-31 11:40:29,2023-04-01 11:40:29,2023-03-31 11:42:29,2023-03-31 15:33:54,2023-03-31 11:41:31,8,4,Ready to use Software,Tier 1,Italy,3.89,1,0,0,0,2021-10-18,Mid-Level,,
Resolved,TKT-1727,Low,Chat,Feature request,Connor Danielovitch,2023-03-31 08:54:42,2023-04-01 08:54:42,2023-03-31 08:56:42,2023-04-01 04:59:43,2023-03-31 08:56:24,6,,Ready to use Software,Tier 1,Greece,20.08,2,0,0,0,2018-02-15,Senior,,
Resolved,TKT-1728,High,Email,Feature request,Adolpho Messingham,2023-03-31 17:02:56,2023-04-02 17:02:56,2023-03-31 18:02:56,2023-04-02 14:44:39,2023-03-31 17:30:19,10,,Ready to use Software,Tier 2,Poland,45.7,27,0,0,0,2020-05-15,Mid-Level,,
In Progress,TKT-1729,High,Email,Product setup,Nicola Wane,2023-03-31 22:38:17,2023-04-02 22:38:17,2023-03-31 23:38:17,,2023-03-31 22:59:12,1,,Ready to use Software,Tier 1,Bulgaria,,21,1,,0,2021-03-12,Mid-Level,,
In Progress,TKT-1730,Medium,Chat,Product setup,Adolpho Messingham,2023-04-01 04:42:45,2023-04-02 04:42:45,2023-04-01 04:44:45,,2023-04-01 04:44:38,7,,Custom software development,Tier 2,Poland,,2,0,,0,2020-05-15,Mid-Level,,
Resolved,TKT-1731,Low,Email,Feature request,Sheela Cutten,2023-04-01 19:34:47,2023-04-03 19:34:47,2023-04-01 20:34:47,2023-04-03 01:12:34,2023-04-01 20:12:35,2,,Other,Tier 1,Germany,29.63,38,0,0,0,2019-07-10,Senior,,
In Progress,TKT-1732,Low,Email,Training request,Nicola Wane,2023-04-01 19:44:41,2023-04-03 19:44:41,2023-04-01 20:44:41,,2023-04-02 00:46:44,6,,Training and Consulting Services,Tier 1,Greece,,302,0,,1,2021-03-12,Mid-Level,,
Closed,TKT-1733,Medium,Email,Pricing and licensing,Sheela Cutten,2023-04-01 19:19:16,2023-04-03 19:19:16,2023-04-01 20:19:16,2023-04-02 13:38:28,2023-04-01 20:07:01,4,2,Other,Tier 1,Slovenia,18.32,48,0,0,0,2019-07-10,Senior,,
Closed,TKT-1748,Low,Chat,Feature request,Adolpho Messingham,2023-04-02 15:10:55,2023-04-03 15:10:55,2023-04-02 15:12:55,2023-04-05 16:34:22,2023-04-02 15:15:54,6,3,Custom software development,Tier 2,Czech Republic,73.39,5,0,1,1,2020-05-15,Mid-Level,,
In Progress,TKT-1749,Medium,Phone,Purchasing and invoicing,Kristos Westoll,2023-04-02 04:44:24,2023-04-04 04:44:24,2023-04-02 04:46:24,,2023-04-02 04:45:00,1,,Other,Tier 1,Germany,,1,1,,0,2021-10-18,Mid-Level,,
Resolved,TKT-1750,Low,Phone,Pricing and licensing,Sheela Cutten,2023-04-02 16:03:14,2023-04-04 16:03:14,2023-04-02 16:05:14,2023-04-06 10:28:20,2023-04-02 16:03:59,4,,Custom software development,Tier 1,Italy,90.42,1,0,1,0,2019-07-10,Senior,,
Resolved,TKT-1751,High,Email,Product setup,Adolpho Messingham,2023-04-02 15:53:36,2023-04-04 15:53:36,2023-04-02 16:53:36,2023-04-03 18:13:24,2023-04-02 16:17:30,2,,Other,Tier 2,Poland,26.33,24,0,0,0,2020-05-15,Mid-Level,,
Closed,TKT-1752,Low,Chat,Pricing and licensing,Sheela Cutten,2023-04-02 23:30:34,2023-04-03 23:30:34,2023-04-02 23:32:34,2023-04-03 20:34:51,2023-04-02 23:35:25,6,4,Custom software development,Tier 1,Germany,21.07,5,0,0,1,2019-07-10,Senior,,
Closed,TKT-1753,Low,Email,Pricing and licensing,Heather Urry,2023-04-03 05:55:15,2023-04-05 05:55:15,2023-04-03 06:55:15,2023-04-04 16:03:05,2023-04-03 06:06:34,5,4,Ready to use Software,Tier 2,Austria,34.13,11,0,0,0,2022-09-25,Junior,,
Closed,TKT-1754,Medium,Chat,Bug report,Connor Danielovitch,2023-04-03 00:18:01,2023-04-04 00:18:01,2023-04-03 00:20:01,2023-04-03 09:32:50,2023-04-03 00:19:48,3,5,Ready to use Software,Tier 1,Spain,9.25,2,0,0,0,2018-02-15,Senior,,
Closed,TKT-1755,High,Email,Product setup,Sheela Cutten,2023-04-03 04:51:54,2023-04-05 04:51:54,2023-04-03 05:51:54,2023-04-04 18:05:12,2023-04-03 05:44:08,8,5,Ready to use Software,Tier 1,Poland,37.22,52,0,0,0,2019-07-10,Senior,,
Resolved,TKT-1756,Low,Email,Product setup,Bernard Beckley,2023-04-03 05:19:08,2023-04-05 05:19:08,2023-04-03 06:19:08,2023-04-04 09:47:28,2023-04-03 05:47:53,2,,Other,Tier 1,Germany,28.47,29,0,0,0,2019-11-20,Senior,,
In Progress,TKT-1757,High,Chat,Product setup,Kristos Westoll,2023-04-03 07:05:23,2023-04-04 07:05:23,2023-04-03 07:07:23,,2023-04-03 07:05:26,7,,Ready to use Software,Tier 1,Austria,,0,0,,0,2021-10-18,Mid-Level,,
Closed,TKT-1759,Low,Chat,Feature request,Bernard Beckley,2023-04-03 17:17:33,2023-04-04 17:17:33,2023-04-03 17:19:33,2023-04-04 14:06:49,2023-04-03 17:18:18,6,3,Custom software development,Tier 1,Austria,20.82,1,0,0,0,2019-11-20,Senior,,
Closed,TKT-1761,Low,Email,Other,Sheela Cutten,2023-04-04 13:34:57,2023-04-06 13:34:57,2023-04-04 14:34:57,2023-04-05 02:47:11,2023-04-04 20:16:00,2,4,Custom software development,Tier 1,Austria,13.2,401,0,0,1,2019-07-10,Senior,,
Closed,TKT-1762,Low,Chat,Product setup,Kristos Westoll,2023-04-04 22:42:38,2023-04-05 22:42:38,2023-04-04 22:44:38,2023-04-06 16:31:46,2023-04-04 22:44:33,6,3,Ready to use Software,Tier 1,France,41.82,2,0,1,0,2021-10-18,Mid-Level,,
Resolved,TKT-1763,Low,Chat,Bug report,Kristos Westoll,2023-04-04 12:31:49,2023-04-05 12:31:49,2023-04-04 12:33:49,2023-04-05 02:55:34,2023-04-04 12:36:46,6,,Ready to use Software,Tier 1,Poland,14.4,5,0,0,1,2021-10-18,Mid-Level,,
Closed,TKT-1764,Low,Chat,Bug report,Bernard Beckley,2023-04-04 08:56:01,2023-04-05 08:56:01,2023-04-04 08:58:01,2023-04-04 18:34:44,2023-04-04 08:57:43,5,4,Training and Consulting Services,Tier 1,Austria,9.65,2,0,0,0,2019-11-20,Senior,,
Resolved,TKT-1765,Low,Chat,Pricing and licensing,Heather Urry,2023-04-04 11:05:30,2023-04-05 11:05:30,2023-04-04 11:07:30,2023-04-05 01:55:44,2023-04-04 11:05:38,6,,Ready to use Software,Tier 2,United Kingdom,14.84,0,0,0,0,2022-09-25,Junior,,
Closed,TKT-1766,Low,Email,Other,Michele Whyatt,2023-04-05 02:02:11,2023-04-07 02:02:11,2023-04-05 03:02:11,2023-04-05 08:47:59,2023-04-05 02:51:18,1,4,Other,Tier 2,United Kingdom,6.76,49,1,0,0,2022-04-10,Junior,,
Closed,TKT-1767,High,Chat,Product setup,Connor Danielovitch,2023-04-05 10:03:11,2023-04-06 10:03:11,2023-04-05 10:05:11,2023-04-07 11:19:05,2023-04-05 10:04:28,5,3,Ready to use Software,Tier 1,Poland,49.27,1,0,1,0,2018-02-15,Senior,,
In Progress,TKT-1768,Low,Chat,Product setup,Nicola Wane,2023-04-05 21:15:23,2023-04-06 21:15:23,2023-04-05 21:17:23,,2023-04-05 21:16:41,8,,Training and Consulting Services,Tier 1,Bulgaria,,1,0,,0,2021-03-12,Mid-Level,,
In Progress,TKT-1769,Low,Email,Feature request,Heather Urry,2023-04-05 11:07:48,2023-04-07 11:07:48,2023-04-05 12:07:48,,2023-04-05 11:37:03,3,,Custom software development,Tier 2,Germany,,29,0,,0,2022-09-25,Junior,,
Open,TKT-1770,Medium,Email,Pricing and licensing,Nicola Wane,2023-04-05 16:27:41,2023-04-07 16:27:41,2023-04-05 17:27:41,,,,,Ready to use Software,Tier 1,Germany,,,,,,2021-03-12,Mid-Level,,
Closed,TKT-1771,High,Chat,Product setup,Connor Danielovitch,2023-04-05 07:14:31,2023-04-06 07:14:31,2023-04-05 07:16:31,2023-04-06 02:39:11,2023-04-05 07:15:05,4,4,Ready to use Software,Tier 1,Poland,19.41,1,0,0,0,2018-02-15,Senior,,
Closed,TKT-1772,Medium,Chat,Feature request,Nicola Wane,2023-04-06 03:30:54,2023-04-07 03:30:54,2023-04-06 03:32:54,2023-04-06 04:31:03,2023-04-06 03:32:38,4,5,Ready to use Software,Tier 1,Germany,1,2,0,0,0,2021-03-12,Mid-Level,,
Resolved,TKT-1773,High,Email,Pricing and licensing,Sheela Cutten,2023-04-06 17:18:15,2023-04-08 17:18:15,2023-04-06 18:18:15,2023-04-07 07:13:28,2023-04-06 17:45:14,8,,Custom software development,Tier 1,Italy,13.92,27,0,0,0,2019-07-10,Senior,,
Closed,TKT-1774,Medium,Email,Bug report,Heather Urry,2023-04-06 02:59:03,2023-04-08 02:59:03,2023-04-06 03:59:03,2023-04-07 02:15:49,2023-04-06 03:39:49,5,4,Custom software development,Tier 2,Slovenia,23.28,41,0,0,0,2022-09-25,Junior,,
Closed,TKT-1775,Medium,Email,Product setup,Connor Danielovitch,2023-04-06 18:15:46,2023-04-08 18:15:46,2023-04-06 19:15:46,2023-04-08 07:58:45,2023-04-06 19:00:40,2,4,Ready to use Software,Tier 1,Republic of Ireland,37.72,45,0,0,0,2018-02-15,Senior,,
Closed,TKT-1777,Medium,Email,Product setup,Sheela Cutten,2023-04-06 04:54:37,2023-04-08 04:54:37,2023-04-06 05:54:37,2023-04-06 14:47:23,2023-04-06 05:44:37,2,4,Other,Tier 1,Italy,9.88,50,0,0,0,2019-07-10,Senior,,
In Progress,TKT-1778,Medium,Email,Training request,Heather Urry,2023-04-06 18:43:11,2023-04-08 18:43:11,2023-04-06 19:43:11,,2023-04-06 19:34:19,4,,Training and Consulting Services,Tier 2,France,,51,0,,0,2022-09-25,Junior,,
Closed,TKT-1779,Medium,Email,Product setup,Connor Danielovitch,2023-04-07 02:13:34,2023-04-09 02:13:34,2023-04-07 03:13:34,2023-04-08 13:42:13,2023-04-07 03:01:52,3,3,Ready to use Software,Tier 1,Bulgaria,35.48,48,0,0,0,2018-02-15,Senior,,
Resolved,TKT-1780,Low,Chat,Product setup,Adolpho Messingham,2023-04-07 22:19:14,2023-04-08 22:19:14,2023-04-07 22:21:14,2023-04-09 11:25:34,2023-04-07 22:24:34,4,,Ready to use Software,Tier 2,Germany,37.11,5,0,1,1,2020-05-15,Mid-Level,,
In Progress,TKT-1782,Low,Email,Pricing and licensing,Nicola Wane,2023-04-07 18:21:00,2023-04-09 18:21:00,2023-04-07 19:21:00,,2023-04-07 18:39:32,1,,Ready to use Software,Tier 1,Germany,,19,1,,0,2021-03-12,Mid-Level,,
Closed,TKT-1783,Medium,Email,Feature request,Heather Urry,2023-04-07 05:02:22,2023-04-09 05:02:22,2023-04-07 06:02:22,2023-04-07 21:09:00,2023-04-07 05:18:28,1,1,Ready to use Software,Tier 2,Slovenia,16.11,16,1,0,0,2022-09-25,Junior,,
Closed,TKT-1784,Medium,Email,Product setup,Kristos Westoll,2023-04-07 07:46:50,2023-04-09 07:46:50,2023-04-07 08:46:50,2023-04-08 18:08:43,2023-04-07 08:03:59,2,4,Ready to use Software,Tier 1,Italy,34.36,17,0,0,0,2021-10-18,Mid-Level,,
In Progress,TKT-1801,High,Phone,Feature request,Connor Danielovitch,2023-04-09 11:16:06,2023-04-11 11:16:06,2023-04-09 11:18:06,,2023-04-09 11:17:30,2,,Custom software development,Tier 1,Poland,,1,0,,0,2018-02-15,Senior,,
In Progress,TKT-1802,Low,Chat,Pricing and licensing,Nicola Wane,2023-04-09 18:24:07,2023-04-10 18:24:07,2023-04-09 18:26:07,,2023-04-09 18:24:07,7,,Custom software development,Tier 1,Greece,,0,0,,0,2021-03-12,Mid-Level,,
Closed,TKT-1803,Low,Email,Other,Connor Danielovitch,2023-04-09 01:54:49,2023-04-11 01:54:49,2023-04-09 02:54:49,2023-04-10 22:57:36,2023-04-09 02:31:16,1,4,Custom software development,Tier 1,Spain,45.05,36,1,0,0,2018-02-15,Senior,,
In Progress,TKT-1804,Medium,Chat,Product setup,Michele Whyatt,2023-04-09 17:35:53,2023-04-10 17:35:53,2023-04-09 17:37:53,,2023-04-09 17:36:51,6,,Ready to use Software,Tier 2,Bulgaria,,1,0,,0,2022-04-10,Junior,,
Resolved,TKT-1805,Low,Email,Pricing and licensing,Connor Danielovitch,2023-04-09 16:50:10,2023-04-11 16:50:10,2023-04-09 17:50:10,2023-04-10 08:09:15,2023-04-09 17:34:56,1,,Ready to use Software,Tier 1,Austria,15.32,45,1,0,0,2018-02-15,Senior,,
Closed,TKT-1806,Low,Email,Pricing and licensing,Kristos Westoll,2023-04-09 01:08:39,2023-04-11 01:08:39,2023-04-09 02:08:39,2023-04-10 08:28:58,2023-04-09 03:45:29,4,1,Custom software development,Tier 1,France,31.34,157,0,0,1,2021-10-18,Mid-Level,,
In Progress,TKT-1807,Medium,Email,Product setup,Nicola Wane,2023-04-10 16:07:38,2023-04-12 16:07:38,2023-04-10 17:07:38,,2023-04-10 16:39:14,10,,Other,Tier 1,France,,32,0,,0,2021-03-12,Mid-Level,,
Resolved,TKT-1808,Low,Chat,Feature request,Kristos Westoll,2023-04-10 22:37:41,2023-04-11 22:37:41,2023-04-10 22:39:41,2023-04-11 11:57:16,2023-04-10 22:37:48,60,,Ready to use Software,Tier 1,Italy,13.33,0,0,0,0,2021-10-18,Mid-Level,,
Closed,TKT-1809,High,Chat,Feature request,Nicola Wane,2023-04-10 12:36:32,2023-04-11 12:36:32,2023-04-10 12:38:32,2023-04-10 12:50:52,2023-04-10 12:38:23,3,4,Ready to use Software,Tier 1,United Kingdom,0.24,2,0,0,0,2021-03-12,Mid-Level,,
Closed,TKT-1810,Medium,Chat,Product setup,Sheela Cutten,2023-04-10 12:46:24,2023-04-11 12:46:24,2023-04-10 12:48:24,2023-04-11 00:11:44,2023-04-10 12:50:11,3,2,Training and Consulting Services,Tier 1,Bulgaria,11.42,4,0,0,1,2019-07-10,Senior,,
Closed,TKT-1811,Medium,Email,Pricing and licensing,Kristos Westoll,2023-04-10 16:21:25,2023-04-12 16:21:25,2023-04-10 17:21:25,2023-04-12 07:12:03,2023-04-10 16:40:07,1,4,Custom software development,Tier 1,Italy,38.84,19,1,0,0,2021-10-18,Mid-Level,,
In Progress,TKT-1812,High,Phone,Product setup,Kristos Westoll,2023-04-10 19:44:07,2023-04-12 19:44:07,2023-04-10 19:46:07,,2023-04-10 19:44:19,1,,Ready to use Software,Tier 1,United Kingdom,,0,1,,0,2021-10-18,Mid-Level,,
In Progress,TKT-1813,High,Chat,Purchasing and invoicing,Heather Urry,2023-04-10 22:39:59,2023-04-11 22:39:59,2023-04-10 22:41:59,,2023-04-10 22:41:26,60,,Ready to use Software,Tier 2,Greece,,1,0,,0,2022-09-25,Junior,,
Closed,TKT-1814,Medium,Email,Pricing and licensing,Connor Danielovitch,2023-04-11 08:22:38,2023-04-13 08:22:38,2023-04-11 09:22:38,2023-04-13 10:31:23,2023-04-11 09:17:03,1,4,Other,Tier 1,Greece,50.15,54,1,1,0,2018-02-15,Senior,,
Closed,TKT-1815,Low,Chat,Training request,Sheela Cutten,2023-04-11 17:54:18,2023-04-12 17:54:18,2023-04-11 17:56:18,2023-04-11 19:39:36,2023-04-11 17:54:44,4,5,Training and Consulting Services,Tier 1,Italy,1.76,0,0,0,0,2019-07-10,Senior,,
Closed,TKT-1816,Low,Phone,Feature request,Bernard Beckley,2023-04-11 01:46:54,2023-04-13 01:46:54,2023-04-11 01:48:54,2023-04-11 05:46:09,2023-04-11 01:50:43,5,1,Ready to use Software,Tier 1,Austria,3.99,4,0,0,1,2019-11-20,Senior,,
Resolved,TKT-1817,Low,Email,Purchasing and invoicing,Bernard Beckley,2023-04-11 01:35:11,2023-04-13 01:35:11,2023-04-11 02:35:11,2023-04-11 22:55:17,2023-04-11 01:46:52,2,,Ready to use Software,Tier 1,Germany,21.34,12,0,0,0,2019-11-20,Senior,,
Resolved,TKT-1818,Low,Chat,Pricing and licensing,Sheela Cutten,2023-04-11 09:01:04,2023-04-12 09:01:04,2023-04-11 09:03:04,2023-04-11 11:41:51,2023-04-11 09:01:57,4,,Custom software development,Tier 1,United Kingdom,2.68,1,0,0,0,2019-07-10,Senior,,
Resolved,TKT-1819,Low,Email,Product setup,Heather Urry,2023-04-11 11:17:59,2023-04-13 11:17:59,2023-04-11 12:17:59,2023-04-12 05:01:52,2023-04-11 11:43:49,3,,Other,Tier 2,Republic of Ireland,17.73,26,0,0,0,2022-09-25,Junior,,
Resolved,TKT-1820,Low,Email,Other,Bernard Beckley,2023-04-11 17:12:33,2023-04-13 17:12:33,2023-04-11 18:12:33,2023-04-13 04:22:47,2023-04-11 17:38:03,5,,Ready to use Software,Tier 1,Slovenia,35.17,26,0,0,0,2019-11-20,Senior,,
In Progress,TKT-1821,Low,Email,Feature request,Heather Urry,2023-04-11 17:28:21,2023-04-13 17:28:21,2023-04-11 18:28:21,,2023-04-11 17:57:04,9,,Custom software development,Tier 2,United Kingdom,,29,0,,0,2022-09-25,Junior,,
Closed,TKT-1822,Low,Phone,Pricing and licensing,Nicola Wane,2023-04-11 17:15:06,2023-04-13 17:15:06,2023-04-11 17:17:06,2023-04-13 14:36:20,2023-04-11 17:16:14,1,3,Ready to use Software,Tier 1,Italy,45.35,1,1,0,0,2021-03-12,Mid-Level,,
In Progress,TKT-1823,Medium,Chat,Product setup,Bernard Beckley,2023-04-11 07:16:39,2023-04-12 07:16:39,2023-04-11 07:18:39,,2023-04-11 07:18:12,7,,Other,Tier 1,Italy,,2,0,,0,2019-11-20,Senior,,
Resolved,TKT-1824,Low,Chat,Purchasing and invoicing,Kristos Westoll,2023-04-11 00:07:48,2023-04-12 00:07:48,2023-04-11 00:09:48,2023-04-11 11:06:41,2023-04-11 00:08:37,4,,Ready to use Software,Tier 1,France,10.98,1,0,0,0,2021-10-18,Mid-Level,,
Closed,TKT-1825,Low,Email,Feature request,Sheela Cutten,2023-04-11 13:44:37,2023-04-13 13:44:37,2023-04-11 14:44:37,2023-04-12 15:40:01,2023-04-11 13:49:27,2,4,Ready to use Software,Tier 1,Poland,25.92,5,0,0,0,2019-07-10,Senior,,
Resolved,TKT-1826,Low,Chat,Pricing and licensing,Michele Whyatt,2023-04-12 05:24:50,2023-04-13 05:24:50,2023-04-12 05:26:50,2023-04-12 06:26:03,2023-04-12 05:24:52,4,,Ready to use Software,Tier 2,Germany,1.02,0,0,0,0,2022-04-10,Junior,,
Resolved,TKT-1827,Medium,Email,Pricing and licensing,Connor Danielovitch,2023-04-12 02:54:55,2023-04-14 02:54:55,2023-04-12 03:54:55,2023-04-14 02:46:00,2023-04-12 09:25:31,2,,Custom software development,Tier 1,Italy,47.85,391,0,0,1,2018-02-15,Senior,,
Closed,TKT-1828,Low,Phone,Pricing and licensing,Kristos Westoll,2023-04-12 15:36:14,2023-04-14 15:36:14,2023-04-12 15:38:14,2023-04-15 13:19:55,2023-04-12 15:36:18,7,4,Custom software development,Tier 1,United Kingdom,69.73,0,0,1,0,2021-10-18,Mid-Level,,
Resolved,TKT-1829,Low,Chat,Feature request,Adolpho Messingham,2023-04-12 23:18:18,2023-04-13 23:18:18,2023-04-12 23:20:18,2023-04-15 21:38:33,2023-04-12 23:22:07,6,,Ready to use Software,Tier 2,Poland,70.34,4,0,1,1,2020-05-15,Mid-Level,,
Closed,TKT-1830,High,Chat,Pricing and licensing,Bernard Beckley,2023-04-12 23:28:44,2023-04-13 23:28:44,2023-04-12 23:30:44,2023-04-16 14:22:48,2023-04-12 23:29:29,60,5,Ready to use Software,Tier 1,Bulgaria,86.9,1,0,1,0,2019-11-20,Senior,,
In Progress,TKT-1831,Medium,Email,Feature request,Nicola Wane,2023-04-12 08:21:31,2023-04-14 08:21:31,2023-04-12 09:21:31,,2023-04-12 08:59:03,7,,Custom software development,Tier 1,United Kingdom,,38,0,,0,2021-03-12,Mid-Level,,
In Progress,TKT-1832,Medium,Email,Feature request,Connor Danielovitch,2023-04-12 08:29:48,2023-04-14 08:29:48,2023-04-12 09:29:48,,2023-04-12 09:00:23,1,,Custom software development,Tier 1,Italy,,31,1,,0,2018-02-15,Senior,,
Resolved,TKT-1833,High,Email,Product setup,Nicola Wane,2023-04-12 14:38:23,2023-04-14 14:38:23,2023-04-12 15:38:23,2023-04-14 04:45:43,2023-04-12 15:07:18,1,,Other,Tier 1,Republic of Ireland,38.12,29,1,0,0,2021-03-12,Mid-Level,,
Resolved,TKT-1834,Medium,Email,Purchasing and invoicing,Nicola Wane,2023-04-13 18:53:11,2023-04-15 18:53:11,2023-04-13 19:53:11,2023-04-14 03:27:43,2023-04-13 19:51:20,1,,Ready to use Software,Tier 1,United Kingdom,8.58,58,1,0,0,2021-03-12,Mid-Level,,
Closed,TKT-1835,Low,Phone,Pricing and licensing,Connor Danielovitch,2023-04-13 19:59:15,2023-04-15 19:59:15,2023-04-13 20:01:15,2023-04-15 15:27:18,2023-04-13 20:01:13,2,5,Training and Consulting Services,Tier 1,United Kingdom,43.47,2,0,0,0,2018-02-15,Senior,,
Closed,TKT-1836,Low,Chat,Product setup,Heather Urry,2023-04-13 22:21:58,2023-04-14 22:21:58,2023-04-13 22:23:58,2023-04-14 10:07:34,2023-04-13 22:23:11,5,3,Ready to use Software,Tier 2,Czech Republic,11.76,1,0,0,0,2022-09-25,Junior,,
Resolved,TKT-1838,Low,Chat,Bug report,Bernard Beckley,2023-04-13 01:38:11,2023-04-14 01:38:11,2023-04-13 01:40:11,2023-04-13 15:40:37,2023-04-13 01:39:04,6,,Custom software development,Tier 1,Poland,14.04,1,0,0,0,2019-11-20,Senior,,
Closed,TKT-1839,Low,Email,Training request,Nicola Wane,2023-04-13 21:53:53,2023-04-15 21:53:53,2023-04-13 22:53:53,2023-04-14 11:07:41,2023-04-13 22:01:38,10,5,Training and Consulting Services,Tier 1,Poland,13.23,8,0,0,0,2021-03-12,Mid-Level,,
In Progress,TKT-1840,Low,Chat,Bug report,Sheela Cutten,2023-04-13 00:46:33,2023-04-14 00:46:33,2023-04-13 00:48:33,,2023-04-13 00:47:30,6,,Custom software development,Tier 1,United Kingdom,,1,0,,0,2019-07-10,Senior,,
Closed,TKT-1841,Low,Email,Purchasing and invoicing,Nicola Wane,2023-04-13 03:49:42,2023-04-15 03:49:42,2023-04-13 04:49:42,2023-04-14 14:03:49,2023-04-13 03:51:06,6,5,Training and Consulting Services,Tier 1,Slovenia,34.24,1,0,0,0,2021-03-12,Mid-Level,,
Closed,TKT-1842,Medium,Chat,Pricing and licensing,Nicola Wane,2023-04-14 10:24:24,2023-04-15 10:24:24,2023-04-14 10:26:24,2023-04-15 09:53:26,2023-04-14 10:25:12,6,3,Training and Consulting Services,Tier 1,Spain,23.48,1,0,0,0,2021-03-12,Mid-Level,,
Resolved,TKT-1844,Low,Chat,Feature request,Kristos Westoll,2023-04-14 01:08:18,2023-04-15 01:08:18,2023-04-14 01:10:18,2023-04-16 12:44:38,2023-04-14 01:08:36,3,,Custom software development,Tier 1,Greece,59.61,0,0,1,0,2021-10-18,Mid-Level,,
Closed,TKT-1845,Medium,Chat,Bug report,Kristos Westoll,2023-04-14 13:04:45,2023-04-15 13:04:45,2023-04-14 13:06:45,2023-04-14 15:01:36,2023-04-14 13:10:27,60,5,Ready to use Software,Tier 1,Germany,1.95,6,0,0,1,2021-10-18,Mid-Level,,
Closed,TKT-1846,Medium,Email,Purchasing and invoicing,Michele Whyatt,2023-04-15 19:19:28,2023-04-17 19:19:28,2023-04-15 20:19:28,2023-04-16 09:26:26,2023-04-15 19:25:53,5,4,Ready to use Software,Tier 2,Bulgaria,14.12,6,0,0,0,2022-04-10,Junior,,
Closed,TKT-1847,Medium,Email,Feature request,Adolpho Messingham,2023-04-15 19:16:48,2023-04-17 19:16:48,2023-04-15 20:16:48,2023-04-17 13:55:14,2023-04-15 19:58:48,1,1,Ready to use Software,Tier 2,Italy,42.64,42,1,0,0,2020-05-15,Mid-Level,,
In Progress,TKT-1849,High,Chat,Pricing and licensing,Connor Danielovitch,2023-04-15 14:20:11,2023-04-16 14:20:11,2023-04-15 14:22:11,,2023-04-15 14:23:25,4,,Custom software development,Tier 1,Italy,,3,0,,1,2018-02-15,Senior,,
Resolved,TKT-1858,Low,Chat,Purchasing and invoicing,Bernard Beckley,2023-04-16 08:24:34,2023-04-17 08:24:34,2023-04-16 08:26:34,2023-04-16 11:39:02,2023-04-16 08:25:45,9,,Ready to use Software,Tier 1,Italy,3.24,1,0,0,0,2019-11-20,Senior,,
In Progress,TKT-1859,High,Chat,Other,Nicola Wane,2023-04-16 21:38:28,2023-04-17 21:38:28,2023-04-16 21:40:28,,2023-04-16 21:40:14,3,,Custom software development,Tier 1,Bulgaria,,2,0,,0,2021-03-12,Mid-Level,,
Resolved,TKT-1860,Medium,Email,Bug report,Nicola Wane,2023-04-16 08:37:24,2023-04-18 08:37:24,2023-04-16 09:37:24,2023-04-18 14:42:58,2023-04-16 09:12:13,1,,Custom software development,Tier 1,Germany,54.09,35,1,1,0,2021-03-12,Mid-Level,,
Resolved,TKT-1861,Medium,Email,Product setup,Bernard Beckley,2023-04-16 08:28:16,2023-04-18 08:28:16,2023-04-16 09:28:16,2023-04-16 08:51:37,2023-04-16 12:58:07,4,,Training and Consulting Services,Tier 1,Czech Republic,0.39,270,0,0,1,2019-11-20,Senior,,
Resolved,TKT-1862,Medium,Chat,Purchasing and invoicing,Adolpho Messingham,2023-04-16 22:55:36,2023-04-17 22:55:36,2023-04-16 22:57:36,2023-04-17 08:29:34,2023-04-16 22:56:49,4,,Training and Consulting Services,Tier 2,Germany,9.57,1,0,0,0,2020-05-15,Mid-Level,,
Closed,TKT-1863,High,Email,Purchasing and invoicing,Adolpho Messingham,2023-04-17 15:18:43,2023-04-19 15:18:43,2023-04-17 16:18:43,2023-04-19 11:13:22,2023-04-17 15:45:07,1,3,Other,Tier 2,Italy,43.91,26,1,0,0,2020-05-15,Mid-Level,,
Closed,TKT-1864,Medium,Email,Feature request,Bernard Beckley,2023-04-17 16:20:30,2023-04-19 16:20:30,2023-04-17 17:20:30,2023-04-17 20:16:38,2023-04-17 17:14:29,2,4,Custom software development,Tier 1,Germany,3.94,54,0,0,0,2019-11-20,Senior,,
Closed,TKT-1865,Low,Chat,Feature request,Adolpho Messingham,2023-04-17 12:14:44,2023-04-18 12:14:44,2023-04-17 12:16:44,2023-04-17 17:46:35,2023-04-17 12:16:25,4,4,Custom software development,Tier 2,United Kingdom,5.53,2,0,0,0,2020-05-15,Mid-Level,,
In Progress,TKT-1866,Medium,Email,Purchasing and invoicing,Connor Danielovitch,2023-04-17 19:02:22,2023-04-19 19:02:22,2023-04-17 20:02:22,,2023-04-18 01:19:46,7,,Custom software development,Tier 1,Slovenia,,377,0,,1,2018-02-15,Senior,,
Closed,TKT-1867,Medium,Chat,Product setup,Kristos Westoll,2023-04-17 15:48:18,2023-04-18 15:48:18,2023-04-17 15:50:18,2023-04-18 11:31:10,2023-04-17 15:48:45,4,1,Ready to use Software,Tier 1,Poland,19.71,0,0,0,0,2021-10-18,Mid-Level,,
Resolved,TKT-1868,Low,Phone,Pricing and licensing,Bernard Beckley,2023-04-17 13:01:40,2023-04-19 13:01:40,2023-04-17 13:03:40,2023-04-22 06:28:14,2023-04-17 13:01:47,2,,Custom software development,Tier 1,Austria,113.44,0,0,1,0,2019-11-20,Senior,,
Resolved,TKT-1869,Medium,Email,Purchasing and invoicing,Connor Danielovitch,2023-04-17 04:59:54,2023-04-19 04:59:54,2023-04-17 05:59:54,2023-04-18 18:14:34,2023-04-17 05:06:25,2,,Custom software development,Tier 1,Poland,37.24,7,0,0,0,2018-02-15,Senior,,
Closed,TKT-1870,High,Email,Product setup,Kristos Westoll,2023-04-18 21:47:02,2023-04-20 21:47:02,2023-04-18 22:47:02,2023-04-19 08:04:05,2023-04-18 21:51:37,8,5,Ready to use Software,Tier 1,Italy,10.28,5,0,0,0,2021-10-18,Mid-Level,,
Closed,TKT-1871,Low,Email,Training request,Nicola Wane,2023-04-18 17:48:33,2023-04-20 17:48:33,2023-04-18 18:48:33,2023-04-19 06:10:27,2023-04-18 18:19:59,1,1,Training and Consulting Services,Tier 1,Slovenia,12.37,31,1,0,0,2021-03-12,Mid-Level,,
Closed,TKT-1872,High,Email,Product setup,Michele Whyatt,2023-04-18 13:56:21,2023-04-20 13:56:21,2023-04-18 14:56:21,2023-04-19 02:06:18,2023-04-18 14:25:42,3,5,Ready to use Software,Tier 2,Slovenia,12.17,29,0,0,0,2022-04-10,Junior,,
Closed,TKT-1873,Low,Phone,Feature request,Kristos Westoll,2023-04-18 16:22:40,2023-04-20 16:22:40,2023-04-18 16:24:40,2023-04-19 09:22:56,2023-04-18 16:23:06,5,1,Custom software development,Tier 1,Poland,17,0,0,0,0,2021-10-18,Mid-Level,,
In Progress,TKT-1874,Low,Email,Other,Michele Whyatt,2023-04-18 08:58:20,2023-04-20 08:58:20,2023-04-18 09:58:20,,2023-04-18 09:04:17,10,,Ready to use Software,Tier 2,Italy,,6,0,,0,2022-04-10,Junior,,
Resolved,TKT-1875,Medium,Chat,Pricing and licensing,Adolpho Messingham,2023-04-18 12:00:17,2023-04-19 12:00:17,2023-04-18 12:02:17,2023-04-18 17:27:13,2023-04-18 12:02:08,3,,Ready to use Software,Tier 2,Germany,5.45,2,0,0,0,2020-05-15,Mid-Level,,
Closed,TKT-1876,Low,Email,Feature request,Kristos Westoll,2023-04-18 18:29:18,2023-04-20 18:29:18,2023-04-18 19:29:18,2023-04-19 10:02:21,2023-04-18 18:48:22,6,4,Ready to use Software,Tier 1,Poland,15.55,19,0,0,0,2021-10-18,Mid-Level,,
Resolved,TKT-1877,Medium,Email,Product setup,Kristos Westoll,2023-04-18 17:37:19,2023-04-20 17:37:19,2023-04-18 18:37:19,2023-04-20 13:23:08,2023-04-18 17:41:28,5,,Other,Tier 1,Germany,43.76,4,0,0,0,2021-10-18,Mid-Level,,
Closed,TKT-1878,Low,Email,Product setup,Bernard Beckley,2023-04-18 12:51:38,2023-04-20 12:51:38,2023-04-18 13:51:38,2023-04-20 02:33:19,2023-04-18 13:00:29,7,4,Ready to use Software,Tier 1,Austria,37.69,9,0,0,0,2019-11-20,Senior,,
In Progress,TKT-1879,Low,Email,Purchasing and invoicing,Sheela Cutten,2023-04-18 22:00:04,2023-04-20 22:00:04,2023-04-18 23:00:04,,2023-04-18 22:02:30,3,,Ready to use Software,Tier 1,Italy,,2,0,,0,2019-07-10,Senior,,
Resolved,TKT-1880,Low,Email,Bug report,Kristos Westoll,2023-04-19 13:44:33,2023-04-21 13:44:33,2023-04-19 14:44:33,2023-04-20 15:08:43,2023-04-19 14:41:13,1,,Custom software development,Tier 1,Germany,25.4,57,1,0,0,2021-10-18,Mid-Level,,
Resolved,TKT-1881,High,Chat,Purchasing and invoicing,Bernard Beckley,2023-04-19 22:56:27,2023-04-20 22:56:27,2023-04-19 22:58:27,2023-04-20 22:01:24,2023-04-19 22:58:22,6,,Ready to use Software,Tier 1,Italy,23.08,2,0,0,0,2019-11-20,Senior,,
Resolved,TKT-1882,Medium,Chat,Feature request,Sheela Cutten,2023-04-19 02:54:38,2023-04-20 02:54:38,2023-04-19 02:56:38,2023-04-22 03:55:56,2023-04-19 02:59:46,4,,Ready to use Software,Tier 1,United Kingdom,73.02,5,0,1,1,2019-07-10,Senior,,
In Progress,TKT-1883,Low,Chat,Feature request,Connor Danielovitch,2023-04-19 15:12:56,2023-04-20 15:12:56,2023-04-19 15:14:56,,2023-04-19 15:14:04,4,,Custom software development,Tier 1,Slovenia,,1,0,,0,2018-02-15,Senior,,
Closed,TKT-1884,High,Email,Bug report,Heather Urry,2023-04-19 13:35:20,2023-04-21 13:35:20,2023-04-19 14:35:20,2023-04-19 16:33:09,2023-04-19 20:51:45,5,3,Custom software development,Tier 2,Spain,2.96,436,0,0,1,2022-09-25,Junior,,
Closed,TKT-1885,Medium,Phone,Other,Sheela Cutten,2023-04-19 00:38:17,2023-04-21 00:38:17,2023-04-19 00:40:17,2023-04-20 13:31:09,2023-04-19 00:40:54,5,3,Ready to use Software,Tier 1,Italy,36.88,3,0,0,1,2019-07-10,Senior,,
Resolved,TKT-1886,Low,Chat,Bug report,Michele Whyatt,2023-04-19 05:03:07,2023-04-20 05:03:07,2023-04-19 05:05:07,2023-04-20 00:54:55,2023-04-19 05:04:45,6,,Ready to use Software,Tier 2,France,19.86,2,0,0,0,2022-04-10,Junior,,
Closed,TKT-1887,Low,Chat,Pricing and licensing,Sheela Cutten,2023-04-19 05:08:23,2023-04-20 05:08:23,2023-04-19 05:10:23,2023-04-21 12:57:07,2023-04-19 05:09:57,6,2,Custom software development,Tier 1,Germany,55.81,2,0,1,0,2019-07-10,Senior,,
In Progress,TKT-1888,Low,Email,Purchasing and invoicing,Sheela Cutten,2023-04-20 05:20:43,2023-04-22 05:20:43,2023-04-20 06:20:43,,2023-04-20 06:12:18,7,,Ready to use Software,Tier 1,Poland,,52,0,,0,2019-07-10,Senior,,
Closed,TKT-1889,Low,Email,Pricing and licensing,Nicola Wane,2023-04-20 03:15:00,2023-04-22 03:15:00,2023-04-20 04:15:00,2023-04-21 03:15:13,2023-04-20 04:02:37,7,1,Custom software development,Tier 1,Italy,24,48,0,0,0,2021-03-12,Mid-Level,,
Resolved,TKT-1890,High,Email,Purchasing and invoicing,Connor Danielovitch,2023-04-20 02:50:32,2023-04-22 02:50:32,2023-04-20 03:50:32,2023-04-21 03:23:23,2023-04-20 02:54:32,7,,Ready to use Software,Tier 1,Greece,24.55,4,0,0,0,2018-02-15,Senior,,
Resolved,TKT-1891,Low,Email,Pricing and licensing,Bernard Beckley,2023-04-20 04:04:48,2023-04-22 04:04:48,2023-04-20 05:04:48,2023-04-21 06:25:31,2023-04-20 04:17:18,4,,Other,Tier 1,Germany,26.35,13,0,0,0,2019-11-20,Senior,,
Resolved,TKT-1892,Low,Email,Other,Sheela Cutten,2023-04-20 10:08:09,2023-04-22 10:08:09,2023-04-20 11:08:09,2023-04-20 19:51:38,2023-04-20 10:24:13,8,,Custom software development,Tier 1,Republic of Ireland,9.72,16,0,0,0,2019-07-10,Senior,,
Closed,TKT-1893,Low,Phone,Feature request,Sheela Cutten,2023-04-20 08:25:00,2023-04-22 08:25:00,2023-04-20 08:27:00,2023-04-21 04:14:41,2023-04-20 08:26:23,4,4,Ready to use Software,Tier 1,Slovenia,19.83,1,0,0,0,2019-07-10,Senior,,
Resolved,TKT-1894,Medium,Chat,Feature request,Nicola Wane,2023-04-20 23:58:35,2023-04-21 23:58:35,2023-04-21 00:00:35,2023-04-25 04:53:55,2023-04-20 23:58:38,6,,Other,Tier 1,Germany,100.92,0,0,1,0,2021-03-12,Mid-Level,,
Closed,TKT-1895,Low,Email,Product setup,Connor Danielovitch,2023-04-20 00:51:56,2023-04-22 00:51:56,2023-04-20 01:51:56,2023-04-21 10:08:58,2023-04-20 01:28:01,6,3,Other,Tier 1,Republic of Ireland,33.28,36,0,0,0,2018-02-15,Senior,,
Closed,TKT-1896,Low,Email,Other,Connor Danielovitch,2023-04-20 19:33:22,2023-04-22 19:33:22,2023-04-20 20:33:22,2023-04-22 16:26:37,2023-04-20 20:16:58,10,4,Training and Consulting Services,Tier 1,Republic of Ireland,44.89,44,0,0,0,2018-02-15,Senior,,
Resolved,TKT-1897,Medium,Chat,Purchasing and invoicing,Nicola Wane,2023-04-21 14:40:38,2023-04-22 14:40:38,2023-04-21 14:42:38,2023-04-22 04:29:32,2023-04-21 14:40:48,6,,Training and Consulting Services,Tier 1,Germany,13.82,0,0,0,0,2021-03-12,Mid-Level,,
Resolved,TKT-1898,Low,Email,Product setup,Adolpho Messingham,2023-04-21 18:39:35,2023-04-23 18:39:35,2023-04-21 19:39:35,2023-04-22 00:37:36,2023-04-21 18:42:07,5,,Custom software development,Tier 2,Germany,5.97,3,0,0,0,2020-05-15,Mid-Level,,
In Progress,TKT-1899,Low,Email,Purchasing and invoicing,Michele Whyatt,2023-04-21 15:42:29,2023-04-23 15:42:29,2023-04-21 16:42:29,,2023-04-21 15:55:26,2,,Training and Consulting Services,Tier 2,Italy,,13,0,,0,2022-04-10,Junior,,
In Progress,TKT-1900,Low,Email,Other,Adolpho Messingham,2023-04-21 18:14:08,2023-04-23 18:14:08,2023-04-21 19:14:08,,2023-04-21 18:56:24,7,,Other,Tier 2,Spain,,42,0,,0,2020-05-15,Mid-Level,,
Closed,TKT-1901,Medium,Email,Feature request,Bernard Beckley,2023-04-21 03:00:43,2023-04-23 03:00:43,2023-04-21 04:00:43,2023-04-22 07:33:19,2023-04-21 03:19:13,1,4,Ready to use Software,Tier 1,Republic of Ireland,28.54,18,1,0,0,2019-11-20,Senior,,
Resolved,TKT-1902,Low,Chat,Product setup,Connor Danielovitch,2023-04-21 22:59:18,2023-04-22 22:59:18,2023-04-21 23:01:18,2023-04-25 06:52:11,2023-04-21 23:02:54,60,,Training and Consulting Services,Tier 1,Germany,79.88,4,0,1,1,2018-02-15,Senior,,
Resolved,TKT-1903,High,Phone,Training request,Sheela Cutten,2023-04-21 17:29:36,2023-04-23 17:29:36,2023-04-21 17:31:36,2023-04-23 04:28:02,2023-04-21 17:34:48,2,,Training and Consulting Services,Tier 1,Bulgaria,34.97,5,0,0,1,2019-07-10,Senior,,
Resolved,TKT-1904,Low,Chat,Other,Heather Urry,2023-04-21 06:37:18,2023-04-22 06:37:18,2023-04-21 06:39:18,2023-04-21 16:34:17,2023-04-21 06:38:29,8,,Ready to use Software,Tier 2,Spain,9.95,1,0,0,0,2022-09-25,Junior,,
In Progress,TKT-1905,Low,Email,Product setup,Michele Whyatt,2023-04-22 22:56:34,2023-04-24 22:56:34,2023-04-22 23:56:34,,2023-04-23 00:51:10,9,,Ready to use Software,Tier 2,United Kingdom,,115,0,,1,2022-04-10,Junior,,
Closed,TKT-1911,High,Email,Product setup,Adolpho Messingham,2023-04-23 06:37:05,2023-04-25 06:37:05,2023-04-23 07:37:05,2023-04-23 15:12:44,2023-04-23 07:11:55,1,5,Other,Tier 2,Republic of Ireland,8.59,35,1,0,0,2020-05-15,Mid-Level,,
Resolved,TKT-1912,Medium,Chat,Product setup,Bernard Beckley,2023-04-23 16:15:55,2023-04-24 16:15:55,2023-04-23 16:17:55,2023-04-24 02:33:04,2023-04-23 16:17:47,4,,Other,Tier 1,Germany,10.29,2,0,0,0,2019-11-20,Senior,,
Resolved,TKT-1913,Medium,Chat,Other,Bernard Beckley,2023-04-23 17:18:47,2023-04-24 17:18:47,2023-04-23 17:20:47,2023-04-24 10:50:46,2023-04-23 17:19:40,9,,Training and Consulting Services,Tier 1,Slovenia,17.53,1,0,0,0,2019-11-20,Senior,,
Closed,TKT-1914,Low,Email,Product setup,Nicola Wane,2023-04-24 11:26:34,2023-04-26 11:26:34,2023-04-24 12:26:34,2023-04-24 13:32:01,2023-04-24 12:13:05,8,1,Ready to use Software,Tier 1,Greece,2.09,47,0,0,0,2021-03-12,Mid-Level,,
In Progress,TKT-1915,Low,Phone,Product setup,Connor Danielovitch,2023-04-24 07:32:10,2023-04-26 07:32:10,2023-04-24 07:34:10,,2023-04-24 07:33:16,5,,Ready to use Software,Tier 1,Czech Republic,,1,0,,0,2018-02-15,Senior,,
Closed,TKT-1916,Low,Email,Product setup,Sheela Cutten,2023-04-24 08:29:14,2023-04-26 08:29:14,2023-04-24 09:29:14,2023-04-26 00:55:27,2023-04-24 08:30:14,2,4,Ready to use Software,Tier 1,United Kingdom,40.44,1,0,0,0,2019-07-10,Senior,,
Closed,TKT-1917,Low,Email,Bug report,Connor Danielovitch,2023-04-24 09:05:20,2023-04-26 09:05:20,2023-04-24 10:05:20,2023-04-24 19:12:43,2023-04-24 09:46:47,5,4,Custom software development,Tier 1,Republic of Ireland,10.12,41,0,0,0,2018-02-15,Senior,,
Resolved,TKT-1918,Medium,Email,Product setup,Sheela Cutten,2023-04-24 02:39:48,2023-04-26 02:39:48,2023-04-24 03:39:48,2023-04-26 01:17:48,2023-04-24 03:23:37,10,,Ready to use Software,Tier 1,Italy,46.63,44,0,0,0,2019-07-10,Senior,,
In Progress,TKT-1919,Low,Chat,Other,Sheela Cutten,2023-04-24 05:18:34,2023-04-25 05:18:34,2023-04-24 05:20:34,,2023-04-24 05:22:48,60,,Other,Tier 1,Germany,,4,0,,1,2019-07-10,Senior,,
Closed,TKT-1920,Medium,Email,Purchasing and invoicing,Adolpho Messingham,2023-04-24 17:08:16,2023-04-26 17:08:16,2023-04-24 18:08:16,2023-04-25 16:33:12,2023-04-24 17:16:08,6,5,Custom software development,Tier 2,Slovenia,23.42,8,0,0,0,2020-05-15,Mid-Level,,
Resolved,TKT-1921,Medium,Chat,Other,Sheela Cutten,2023-04-24 13:49:38,2023-04-25 13:49:38,2023-04-24 13:51:38,2023-04-24 18:16:37,2023-04-24 13:49:55,3,,Ready to use Software,Tier 1,United Kingdom,4.45,0,0,0,0,2019-07-10,Senior,,
In Progress,TKT-1922,Low,Email,Feature request,Connor Danielovitch,2023-04-24 01:45:52,2023-04-26 01:45:52,2023-04-24 02:45:52,,2023-04-24 01:49:11,8,,Custom software development,Tier 1,Germany,,3,0,,0,2018-02-15,Senior,,
Closed,TKT-1923,Medium,Chat,Feature request,Connor Danielovitch,2023-04-25 19:44:53,2023-04-26 19:44:53,2023-04-25 19:46:53,2023-04-29 19:50:10,2023-04-25 19:46:05,6,4,Custom software development,Tier 1,United Kingdom,96.09,1,0,1,0,2018-02-15,Senior,,
Closed,TKT-1924,High,Chat,Pricing and licensing,Connor Danielovitch,2023-04-25 21:29:53,2023-04-26 21:29:53,2023-04-25 21:31:53,2023-04-28 17:26:43,2023-04-25 21:31:03,4,3,Training and Consulting Services,Tier 1,Austria,67.95,1,0,1,0,2018-02-15,Senior,,
Resolved,TKT-1925,High,Email,Product setup,Heather Urry,2023-04-25 04:12:52,2023-04-27 04:12:52,2023-04-25 05:12:52,2023-04-25 07:22:50,2023-04-25 09:34:17,8,,Ready to use Software,Tier 2,Poland,3.17,321,0,0,1,2022-09-25,Junior,,
In Progress,TKT-1927,Low,Chat,Other,Adolpho Messingham,2023-04-25 15:06:36,2023-04-26 15:06:36,2023-04-25 15:08:36,,2023-04-25 15:07:02,4,,Custom software development,Tier 2,France,,0,0,,0,2020-05-15,Mid-Level,,
In Progress,TKT-1928,Medium,Email,Training request,Adolpho Messingham,2023-04-25 00:40:34,2023-04-27 00:40:34,2023-04-25 01:40:34,,2023-04-25 00:55:20,1,,Training and Consulting Services,Tier 2,United Kingdom,,15,1,,0,2020-05-15,Mid-Level,,
Closed,TKT-1929,Medium,Email,Other,Bernard Beckley,2023-04-25 23:46:34,2023-04-27 23:46:34,2023-04-26 00:46:34,2023-04-27 06:08:08,2023-04-25 23:49:40,2,1,Other,Tier 1,France,30.36,3,0,0,0,2019-11-20,Senior,,
Closed,TKT-1930,Low,Chat,Feature request,Kristos Westoll,2023-04-25 16:29:32,2023-04-26 16:29:32,2023-04-25 16:31:32,2023-04-25 21:14:27,2023-04-25 16:29:48,4,2,Ready to use Software,Tier 1,Italy,4.75,0,0,0,0,2021-10-18,Mid-Level,,
Closed,TKT-1931,Low,Email,Bug report,Adolpho Messingham,2023-04-26 03:07:27,2023-04-28 03:07:27,2023-04-26 04:07:27,2023-04-28 01:51:23,2023-04-26 03:24:25,2,4,Training and Consulting Services,Tier 2,Spain,46.73,17,0,0,0,2020-05-15,Mid-Level,,
Open,TKT-1932,High,Email,Training request,Connor Danielovitch,2023-04-26 11:36:51,2023-04-28 11:36:51,2023-04-26 12:36:51,,,,,Training and Consulting Services,Tier 1,Italy,,,,,,2018-02-15,Senior,,
Closed,TKT-1933,Low,Chat,Feature request,Heather Urry,2023-04-26 21:03:39,2023-04-27 21:03:39,2023-04-26 21:05:39,2023-04-27 05:16:27,2023-04-26 21:09:02,6,4,Custom software development,Tier 2,United Kingdom,8.21,5,0,0,1,2022-09-25,Junior,,
Closed,TKT-1934,Low,Email,Pricing and licensing,Kristos Westoll,2023-04-26 12:39:40,2023-04-28 12:39:40,2023-04-26 13:39:40,2023-04-27 01:18:02,2023-04-26 12:47:26,10,2,Custom software development,Tier 1,France,12.64,8,0,0,0,2021-10-18,Mid-Level,,
Closed,TKT-1937,Low,Email,Other,Kristos Westoll,2023-04-28 04:17:19,2023-04-30 04:17:19,2023-04-28 05:17:19,2023-04-28 18:03:59,2023-04-28 04:21:07,7,4,Ready to use Software,Tier 1,Italy,13.78,4,0,0,0,2021-10-18,Mid-Level,,
Closed,TKT-1938,Medium,Email,Pricing and licensing,Heather Urry,2023-04-28 12:45:26,2023-04-30 12:45:26,2023-04-28 13:45:26,2023-04-28 15:11:05,2023-04-28 13:10:12,8,5,Ready to use Software,Tier 2,Germany,2.43,25,0,0,0,2022-09-25,Junior,,
In Progress,TKT-1939,Low,Chat,Other,Bernard Beckley,2023-04-28 01:42:28,2023-04-29 01:42:28,2023-04-28 01:44:28,,2023-04-28 01:43:47,3,,Custom software development,Tier 1,Czech Republic,,1,0,,0,2019-11-20,Senior,,
Closed,TKT-1940,Low,Chat,Feature request,Connor Danielovitch,2023-04-28 08:54:40,2023-04-29 08:54:40,2023-04-28 08:56:40,2023-04-28 09:16:42,2023-04-28 08:58:35,3,4,Ready to use Software,Tier 1,Germany,0.37,4,0,0,1,2018-02-15,Senior,,
Closed,TKT-1942,Medium,Email,Other,Kristos Westoll,2023-04-28 00:22:07,2023-04-30 00:22:07,2023-04-28 01:22:07,2023-04-29 11:03:59,2023-04-28 00:54:03,1,4,Ready to use Software,Tier 1,Austria,34.7,32,1,0,0,2021-10-18,Mid-Level,,
Resolved,TKT-1943,Low,Email,Product setup,Kristos Westoll,2023-04-28 23:21:47,2023-04-30 23:21:47,2023-04-29 00:21:47,2023-04-29 12:31:17,2023-04-28 23:22:59,9,,Ready to use Software,Tier 1,Italy,13.16,1,0,0,0,2021-10-18,Mid-Level,,
Resolved,TKT-1945,Medium,Chat,Feature request,Bernard Beckley,2023-04-29 13:16:32,2023-04-30 13:16:32,2023-04-29 13:18:32,2023-04-30 05:55:37,2023-04-29 13:17:00,3,,Ready to use Software,Tier 1,Spain,16.65,0,0,0,0,2019-11-20,Senior,,
Closed,TKT-1946,High,Email,Training request,Heather Urry,2023-04-29 09:39:04,2023-05-01 09:39:04,2023-04-29 10:39:04,2023-05-01 15:12:25,2023-04-29 09:50:33,3,4,Training and Consulting Services,Tier 2,Italy,53.56,11,0,1,0,2022-09-25,Junior,,
Resolved,TKT-1956,Low,Email,Pricing and licensing,Connor Danielovitch,2023-04-29 02:53:31,2023-05-01 02:53:31,2023-04-29 03:53:31,2023-04-29 03:39:13,2023-04-29 03:52:54,5,,Other,Tier 1,Bulgaria,0.76,59,0,0,0,2018-02-15,Senior,,
Resolved,TKT-1957,Low,Email,Feature request,Nicola Wane,2023-04-29 01:59:28,2023-05-01 01:59:28,2023-04-29 02:59:28,2023-04-29 12:42:43,2023-04-29 08:17:20,3,,Ready to use Software,Tier 1,Slovenia,10.72,378,0,0,1,2021-03-12,Mid-Level,,
Resolved,TKT-1958,Low,Chat,Product setup,Michele Whyatt,2023-04-29 18:57:03,2023-04-30 18:57:03,2023-04-29 18:59:03,2023-04-29 19:09:44,2023-04-29 18:58:57,4,,Other,Tier 2,France,0.21,2,0,0,0,2022-04-10,Junior,,
Closed,TKT-1959,Low,Email,Other,Nicola Wane,2023-04-29 09:21:27,2023-05-01 09:21:27,2023-04-29 10:21:27,2023-04-29 13:49:54,2023-04-29 09:35:19,10,2,Other,Tier 1,Czech Republic,4.47,14,0,0,0,2021-03-12,Mid-Level,,
Closed,TKT-1960,Low,Email,Bug report,Kristos Westoll,2023-04-30 04:40:44,2023-05-02 04:40:44,2023-04-30 05:40:44,2023-04-30 23:16:11,2023-04-30 04:42:42,6,2,Ready to use Software,Tier 1,Poland,18.59,2,0,0,0,2021-10-18,Mid-Level,,
Closed,TKT-1961,High,Email,Purchasing and invoicing,Kristos Westoll,2023-04-30 11:33:18,2023-05-02 11:33:18,2023-04-30 12:33:18,2023-05-04 09:47:43,2023-04-30 11:42:53,1,5,Ready to use Software,Tier 1,Poland,94.24,10,1,1,0,2021-10-18,Mid-Level,,
In Progress,TKT-1962,Low,Email,Pricing and licensing,Bernard Beckley,2023-04-30 19:22:21,2023-05-02 19:22:21,2023-04-30 20:22:21,,2023-04-30 19:23:20,1,,Custom software development,Tier 1,Germany,,1,1,,0,2019-11-20,Senior,,
Closed,TKT-1963,Medium,Phone,Purchasing and invoicing,Heather Urry,2023-04-30 20:47:07,2023-05-02 20:47:07,2023-04-30 20:49:07,2023-05-01 07:56:38,2023-04-30 20:51:49,2,4,Custom software development,Tier 2,Slovenia,11.16,5,0,0,1,2022-09-25,Junior,,
Resolved,TKT-1964,Low,Email,Bug report,Bernard Beckley,2023-04-30 19:57:12,2023-05-02 19:57:12,2023-04-30 20:57:12,2023-05-02 10:27:39,2023-04-30 20:23:24,3,,Custom software development,Tier 1,Spain,38.51,26,0,0,0,2019-11-20,Senior,,
Closed,TKT-1965,Medium,Email,Product setup,Adolpho Messingham,2023-04-30 01:00:56,2023-05-02 01:00:56,2023-04-30 02:00:56,2023-05-01 16:23:03,2023-04-30 01:42:03,10,2,Ready to use Software,Tier 2,Germany,39.37,41,0,0,0,2020-05-15,Mid-Level,,
Closed,TKT-1966,High,Chat,Product setup,Heather Urry,2023-04-30 08:01:49,2023-05-01 08:01:49,2023-04-30 08:03:49,2023-04-30 12:47:31,2023-04-30 08:02:02,9,2,Ready to use Software,Tier 2,Czech Republic,4.76,0,0,0,0,2022-09-25,Junior,,
In Progress,TKT-1974,Medium,Email,Other,Bernard Beckley,2023-05-01 03:26:27,2023-05-03 03:26:27,2023-05-01 04:26:27,,2023-05-01 03:54:45,5,,Custom software development,Tier 1,United Kingdom,,28,0,,0,2019-11-20,Senior,,
Resolved,TKT-1975,Low,Email,Pricing and licensing,Sheela Cutten,2023-05-01 00:15:50,2023-05-03 00:15:50,2023-05-01 01:15:50,2023-05-02 07:29:48,2023-05-01 00:33:00,2,,Other,Tier 1,Czech Republic,31.23,17,0,0,0,2019-07-10,Senior,,
Closed,TKT-1976,Medium,Email,Feature request,Kristos Westoll,2023-05-01 17:16:37,2023-05-03 17:16:37,2023-05-01 18:16:37,2023-05-03 01:01:26,2023-05-01 18:06:31,1,5,Custom software development,Tier 1,Italy,31.75,50,1,0,0,2021-10-18,Mid-Level,,
Closed,TKT-1977,Low,Email,Feature request,Kristos Westoll,2023-05-01 19:32:21,2023-05-03 19:32:21,2023-05-01 20:32:21,2023-05-02 18:41:23,2023-05-01 22:13:54,2,4,Ready to use Software,Tier 1,Poland,23.15,162,0,0,1,2021-10-18,Mid-Level,,
Resolved,TKT-1978,Low,Phone,Pricing and licensing,Adolpho Messingham,2023-05-01 14:14:01,2023-05-03 14:14:01,2023-05-01 14:16:01,2023-05-04 01:10:49,2023-05-01 14:15:42,3,,Custom software development,Tier 2,Poland,58.95,2,0,1,0,2020-05-15,Mid-Level,,
Closed,TKT-1979,Low,Phone,Purchasing and invoicing,Nicola Wane,2023-05-01 21:28:26,2023-05-03 21:28:26,2023-05-01 21:30:26,2023-05-06 08:49:14,2023-05-01 21:29:50,1,4,Training and Consulting Services,Tier 1,France,107.35,1,1,1,0,2021-03-12,Mid-Level,,
Closed,TKT-1980,Low,Email,Pricing and licensing,Michele Whyatt,2023-05-01 06:56:45,2023-05-03 06:56:45,2023-05-01 07:56:45,2023-05-02 00:53:28,2023-05-01 07:10:40,8,3,Ready to use Software,Tier 2,Austria,17.95,14,0,0,0,2022-04-10,Junior,,
Resolved,TKT-1981,Low,Email,Product setup,Kristos Westoll,2023-05-01 08:53:32,2023-05-03 08:53:32,2023-05-01 09:53:32,2023-05-02 02:25:44,2023-05-01 09:50:20,6,,Custom software development,Tier 1,Italy,17.54,57,0,0,0,2021-10-18,Mid-Level,,
Closed,TKT-1982,Low,Phone,Purchasing and invoicing,Kristos Westoll,2023-05-01 18:01:41,2023-05-03 18:01:41,2023-05-01 18:03:41,2023-05-02 04:36:28,2023-05-01 18:03:40,7,4,Ready to use Software,Tier 1,Germany,10.58,2,0,0,0,2021-10-18,Mid-Level,,
In Progress,TKT-1983,Low,Chat,Product setup,Michele Whyatt,2023-05-01 16:05:00,2023-05-02 16:05:00,2023-05-01 16:07:00,,2023-05-01 16:06:26,60,,Custom software development,Tier 2,Republic of Ireland,,1,0,,0,2022-04-10,Junior,,
In Progress,TKT-1984,Low,Chat,Feature request,Connor Danielovitch,2023-05-01 10:53:43,2023-05-02 10:53:43,2023-05-01 10:55:43,,2023-05-01 10:59:27,4,,Custom software development,Tier 1,Czech Republic,,6,0,,1,2018-02-15,Senior,,
Resolved,TKT-1985,Medium,Email,Training request,Nicola Wane,2023-05-02 10:43:37,2023-05-04 10:43:37,2023-05-02 11:43:37,2023-05-03 08:39:02,2023-05-02 11:21:03,9,,Training and Consulting Services,Tier 1,France,21.92,37,0,0,0,2021-03-12,Mid-Level,,
Closed,TKT-1986,Low,Email,Pricing and licensing,Sheela Cutten,2023-05-02 23:45:36,2023-05-04 23:45:36,2023-05-03 00:45:36,2023-05-03 07:32:27,2023-05-03 00:25:14,3,4,Training and Consulting Services,Tier 1,Republic of Ireland,7.78,40,0,0,0,2019-07-10,Senior,,
Closed,TKT-1987,Medium,Email,Product setup,Michele Whyatt,2023-05-02 08:46:52,2023-05-04 08:46:52,2023-05-02 09:46:52,2023-05-05 20:31:53,2023-05-02 09:11:44,1,5,Custom software development,Tier 2,Czech Republic,83.75,25,1,1,0,2022-04-10,Junior,,
Resolved,TKT-1988,Low,Chat,Purchasing and invoicing,Heather Urry,2023-05-02 15:29:28,2023-05-03 15:29:28,2023-05-02 15:31:28,2023-05-02 21:10:47,2023-05-02 15:31:05,4,,Other,Tier 2,Greece,5.69,2,0,0,0,2022-09-25,Junior,,
In Progress,TKT-1989,High,Phone,Pricing and licensing,Bernard Beckley,2023-05-02 17:56:22,2023-05-04 17:56:22,2023-05-02 17:58:22,,2023-05-02 17:58:20,2,,Custom software development,Tier 1,United Kingdom,,2,0,,0,2019-11-20,Senior,,
Resolved,TKT-1990,Low,Email,Purchasing and invoicing,Adolpho Messingham,2023-05-02 04:01:40,2023-05-04 04:01:40,2023-05-02 05:01:40,2023-05-03 06:28:56,2023-05-02 04:12:46,7,,Ready to use Software,Tier 2,Poland,26.45,11,0,0,0,2020-05-15,Mid-Level,,
Closed,TKT-1991,Low,Chat,Pricing and licensing,Nicola Wane,2023-05-02 11:10:59,2023-05-03 11:10:59,2023-05-02 11:12:59,2023-05-02 12:18:08,2023-05-02 11:12:22,7,3,Custom software development,Tier 1,Bulgaria,1.12,1,0,0,0,2021-03-12,Mid-Level,,
Resolved,TKT-1992,Medium,Phone,Feature request,Connor Danielovitch,2023-05-02 16:16:34,2023-05-04 16:16:34,2023-05-02 16:18:34,2023-05-05 23:29:22,2023-05-02 16:18:18,3,,Custom software development,Tier 1,Bulgaria,79.21,2,0,1,0,2018-02-15,Senior,,
Closed,TKT-1993,Medium,Phone,Training request,Nicola Wane,2023-05-02 16:37:56,2023-05-04 16:37:56,2023-05-02 16:39:56,2023-05-03 10:24:17,2023-05-02 16:39:10,4,3,Training and Consulting Services,Tier 1,Germany,17.77,1,0,0,0,2021-03-12,Mid-Level,,
Resolved,TKT-1994,Low,Chat,Other,Nicola Wane,2023-05-02 21:28:57,2023-05-03 21:28:57,2023-05-02 21:30:57,2023-05-03 05:45:44,2023-05-02 21:29:55,7,,Ready to use Software,Tier 1,Germany,8.28,1,0,0,0,2021-03-12,Mid-Level,,
Resolved,TKT-1995,Medium,Phone,Other,Kristos Westoll,2023-05-03 04:53:08,2023-05-05 04:53:08,2023-05-03 04:55:08,2023-05-03 14:13:04,2023-05-03 04:53:46,2,,Ready to use Software,Tier 1,United Kingdom,9.33,1,0,0,0,2021-10-18,Mid-Level,,
Closed,TKT-1996,Medium,Phone,Pricing and licensing,Bernard Beckley,2023-05-03 16:14:03,2023-05-05 16:14:03,2023-05-03 16:16:03,2023-05-08 06:38:14,2023-05-03 16:14:31,1,3,Ready to use Software,Tier 1,Poland,110.4,0,1,1,0,2019-11-20,Senior,,
Resolved,TKT-1997,Low,Email,Product setup,Adolpho Messingham,2023-05-03 13:03:01,2023-05-05 13:03:01,2023-05-03 14:03:01,2023-05-05 08:17:18,2023-05-03 13:20:51,2,,Custom software development,Tier 2,United Kingdom,43.24,18,0,0,0,2020-05-15,Mid-Level,,
Closed,TKT-1998,Medium,Email,Product setup,Heather Urry,2023-05-03 16:48:44,2023-05-05 16:48:44,2023-05-03 17:48:44,2023-05-03 17:12:11,2023-05-03 17:44:25,4,3,Other,Tier 2,United Kingdom,0.39,56,0,0,0,2022-09-25,Junior,,
In Progress,TKT-1999,Low,Phone,Product setup,Adolpho Messingham,2023-05-03 18:09:48,2023-05-05 18:09:48,2023-05-03 18:11:48,,2023-05-03 18:13:46,4,,Custom software development,Tier 2,Slovenia,,4,0,,1,2020-05-15,Mid-Level,,
In Progress,TKT-2000,Low,Email,Feature request,Sheela Cutten,2023-05-03 10:20:16,2023-05-05 10:20:16,2023-05-03 11:20:16,,2023-05-03 11:08:44,1,,Custom software development,Tier 1,Republic of Ireland,,48,1,,0,2019-07-10,Senior,,
Resolved,TKT-2001,Medium,Email,Bug report,Sheela Cutten,2023-05-03 08:38:01,2023-05-05 08:38:01,2023-05-03 09:38:01,2023-05-05 00:13:10,2023-05-03 14:06:43,1,,Ready to use Software,Tier 1,Bulgaria,39.59,329,1,0,1,2019-07-10,Senior,,
In Progress,TKT-2002,Low,Email,Pricing and licensing,Nicola Wane,2023-05-03 06:59:01,2023-05-05 06:59:01,2023-05-03 07:59:01,,2023-05-03 07:25:37,2,,Custom software development,Tier 1,Italy,,27,0,,0,2021-03-12,Mid-Level,,
Resolved,TKT-2003,High,Chat,Product setup,Adolpho Messingham,2023-05-03 23:36:36,2023-05-04 23:36:36,2023-05-03 23:38:36,2023-05-04 21:33:16,2023-05-03 23:37:39,6,,Training and Consulting Services,Tier 2,Spain,21.94,1,0,0,0,2020-05-15,Mid-Level,,
Resolved,TKT-2004,Medium,Email,Product setup,Kristos Westoll,2023-05-03 09:38:59,2023-05-05 09:38:59,2023-05-03 10:38:59,2023-05-05 06:42:27,2023-05-03 10:06:10,7,,Custom software development,Tier 1,Greece,45.06,27,0,0,0,2021-10-18,Mid-Level,,
Closed,TKT-2005,Low,Email,Other,Sheela Cutten,2023-05-03 21:34:00,2023-05-05 21:34:00,2023-05-03 22:34:00,2023-05-04 12:04:51,2023-05-03 21:54:32,2,4,Custom software development,Tier 1,Germany,14.51,21,0,0,0,2019-07-10,Senior,,
Closed,TKT-2006,High,Email,Feature request,Kristos Westoll,2023-05-03 05:48:01,2023-05-05 05:48:01,2023-05-03 06:48:01,2023-05-03 23:26:57,2023-05-03 06:00:32,1,5,Ready to use Software,Tier 1,Italy,17.65,13,1,0,0,2021-10-18,Mid-Level,,
Closed,TKT-2007,Low,Chat,Product setup,Nicola Wane,2023-05-04 19:26:02,2023-05-05 19:26:02,2023-05-04 19:28:02,2023-05-05 15:30:32,2023-05-04 19:27:18,5,1,Ready to use Software,Tier 1,Republic of Ireland,20.07,1,0,0,0,2021-03-12,Mid-Level,,
Closed,TKT-2008,Medium,Chat,Product setup,Heather Urry,2023-05-04 01:22:03,2023-05-05 01:22:03,2023-05-04 01:24:03,2023-05-07 16:18:43,2023-05-04 01:22:37,7,5,Other,Tier 2,France,86.94,1,0,1,0,2022-09-25,Junior,,
In Progress,TKT-2010,Medium,Email,Product setup,Kristos Westoll,2023-05-04 11:42:39,2023-05-06 11:42:39,2023-05-04 12:42:39,,2023-05-04 12:55:02,3,,Custom software development,Tier 1,France,,72,0,,1,2021-10-18,Mid-Level,,
Closed,TKT-2011,Medium,Chat,Pricing and licensing,Kristos Westoll,2023-05-05 14:09:14,2023-05-06 14:09:14,2023-05-05 14:11:14,2023-05-06 01:28:08,2023-05-05 14:12:31,9,4,Ready to use Software,Tier 1,Slovenia,11.32,3,0,0,1,2021-10-18,Mid-Level,,
Closed,TKT-2012,Low,Chat,Bug report,Nicola Wane,2023-05-05 23:50:12,2023-05-06 23:50:12,2023-05-05 23:52:12,2023-05-06 09:49:23,2023-05-05 23:50:36,9,5,Custom software development,Tier 1,Austria,9.99,0,0,0,0,2021-03-12,Mid-Level,,
Closed,TKT-2014,High,Email,Other,Kristos Westoll,2023-05-05 10:41:49,2023-05-07 10:41:49,2023-05-05 11:41:49,2023-05-06 17:28:10,2023-05-05 10:42:30,5,2,Training and Consulting Services,Tier 1,Republic of Ireland,30.77,1,0,0,0,2021-10-18,Mid-Level,,
Closed,TKT-2015,Low,Email,Feature request,Connor Danielovitch,2023-05-05 03:03:46,2023-05-07 03:03:46,2023-05-05 04:03:46,2023-05-05 04:38:40,2023-05-05 03:22:22,5,5,Ready to use Software,Tier 1,Italy,1.58,19,0,0,0,2018-02-15,Senior,,
In Progress,TKT-2016,Medium,Email,Purchasing and invoicing,Nicola Wane,2023-05-05 16:30:48,2023-05-07 16:30:48,2023-05-05 17:30:48,,2023-05-05 16:52:26,1,,Ready to use Software,Tier 1,Spain,,22,1,,0,2021-03-12,Mid-Level,,
Closed,TKT-2017,Low,Email,Product setup,Adolpho Messingham,2023-05-05 01:32:00,2023-05-07 01:32:00,2023-05-05 02:32:00,2023-05-06 01:50:45,2023-05-05 02:07:45,1,3,Ready to use Software,Tier 2,Czech Republic,24.31,36,1,0,0,2020-05-15,Mid-Level,,
Closed,TKT-2018,Low,Chat,Feature request,Connor Danielovitch,2023-05-05 15:10:06,2023-05-06 15:10:06,2023-05-05 15:12:06,2023-05-06 02:33:44,2023-05-05 15:10:20,5,5,Ready to use Software,Tier 1,Republic of Ireland,11.39,0,0,0,0,2018-02-15,Senior,,
Resolved,TKT-2019,Low,Chat,Bug report,Kristos Westoll,2023-05-05 05:54:12,2023-05-06 05:54:12,2023-05-05 05:56:12,2023-05-05 08:51:43,2023-05-05 05:55:05,5,,Ready to use Software,Tier 1,Austria,2.96,1,0,0,0,2021-10-18,Mid-Level,,
Closed,TKT-2020,High,Email,Feature request,Kristos Westoll,2023-05-05 09:06:10,2023-05-07 09:06:10,2023-05-05 10:06:10,2023-05-05 14:45:32,2023-05-05 09:48:54,6,4,Custom software development,Tier 1,United Kingdom,5.66,43,0,0,0,2021-10-18,Mid-Level,,
In Progress,TKT-2021,High,Chat,Feature request,Connor Danielovitch,2023-05-05 15:16:20,2023-05-06 15:16:20,2023-05-05 15:18:20,,2023-05-05 15:17:50,4,,Ready to use Software,Tier 1,Slovenia,,2,0,,0,2018-02-15,Senior,,
Closed,TKT-2022,Low,Email,Training request,Connor Danielovitch,2023-05-05 06:02:46,2023-05-07 06:02:46,2023-05-05 07:02:46,2023-05-06 13:19:59,2023-05-05 06:50:01,2,5,Training and Consulting Services,Tier 1,Italy,31.29,47,0,0,0,2018-02-15,Senior,,
Closed,TKT-2023,Low,Email,Product setup,Kristos Westoll,2023-05-05 07:13:24,2023-05-07 07:13:24,2023-05-05 08:13:24,2023-05-08 02:26:46,2023-05-05 11:48:58,1,5,Custom software development,Tier 1,Poland,67.22,276,1,1,1,2021-10-18,Mid-Level,,
Closed,TKT-2028,Low,Email,Pricing and licensing,Sheela Cutten,2023-05-06 23:05:51,2023-05-08 23:05:51,2023-05-07 00:05:51,2023-05-12 16:23:20,2023-05-07 00:05:45,5,2,Custom software development,Tier 1,Czech Republic,137.29,60,0,1,0,2019-07-10,Senior,,
Resolved,TKT-2029,Medium,Email,Pricing and licensing,Bernard Beckley,2023-05-06 08:37:48,2023-05-08 08:37:48,2023-05-06 09:37:48,2023-05-07 10:03:24,2023-05-06 12:57:00,1,,Other,Tier 1,Italy,25.43,259,1,0,1,2019-11-20,Senior,,
Closed,TKT-2030,Low,Email,Pricing and licensing,Kristos Westoll,2023-05-06 21:39:46,2023-05-08 21:39:46,2023-05-06 22:39:46,2023-05-08 16:57:35,2023-05-06 21:52:03,5,1,Custom software development,Tier 1,France,43.3,12,0,0,0,2021-10-18,Mid-Level,,
In Progress,TKT-2031,Low,Chat,Bug report,Connor Danielovitch,2023-05-07 20:26:09,2023-05-08 20:26:09,2023-05-07 20:28:09,,2023-05-07 20:26:27,6,,Custom software development,Tier 1,United Kingdom,,0,0,,0,2018-02-15,Senior,,
Resolved,TKT-2032,Low,Chat,Purchasing and invoicing,Sheela Cutten,2023-05-07 08:37:05,2023-05-08 08:37:05,2023-05-07 08:39:05,2023-05-08 00:45:54,2023-05-07 08:39:15,6,,Training and Consulting Services,Tier 1,Czech Republic,16.15,2,0,0,1,2019-07-10,Senior,,
Closed,TKT-2034,Low,Email,Purchasing and invoicing,Sheela Cutten,2023-05-07 02:10:20,2023-05-09 02:10:20,2023-05-07 03:10:20,2023-05-08 22:05:41,2023-05-07 02:16:34,1,4,Other,Tier 1,United Kingdom,43.92,6,1,0,0,2019-07-10,Senior,,
Closed,TKT-2035,Low,Email,Product setup,Bernard Beckley,2023-05-07 05:31:03,2023-05-09 05:31:03,2023-05-07 06:31:03,2023-05-07 18:18:46,2023-05-07 06:21:15,9,3,Training and Consulting Services,Tier 1,Czech Republic,12.8,50,0,0,0,2019-11-20,Senior,,
Closed,TKT-2036,Medium,Email,Product setup,Bernard Beckley,2023-05-08 13:48:01,2023-05-10 13:48:01,2023-05-08 14:48:01,2023-05-08 22:33:52,2023-05-08 13:57:58,10,1,Ready to use Software,Tier 1,Czech Republic,8.76,10,0,0,0,2019-11-20,Senior,,
Closed,TKT-2039,Low,Email,Purchasing and invoicing,Connor Danielovitch,2023-05-08 17:48:29,2023-05-10 17:48:29,2023-05-08 18:48:29,2023-05-08 18:48:44,2023-05-08 17:59:51,5,4,Ready to use Software,Tier 1,Poland,1,11,0,0,0,2018-02-15,Senior,,
Resolved,TKT-2040,Low,Email,Pricing and licensing,Bernard Beckley,2023-05-08 01:35:22,2023-05-10 01:35:22,2023-05-08 02:35:22,2023-05-09 01:17:11,2023-05-08 02:05:51,5,,Training and Consulting Services,Tier 1,United Kingdom,23.7,30,0,0,0,2019-11-20,Senior,,
Resolved,TKT-2041,Low,Email,Bug report,Bernard Beckley,2023-05-08 11:40:37,2023-05-10 11:40:37,2023-05-08 12:40:37,2023-05-09 21:05:57,2023-05-08 12:03:57,1,,Ready to use Software,Tier 1,Poland,33.42,23,1,0,0,2019-11-20,Senior,,
In Progress,TKT-2042,Low,Email,Other,Connor Danielovitch,2023-05-08 20:38:25,2023-05-10 20:38:25,2023-05-08 21:38:25,,2023-05-08 21:00:55,5,,Training and Consulting Services,Tier 1,Czech Republic,,22,0,,0,2018-02-15,Senior,,
In Progress,TKT-2044,High,Chat,Product setup,Nicola Wane,2023-05-09 04:50:43,2023-05-10 04:50:43,2023-05-09 04:52:43,,2023-05-09 04:52:14,8,,Ready to use Software,Tier 1,Italy,,2,0,,0,2021-03-12,Mid-Level,,
Closed,TKT-2045,Low,Chat,Product setup,Connor Danielovitch,2023-05-09 12:52:20,2023-05-10 12:52:20,2023-05-09 12:54:20,2023-05-09 16:16:19,2023-05-09 12:53:09,6,4,Custom software development,Tier 1,Italy,3.4,1,0,0,0,2018-02-15,Senior,,
Resolved,TKT-2046,Low,Email,Other,Kristos Westoll,2023-05-09 05:51:28,2023-05-11 05:51:28,2023-05-09 06:51:28,2023-05-10 14:49:36,2023-05-09 06:11:37,1,,Ready to use Software,Tier 1,Italy,32.97,20,1,0,0,2021-10-18,Mid-Level,,
In Progress,TKT-2048,Medium,Email,Product setup,Nicola Wane,2023-05-09 11:18:13,2023-05-11 11:18:13,2023-05-09 12:18:13,,2023-05-09 11:24:31,10,,Training and Consulting Services,Tier 1,Bulgaria,,6,0,,0,2021-03-12,Mid-Level,,
In Progress,TKT-2049,Low,Email,Product setup,Bernard Beckley,2023-05-09 14:34:05,2023-05-11 14:34:05,2023-05-09 15:34:05,,2023-05-09 14:38:01,1,,Ready to use Software,Tier 1,Poland,,4,1,,0,2019-11-20,Senior,,
Resolved,TKT-2050,Low,Chat,Pricing and licensing,Michele Whyatt,2023-05-09 17:18:14,2023-05-10 17:18:14,2023-05-09 17:20:14,2023-05-10 02:22:11,2023-05-09 17:19:21,9,,Training and Consulting Services,Tier 2,Poland,9.07,1,0,0,0,2022-04-10,Junior,,
Closed,TKT-2051,Low,Chat,Product setup,Bernard Beckley,2023-05-09 10:37:17,2023-05-10 10:37:17,2023-05-09 10:39:17,2023-05-11 11:01:14,2023-05-09 10:40:58,6,3,Training and Consulting Services,Tier 1,Slovenia,48.4,4,0,1,1,2019-11-20,Senior,,
Closed,TKT-2052,Low,Email,Other,Connor Danielovitch,2023-05-09 04:26:33,2023-05-11 04:26:33,2023-05-09 05:26:33,2023-05-10 13:57:57,2023-05-09 09:03:45,6,4,Ready to use Software,Tier 1,Italy,33.52,277,0,0,1,2018-02-15,Senior,,
Closed,TKT-2053,High,Chat,Pricing and licensing,Adolpho Messingham,2023-05-10 08:52:46,2023-05-11 08:52:46,2023-05-10 08:54:46,2023-05-11 08:04:29,2023-05-10 08:57:06,4,5,Training and Consulting Services,Tier 2,Greece,23.2,4,0,0,1,2020-05-15,Mid-Level,,
In Progress,TKT-2054,Medium,Email,Feature request,Bernard Beckley,2023-05-10 05:10:23,2023-05-12 05:10:23,2023-05-10 06:10:23,,2023-05-10 05:25:20,6,,Custom software development,Tier 1,Greece,,15,0,,0,2019-11-20,Senior,,
In Progress,TKT-2055,Medium,Email,Pricing and licensing,Sheela Cutten,2023-05-10 11:21:39,2023-05-12 11:21:39,2023-05-10 12:21:39,,2023-05-10 12:02:50,9,,Custom software development,Tier 1,Czech Republic,,41,0,,0,2019-07-10,Senior,,
Resolved,TKT-2056,Medium,Chat,Product setup,Bernard Beckley,2023-05-10 07:53:38,2023-05-11 07:53:38,2023-05-10 07:55:38,2023-05-10 18:42:30,2023-05-10 07:55:32,4,,Other,Tier 1,Austria,10.81,2,0,0,0,2019-11-20,Senior,,
In Progress,TKT-2057,Medium,Chat,Pricing and licensing,Michele Whyatt,2023-05-10 07:28:39,2023-05-11 07:28:39,2023-05-10 07:30:39,,2023-05-10 07:29:56,6,,Ready to use Software,Tier 2,Czech Republic,,1,0,,0,2022-04-10,Junior,,
Closed,TKT-2058,Medium,Chat,Product setup,Connor Danielovitch,2023-05-11 17:27:13,2023-05-12 17:27:13,2023-05-11 17:29:13,2023-05-16 23:14:34,2023-05-11 17:28:18,9,3,Ready to use Software,Tier 1,Austria,125.79,1,0,1,0,2018-02-15,Senior,,
Closed,TKT-2059,High,Email,Pricing and licensing,Sheela Cutten,2023-05-11 09:22:13,2023-05-13 09:22:13,2023-05-11 10:22:13,2023-05-12 02:00:12,2023-05-11 09:23:10,9,4,Ready to use Software,Tier 1,Bulgaria,16.63,1,0,0,0,2019-07-10,Senior,,
Resolved,TKT-2060,Medium,Email,Other,Kristos Westoll,2023-05-11 12:59:40,2023-05-13 12:59:40,2023-05-11 13:59:40,2023-05-12 02:02:26,2023-05-11 13:19:09,3,,Custom software development,Tier 1,France,13.05,19,0,0,0,2021-10-18,Mid-Level,,
Resolved,TKT-2061,Low,Email,Product setup,Heather Urry,2023-05-11 08:25:23,2023-05-13 08:25:23,2023-05-11 09:25:23,2023-05-11 12:30:53,2023-05-11 09:10:28,9,,Custom software development,Tier 2,Austria,4.09,45,0,0,0,2022-09-25,Junior,,
Resolved,TKT-2062,Low,Email,Purchasing and invoicing,Nicola Wane,2023-05-11 20:43:34,2023-05-13 20:43:34,2023-05-11 21:43:34,2023-05-11 23:58:44,2023-05-11 21:19:15,2,,Training and Consulting Services,Tier 1,France,3.25,36,0,0,0,2021-03-12,Mid-Level,,
In Progress,TKT-2063,Medium,Phone,Product setup,Connor Danielovitch,2023-05-11 23:30:50,2023-05-13 23:30:50,2023-05-11 23:32:50,,2023-05-11 23:31:08,3,,Ready to use Software,Tier 1,Poland,,0,0,,0,2018-02-15,Senior,,
In Progress,TKT-2064,Low,Email,Pricing and licensing,Bernard Beckley,2023-05-12 14:34:05,2023-05-14 14:34:05,2023-05-12 15:34:05,,2023-05-12 14:51:45,3,,Custom software development,Tier 1,Republic of Ireland,,18,0,,0,2019-11-20,Senior,,
Resolved,TKT-2065,Low,Phone,Training request,Bernard Beckley,2023-05-12 07:03:57,2023-05-14 07:03:57,2023-05-12 07:05:57,2023-05-18 04:31:40,2023-05-12 07:07:11,1,,Training and Consulting Services,Tier 1,Spain,141.46,3,1,1,1,2019-11-20,Senior,,
In Progress,TKT-2066,Medium,Chat,Pricing and licensing,Nicola Wane,2023-05-12 18:22:10,2023-05-13 18:22:10,2023-05-12 18:24:10,,2023-05-12 18:24:06,60,,Other,Tier 1,France,,2,0,,0,2021-03-12,Mid-Level,,
Resolved,TKT-2067,Low,Phone,Purchasing and invoicing,Connor Danielovitch,2023-05-12 14:15:05,2023-05-14 14:15:05,2023-05-12 14:17:05,2023-05-14 10:04:49,2023-05-12 14:15:37,2,,Training and Consulting Services,Tier 1,United Kingdom,43.83,1,0,0,0,2018-02-15,Senior,,
Closed,TKT-2068,Low,Phone,Feature request,Nicola Wane,2023-05-12 07:15:56,2023-05-14 07:15:56,2023-05-12 07:17:56,2023-05-12 12:32:57,2023-05-12 07:16:02,6,3,Ready to use Software,Tier 1,Austria,5.28,0,0,0,0,2021-03-12,Mid-Level,,
Resolved,TKT-2069,Low,Email,Feature request,Sheela Cutten,2023-05-12 03:53:23,2023-05-14 03:53:23,2023-05-12 04:53:23,2023-05-14 02:40:55,2023-05-12 04:28:30,3,,Custom software development,Tier 1,France,46.79,35,0,0,0,2019-07-10,Senior,,
Closed,TKT-2070,Low,Email,Purchasing and invoicing,Connor Danielovitch,2023-05-12 06:59:06,2023-05-14 06:59:06,2023-05-12 07:59:06,2023-05-13 20:25:55,2023-05-12 07:12:03,1,3,Training and Consulting Services,Tier 1,Greece,37.45,13,1,0,0,2018-02-15,Senior,,
Closed,TKT-2071,Medium,Email,Feature request,Bernard Beckley,2023-05-12 14:29:08,2023-05-14 14:29:08,2023-05-12 15:29:08,2023-05-12 22:22:36,2023-05-12 15:28:57,5,2,Other,Tier 1,Germany,7.89,60,0,0,0,2019-11-20,Senior,,
Closed,TKT-2072,High,Email,Other,Adolpho Messingham,2023-05-12 04:35:31,2023-05-14 04:35:31,2023-05-12 05:35:31,2023-05-14 04:16:56,2023-05-12 11:43:55,2,5,Ready to use Software,Tier 2,Slovenia,47.69,428,0,0,1,2020-05-15,Mid-Level,,
Closed,TKT-2073,Medium,Phone,Pricing and licensing,Sheela Cutten,2023-05-12 11:55:15,2023-05-14 11:55:15,2023-05-12 11:57:15,2023-05-13 06:14:04,2023-05-12 11:56:57,6,5,Ready to use Software,Tier 1,Italy,18.31,2,0,0,0,2019-07-10,Senior,,
Closed,TKT-2074,Low,Chat,Product setup,Bernard Beckley,2023-05-12 19:05:07,2023-05-13 19:05:07,2023-05-12 19:07:07,2023-05-12 19:26:29,2023-05-12 19:06:06,6,5,Custom software development,Tier 1,Poland,0.36,1,0,0,0,2019-11-20,Senior,,
Resolved,TKT-2075,Low,Phone,Feature request,Sheela Cutten,2023-05-12 06:29:46,2023-05-14 06:29:46,2023-05-12 06:31:46,2023-05-12 19:20:43,2023-05-12 06:32:05,2,,Other,Tier 1,Republic of Ireland,12.85,2,0,0,1,2019-07-10,Senior,,
Resolved,TKT-2076,Medium,Phone,Feature request,Heather Urry,2023-05-12 15:03:27,2023-05-14 15:03:27,2023-05-12 15:05:27,2023-05-14 02:14:55,2023-05-12 15:05:02,4,,Ready to use Software,Tier 2,Germany,35.19,2,0,0,0,2022-09-25,Junior,,
In Progress,TKT-2077,Low,Phone,Other,Nicola Wane,2023-05-12 20:05:30,2023-05-14 20:05:30,2023-05-12 20:07:30,,2023-05-12 20:05:59,1,,Custom software development,Tier 1,Austria,,0,1,,0,2021-03-12,Mid-Level,,
Resolved,TKT-2078,Low,Chat,Feature request,Kristos Westoll,2023-05-13 02:46:34,2023-05-14 02:46:34,2023-05-13 02:48:34,2023-05-13 13:28:04,2023-05-13 02:48:24,6,,Custom software development,Tier 1,Italy,10.69,2,0,0,0,2021-10-18,Mid-Level,,
Closed,TKT-2079,Medium,Email,Pricing and licensing,Heather Urry,2023-05-13 08:43:04,2023-05-15 08:43:04,2023-05-13 09:43:04,2023-05-14 04:08:00,2023-05-13 09:24:36,6,2,Custom software development,Tier 2,Republic of Ireland,19.42,42,0,0,0,2022-09-25,Junior,,
Closed,TKT-2080,Medium,Email,Purchasing and invoicing,Bernard Beckley,2023-05-13 05:51:33,2023-05-15 05:51:33,2023-05-13 06:51:33,2023-05-14 03:27:25,2023-05-13 06:37:53,8,1,Other,Tier 1,France,21.6,46,0,0,0,2019-11-20,Senior,,
Closed,TKT-2081,Medium,Phone,Other,Connor Danielovitch,2023-05-13 05:21:54,2023-05-15 05:21:54,2023-05-13 05:23:54,2023-05-14 06:11:29,2023-05-13 05:22:37,1,4,Ready to use Software,Tier 1,Bulgaria,24.83,1,1,0,0,2018-02-15,Senior,,
Resolved,TKT-2082,High,Email,Pricing and licensing,Nicola Wane,2023-05-13 19:26:09,2023-05-15 19:26:09,2023-05-13 20:26:09,2023-05-14 01:20:57,2023-05-13 20:02:44,5,,Ready to use Software,Tier 1,Germany,5.91,37,0,0,0,2021-03-12,Mid-Level,,
Closed,TKT-2098,Low,Chat,Product setup,Nicola Wane,2023-05-14 07:00:55,2023-05-15 07:00:55,2023-05-14 07:02:55,2023-05-14 22:24:33,2023-05-14 07:05:25,4,3,Ready to use Software,Tier 1,France,15.39,5,0,0,1,2021-03-12,Mid-Level,,
Closed,TKT-2099,Low,Chat,Product setup,Adolpho Messingham,2023-05-14 20:14:21,2023-05-15 20:14:21,2023-05-14 20:16:21,2023-05-14 22:28:58,2023-05-14 20:15:57,6,4,Custom software development,Tier 2,Austria,2.24,2,0,0,0,2020-05-15,Mid-Level,,
Closed,TKT-2100,Medium,Chat,Product setup,Connor Danielovitch,2023-05-14 10:45:06,2023-05-15 10:45:06,2023-05-14 10:47:06,2023-05-14 22:29:27,2023-05-14 10:46:34,4,4,Other,Tier 1,Germany,11.74,1,0,0,0,2018-02-15,Senior,,
In Progress,TKT-2101,High,Phone,Purchasing and invoicing,Heather Urry,2023-05-14 08:14:16,2023-05-16 08:14:16,2023-05-14 08:16:16,,2023-05-14 08:14:47,3,,Ready to use Software,Tier 2,France,,1,0,,0,2022-09-25,Junior,,
In Progress,TKT-2102,High,Phone,Product setup,Adolpho Messingham,2023-05-15 01:57:53,2023-05-17 01:57:53,2023-05-15 01:59:53,,2023-05-15 02:01:46,1,,Ready to use Software,Tier 2,Germany,,4,1,,1,2020-05-15,Mid-Level,,
Resolved,TKT-2103,Medium,Chat,Feature request,Kristos Westoll,2023-05-15 03:43:26,2023-05-16 03:43:26,2023-05-15 03:45:26,2023-05-15 07:37:49,2023-05-15 03:44:46,3,,Custom software development,Tier 1,Poland,3.91,1,0,0,0,2021-10-18,Mid-Level,,
Closed,TKT-2104,Low,Email,Purchasing and invoicing,Connor Danielovitch,2023-05-15 12:26:38,2023-05-17 12:26:38,2023-05-15 13:26:38,2023-05-17 03:21:22,2023-05-15 13:23:58,2,5,Training and Consulting Services,Tier 1,Bulgaria,38.91,57,0,0,0,2018-02-15,Senior,,
Resolved,TKT-2105,Medium,Chat,Product setup,Nicola Wane,2023-05-15 16:01:57,2023-05-16 16:01:57,2023-05-15 16:03:57,2023-05-16 05:45:17,2023-05-15 16:02:20,5,,Training and Consulting Services,Tier 1,United Kingdom,13.72,0,0,0,0,2021-03-12,Mid-Level,,
Resolved,TKT-2106,Low,Email,Pricing and licensing,Bernard Beckley,2023-05-15 23:05:02,2023-05-17 23:05:02,2023-05-16 00:05:02,2023-05-20 10:53:53,2023-05-15 23:10:32,2,,Ready to use Software,Tier 1,Austria,107.81,6,0,1,0,2019-11-20,Senior,,
Closed,TKT-2107,Medium,Email,Product setup,Bernard Beckley,2023-05-15 19:19:14,2023-05-17 19:19:14,2023-05-15 20:19:14,2023-05-21 14:45:59,2023-05-15 19:38:16,2,4,Ready to use Software,Tier 1,Greece,139.45,19,0,1,0,2019-11-20,Senior,,
Closed,TKT-2108,High,Chat,Feature request,Connor Danielovitch,2023-05-15 15:39:38,2023-05-16 15:39:38,2023-05-15 15:41:38,2023-05-16 07:03:49,2023-05-15 15:40:38,9,4,Ready to use Software,Tier 1,Austria,15.4,1,0,0,0,2018-02-15,Senior,,
Resolved,TKT-2109,Medium,Chat,Purchasing and invoicing,Nicola Wane,2023-05-15 16:04:49,2023-05-16 16:04:49,2023-05-15 16:06:49,2023-05-16 05:20:20,2023-05-15 16:05:09,4,,Ready to use Software,Tier 1,Bulgaria,13.26,0,0,0,0,2021-03-12,Mid-Level,,
In Progress,TKT-2110,Low,Email,Feature request,Sheela Cutten,2023-05-16 18:30:30,2023-05-18 18:30:30,2023-05-16 19:30:30,,2023-05-16 19:24:04,1,,Custom software development,Tier 1,Italy,,54,1,,0,2019-07-10,Senior,,
Resolved,TKT-2111,Low,Email,Pricing and licensing,Bernard Beckley,2023-05-16 10:50:40,2023-05-18 10:50:40,2023-05-16 11:50:40,2023-05-17 08:13:45,2023-05-16 11:21:54,8,,Ready to use Software,Tier 1,Greece,21.38,31,0,0,0,2019-11-20,Senior,,
Closed,TKT-2112,Low,Chat,Product setup,Sheela Cutten,2023-05-16 07:04:29,2023-05-17 07:04:29,2023-05-16 07:06:29,2023-05-16 23:28:04,2023-05-16 07:05:52,5,4,Custom software development,Tier 1,Germany,16.39,1,0,0,0,2019-07-10,Senior,,
Closed,TKT-2113,Low,Chat,Product setup,Sheela Cutten,2023-05-16 19:50:27,2023-05-17 19:50:27,2023-05-16 19:52:27,2023-05-17 06:41:45,2023-05-16 19:52:13,6,4,Other,Tier 1,Italy,10.85,2,0,0,0,2019-07-10,Senior,,
Closed,TKT-2114,Low,Chat,Pricing and licensing,Adolpho Messingham,2023-05-16 05:34:49,2023-05-17 05:34:49,2023-05-16 05:36:49,2023-05-21 20:32:29,2023-05-16 05:35:43,4,3,Custom software development,Tier 2,Austria,134.96,1,0,1,0,2020-05-15,Mid-Level,,
Closed,TKT-2115,Low,Chat,Product setup,Connor Danielovitch,2023-05-16 20:33:58,2023-05-17 20:33:58,2023-05-16 20:35:58,2023-05-17 08:39:01,2023-05-16 20:34:38,6,4,Ready to use Software,Tier 1,Bulgaria,12.08,1,0,0,0,2018-02-15,Senior,,
Closed,TKT-2117,Medium,Chat,Product setup,Michele Whyatt,2023-05-16 00:32:51,2023-05-17 00:32:51,2023-05-16 00:34:51,2023-05-16 02:56:44,2023-05-16 00:35:10,6,3,Custom software development,Tier 2,Italy,2.4,2,0,0,1,2022-04-10,Junior,,
Closed,TKT-2118,Medium,Chat,Feature request,Nicola Wane,2023-05-16 20:59:57,2023-05-17 20:59:57,2023-05-16 21:01:57,2023-05-17 07:42:31,2023-05-16 21:00:20,5,1,Custom software development,Tier 1,Germany,10.71,0,0,0,0,2021-03-12,Mid-Level,,
Closed,TKT-2120,Low,Chat,Bug report,Bernard Beckley,2023-05-17 04:10:13,2023-05-18 04:10:13,2023-05-17 04:12:13,2023-05-18 03:01:23,2023-05-17 04:15:02,6,3,Ready to use Software,Tier 1,Italy,22.85,5,0,0,1,2019-11-20,Senior,,
In Progress,TKT-2121,Low,Phone,Purchasing and invoicing,Heather Urry,2023-05-17 20:17:37,2023-05-19 20:17:37,2023-05-17 20:19:37,,2023-05-17 20:19:29,3,,Training and Consulting Services,Tier 2,France,,2,0,,0,2022-09-25,Junior,,
In Progress,TKT-2122,Medium,Email,Product setup,Nicola Wane,2023-05-17 01:38:33,2023-05-19 01:38:33,2023-05-17 02:38:33,,2023-05-17 02:33:39,1,,Training and Consulting Services,Tier 1,Germany,,55,1,,0,2021-03-12,Mid-Level,,
Resolved,TKT-2123,High,Chat,Bug report,Adolpho Messingham,2023-05-17 06:42:41,2023-05-18 06:42:41,2023-05-17 06:44:41,2023-05-17 10:34:56,2023-05-17 06:43:19,8,,Ready to use Software,Tier 2,Austria,3.87,1,0,0,0,2020-05-15,Mid-Level,,
Closed,TKT-2124,High,Chat,Bug report,Nicola Wane,2023-05-17 11:46:25,2023-05-18 11:46:25,2023-05-17 11:48:25,2023-05-18 03:28:01,2023-05-17 11:47:00,4,3,Ready to use Software,Tier 1,Germany,15.69,1,0,0,0,2021-03-12,Mid-Level,,
Closed,TKT-2125,Low,Email,Product setup,Bernard Beckley,2023-05-17 03:05:58,2023-05-19 03:05:58,2023-05-17 04:05:58,2023-05-18 00:58:51,2023-05-17 08:07:55,7,3,Custom software development,Tier 1,United Kingdom,21.88,302,0,0,1,2019-11-20,Senior,,
In Progress,TKT-2126,Medium,Email,Bug report,Michele Whyatt,2023-05-17 02:54:50,2023-05-19 02:54:50,2023-05-17 03:54:50,,2023-05-17 03:40:39,7,,Training and Consulting Services,Tier 2,Poland,,46,0,,0,2022-04-10,Junior,,
In Progress,TKT-2127,Medium,Chat,Purchasing and invoicing,Nicola Wane,2023-05-17 22:19:04,2023-05-18 22:19:04,2023-05-17 22:21:04,,2023-05-17 22:20:09,4,,Ready to use Software,Tier 1,France,,1,0,,0,2021-03-12,Mid-Level,,
Closed,TKT-2128,Low,Email,Other,Kristos Westoll,2023-05-17 01:39:16,2023-05-19 01:39:16,2023-05-17 02:39:16,2023-05-18 11:59:55,2023-05-17 02:15:01,7,5,Ready to use Software,Tier 1,Bulgaria,34.34,36,0,0,0,2021-10-18,Mid-Level,,
Closed,TKT-2129,Medium,Email,Pricing and licensing,Sheela Cutten,2023-05-17 13:35:55,2023-05-19 13:35:55,2023-05-17 14:35:55,2023-05-18 10:10:59,2023-05-17 14:33:25,9,5,Ready to use Software,Tier 1,Spain,20.58,57,0,0,0,2019-07-10,Senior,,
Resolved,TKT-2130,Low,Email,Product setup,Michele Whyatt,2023-05-17 08:56:49,2023-05-19 08:56:49,2023-05-17 09:56:49,2023-05-18 14:39:36,2023-05-17 09:19:22,2,,Other,Tier 2,Greece,29.71,23,0,0,0,2022-04-10,Junior,,
Closed,TKT-2131,Low,Email,Feature request,Michele Whyatt,2023-05-17 18:09:46,2023-05-19 18:09:46,2023-05-17 19:09:46,2023-05-19 10:51:50,2023-05-17 18:21:38,1,4,Ready to use Software,Tier 2,Italy,40.7,12,1,0,0,2022-04-10,Junior,,
Closed,TKT-2132,Low,Chat,Product setup,Connor Danielovitch,2023-05-17 20:47:12,2023-05-18 20:47:12,2023-05-17 20:49:12,2023-05-18 07:36:24,2023-05-17 20:48:08,4,3,Other,Tier 1,Bulgaria,10.82,1,0,0,0,2018-02-15,Senior,,
Closed,TKT-2133,Low,Email,Pricing and licensing,Adolpho Messingham,2023-05-18 04:35:32,2023-05-20 04:35:32,2023-05-18 05:35:32,2023-05-19 14:33:32,2023-05-18 04:43:07,5,5,Training and Consulting Services,Tier 2,France,33.97,8,0,0,0,2020-05-15,Mid-Level,,
In Progress,TKT-2134,Low,Chat,Bug report,Connor Danielovitch,2023-05-18 02:59:48,2023-05-19 02:59:48,2023-05-18 03:01:48,,2023-05-18 03:00:06,4,,Ready to use Software,Tier 1,Poland,,0,0,,0,2018-02-15,Senior,,
Resolved,TKT-2135,Low,Phone,Feature request,Kristos Westoll,2023-05-18 05:54:00,2023-05-20 05:54:00,2023-05-18 05:56:00,2023-05-23 16:55:35,,1,,Ready to use Software,Tier 1,Austria,131.03,,1,1,,2021-10-18,Mid-Level,,
Closed,TKT-2136,Low,Chat,Product setup,Heather Urry,2023-05-18 14:04:54,2023-05-19 14:04:54,2023-05-18 14:06:54,2023-05-19 12:01:01,2023-05-18 14:05:27,4,2,Ready to use Software,Tier 2,France,21.94,1,0,0,0,2022-09-25,Junior,,
Resolved,TKT-2137,High,Email,Product setup,Connor Danielovitch,2023-05-18 06:09:03,2023-05-20 06:09:03,2023-05-18 07:09:03,2023-05-19 00:26:30,2023-05-18 06:37:49,2,,Other,Tier 1,Bulgaria,18.29,29,0,0,0,2018-02-15,Senior,,
Resolved,TKT-2138,Low,Chat,Other,Sheela Cutten,2023-05-18 01:02:52,2023-05-19 01:02:52,2023-05-18 01:04:52,2023-05-18 09:21:08,2023-05-18 01:05:48,6,,Training and Consulting Services,Tier 1,Republic of Ireland,8.3,3,0,0,1,2019-07-10,Senior,,
Resolved,TKT-2139,Medium,Email,Purchasing and invoicing,Bernard Beckley,2023-05-18 00:56:39,2023-05-20 00:56:39,2023-05-18 01:56:39,2023-05-18 11:58:13,2023-05-18 00:57:18,1,,Ready to use Software,Tier 1,France,11.03,1,1,0,0,2019-11-20,Senior,,
Closed,TKT-2140,High,Chat,Feature request,Michele Whyatt,2023-05-19 09:18:12,2023-05-20 09:18:12,2023-05-19 09:20:12,2023-05-19 12:22:54,2023-05-19 09:19:28,4,2,Ready to use Software,Tier 2,Italy,3.08,1,0,0,0,2022-04-10,Junior,,
Closed,TKT-2141,Low,Chat,Feature request,Adolpho Messingham,2023-05-19 09:21:45,2023-05-20 09:21:45,2023-05-19 09:23:45,2023-05-19 22:06:52,2023-05-19 09:21:48,6,2,Ready to use Software,Tier 2,France,12.75,0,0,0,0,2020-05-15,Mid-Level,,
Resolved,TKT-2142,Medium,Email,Pricing and licensing,Connor Danielovitch,2023-05-19 20:11:47,2023-05-21 20:11:47,2023-05-19 21:11:47,2023-05-20 01:08:24,2023-05-19 20:32:06,3,,Custom software development,Tier 1,Spain,4.94,20,0,0,0,2018-02-15,Senior,,
Closed,TKT-2143,Medium,Email,Bug report,Sheela Cutten,2023-05-19 18:13:22,2023-05-21 18:13:22,2023-05-19 19:13:22,2023-05-20 00:22:52,2023-05-19 19:04:59,5,2,Ready to use Software,Tier 1,United Kingdom,6.16,52,0,0,0,2019-07-10,Senior,,
Closed,TKT-2144,Low,Email,Feature request,Connor Danielovitch,2023-05-19 22:25:42,2023-05-21 22:25:42,2023-05-19 23:25:42,2023-05-20 02:35:08,2023-05-20 01:02:39,1,5,Ready to use Software,Tier 1,Germany,4.16,157,1,0,1,2018-02-15,Senior,,
Resolved,TKT-2145,Medium,Chat,Product setup,Michele Whyatt,2023-05-19 22:52:07,2023-05-20 22:52:07,2023-05-19 22:54:07,2023-05-20 02:27:13,2023-05-19 22:52:39,3,,Ready to use Software,Tier 2,Italy,3.58,1,0,0,0,2022-04-10,Junior,,
In Progress,TKT-2146,Low,Email,Feature request,Sheela Cutten,2023-05-19 10:51:14,2023-05-21 10:51:14,2023-05-19 11:51:14,,2023-05-19 11:07:05,1,,Custom software development,Tier 1,United Kingdom,,16,1,,0,2019-07-10,Senior,,
Resolved,TKT-2147,High,Email,Feature request,Sheela Cutten,2023-05-20 00:38:09,2023-05-22 00:38:09,2023-05-20 01:38:09,2023-05-21 16:59:32,2023-05-20 00:39:14,6,,Other,Tier 1,Germany,40.36,1,0,0,0,2019-07-10,Senior,,
Resolved,TKT-2151,Low,Email,Feature request,Nicola Wane,2023-05-20 14:53:34,2023-05-22 14:53:34,2023-05-20 15:53:34,2023-05-22 06:02:25,2023-05-20 15:45:13,6,,Ready to use Software,Tier 1,Greece,39.15,52,0,0,0,2021-03-12,Mid-Level,,
In Progress,TKT-2152,Low,Chat,Product setup,Connor Danielovitch,2023-05-20 04:03:32,2023-05-21 04:03:32,2023-05-20 04:05:32,,2023-05-20 04:05:33,3,,Ready to use Software,Tier 1,Spain,,2,0,,1,2018-02-15,Senior,,
Resolved,TKT-2153,Low,Phone,Purchasing and invoicing,Connor Danielovitch,2023-05-20 15:44:42,2023-05-22 15:44:42,2023-05-20 15:46:42,2023-05-21 08:59:17,2023-05-20 15:45:11,6,,Ready to use Software,Tier 1,Greece,17.24,0,0,0,0,2018-02-15,Senior,,
In Progress,TKT-2154,Medium,Email,Product setup,Sheela Cutten,2023-05-21 10:36:31,2023-05-23 10:36:31,2023-05-21 11:36:31,,2023-05-21 11:15:04,1,,Custom software development,Tier 1,Austria,,39,1,,0,2019-07-10,Senior,,
Closed,TKT-2155,High,Email,Other,Bernard Beckley,2023-05-21 07:27:31,2023-05-23 07:27:31,2023-05-21 08:27:31,2023-05-23 00:09:51,2023-05-21 08:13:52,6,2,Training and Consulting Services,Tier 1,Republic of Ireland,40.71,46,0,0,0,2019-11-20,Senior,,
Resolved,TKT-2156,Medium,Phone,Product setup,Bernard Beckley,2023-05-21 20:41:47,2023-05-23 20:41:47,2023-05-21 20:43:47,2023-05-23 04:34:38,2023-05-21 20:41:59,2,,Custom software development,Tier 1,France,31.88,0,0,0,0,2019-11-20,Senior,,
Closed,TKT-2161,Medium,Phone,Product setup,Heather Urry,2023-05-22 16:48:25,2023-05-24 16:48:25,2023-05-22 16:50:25,2023-05-23 05:47:42,2023-05-22 16:52:45,6,3,Other,Tier 2,Republic of Ireland,12.99,4,0,0,1,2022-09-25,Junior,,
Resolved,TKT-2162,Medium,Email,Bug report,Nicola Wane,2023-05-22 05:23:12,2023-05-24 05:23:12,2023-05-22 06:23:12,2023-05-23 03:27:43,2023-05-22 05:46:22,1,,Ready to use Software,Tier 1,Poland,22.08,23,1,0,0,2021-03-12,Mid-Level,,
Resolved,TKT-2163,Medium,Email,Product setup,Sheela Cutten,2023-05-22 18:39:02,2023-05-24 18:39:02,2023-05-22 19:39:02,2023-05-22 23:56:24,2023-05-22 19:16:38,9,,Training and Consulting Services,Tier 1,United Kingdom,5.29,38,0,0,0,2019-07-10,Senior,,
Resolved,TKT-2164,High,Email,Bug report,Kristos Westoll,2023-05-22 21:17:37,2023-05-24 21:17:37,2023-05-22 22:17:37,2023-05-23 08:17:12,2023-05-22 21:22:05,1,,Custom software development,Tier 1,Poland,10.99,4,1,0,0,2021-10-18,Mid-Level,,
Closed,TKT-2165,Low,Phone,Pricing and licensing,Heather Urry,2023-05-22 11:49:12,2023-05-24 11:49:12,2023-05-22 11:51:12,2023-05-22 20:54:06,2023-05-22 11:50:03,1,3,Ready to use Software,Tier 2,Greece,9.08,1,1,0,0,2022-09-25,Junior,,
Resolved,TKT-2166,Medium,Phone,Bug report,Heather Urry,2023-05-22 18:21:23,2023-05-24 18:21:23,2023-05-22 18:23:23,2023-05-24 02:44:48,2023-05-22 18:22:00,3,,Training and Consulting Services,Tier 2,Austria,32.39,1,0,0,0,2022-09-25,Junior,,
In Progress,TKT-2167,Low,Chat,Pricing and licensing,Sheela Cutten,2023-05-22 03:46:21,2023-05-23 03:46:21,2023-05-22 03:48:21,,2023-05-22 03:47:42,6,,Ready to use Software,Tier 1,France,,1,0,,0,2019-07-10,Senior,,
Resolved,TKT-2168,Medium,Phone,Pricing and licensing,Nicola Wane,2023-05-22 07:29:34,2023-05-24 07:29:34,2023-05-22 07:31:34,2023-05-23 22:50:45,2023-05-22 07:29:57,4,,Ready to use Software,Tier 1,Greece,39.35,0,0,0,0,2021-03-12,Mid-Level,,
Closed,TKT-2169,Medium,Email,Purchasing and invoicing,Heather Urry,2023-05-22 12:09:17,2023-05-24 12:09:17,2023-05-22 13:09:17,2023-05-23 05:41:09,2023-05-22 13:03:44,3,4,Training and Consulting Services,Tier 2,Republic of Ireland,17.53,54,0,0,0,2022-09-25,Junior,,
Resolved,TKT-2170,Low,Email,Feature request,Sheela Cutten,2023-05-22 10:26:47,2023-05-24 10:26:47,2023-05-22 11:26:47,2023-05-23 22:49:45,2023-05-22 11:00:11,8,,Other,Tier 1,Spain,36.38,33,0,0,0,2019-07-10,Senior,,
In Progress,TKT-2171,Low,Email,Bug report,Kristos Westoll,2023-05-22 09:23:54,2023-05-24 09:23:54,2023-05-22 10:23:54,,2023-05-22 10:18:03,1,,Ready to use Software,Tier 1,France,,54,1,,0,2021-10-18,Mid-Level,,
Closed,TKT-2172,Low,Chat,Other,Nicola Wane,2023-05-22 15:13:22,2023-05-23 15:13:22,2023-05-22 15:15:22,2023-05-23 04:29:23,2023-05-22 15:14:15,4,2,Custom software development,Tier 1,Italy,13.27,1,0,0,0,2021-03-12,Mid-Level,,
Closed,TKT-2173,Medium,Email,Pricing and licensing,Kristos Westoll,2023-05-22 20:37:08,2023-05-24 20:37:08,2023-05-22 21:37:08,2023-05-27 22:37:21,2023-05-22 21:21:47,2,4,Other,Tier 1,Germany,122,45,0,1,0,2021-10-18,Mid-Level,,
In Progress,TKT-2174,Medium,Email,Pricing and licensing,Adolpho Messingham,2023-05-22 01:35:36,2023-05-24 01:35:36,2023-05-22 02:35:36,,2023-05-22 02:05:02,10,,Ready to use Software,Tier 2,Slovenia,,29,0,,0,2020-05-15,Mid-Level,,
Closed,TKT-2175,Low,Email,Pricing and licensing,Bernard Beckley,2023-05-22 04:58:52,2023-05-24 04:58:52,2023-05-22 05:58:52,2023-05-28 07:49:40,2023-05-22 05:11:09,2,3,Training and Consulting Services,Tier 1,United Kingdom,146.85,12,0,1,0,2019-11-20,Senior,,
Closed,TKT-2176,Medium,Chat,Training request,Kristos Westoll,2023-05-23 22:40:09,2023-05-24 22:40:09,2023-05-23 22:42:09,2023-05-24 00:35:48,2023-05-23 22:40:15,6,2,Training and Consulting Services,Tier 1,France,1.93,0,0,0,0,2021-10-18,Mid-Level,,
Closed,TKT-2177,Medium,Chat,Pricing and licensing,Sheela Cutten,2023-05-23 05:53:45,2023-05-24 05:53:45,2023-05-23 05:55:45,2023-05-23 09:42:37,2023-05-23 05:55:38,8,3,Training and Consulting Services,Tier 1,United Kingdom,3.81,2,0,0,0,2019-07-10,Senior,,
Closed,TKT-2178,Low,Email,Product setup,Connor Danielovitch,2023-05-23 00:49:48,2023-05-25 00:49:48,2023-05-23 01:49:48,2023-05-23 02:38:23,2023-05-23 06:19:20,5,4,Training and Consulting Services,Tier 1,United Kingdom,1.81,330,0,0,1,2018-02-15,Senior,,
Closed,TKT-2179,Medium,Email,Product setup,Connor Danielovitch,2023-05-23 11:32:40,2023-05-25 11:32:40,2023-05-23 12:32:40,2023-05-25 01:58:51,2023-05-23 12:30:20,1,5,Other,Tier 1,Germany,38.44,58,1,0,0,2018-02-15,Senior,,
Closed,TKT-2180,High,Email,Product setup,Sheela Cutten,2023-05-23 06:23:44,2023-05-25 06:23:44,2023-05-23 07:23:44,2023-05-23 07:57:25,2023-05-23 07:17:07,6,3,Custom software development,Tier 1,Germany,1.56,53,0,0,0,2019-07-10,Senior,,
In Progress,TKT-2183,Medium,Email,Feature request,Michele Whyatt,2023-05-23 02:47:45,2023-05-25 02:47:45,2023-05-23 03:47:45,,2023-05-23 03:39:33,1,,Custom software development,Tier 2,Republic of Ireland,,52,1,,0,2022-04-10,Junior,,
Resolved,TKT-2184,High,Email,Product setup,Bernard Beckley,2023-05-24 03:30:28,2023-05-26 03:30:28,2023-05-24 04:30:28,2023-05-25 07:54:58,2023-05-24 03:50:07,9,,Training and Consulting Services,Tier 1,Bulgaria,28.41,20,0,0,0,2019-11-20,Senior,,
Resolved,TKT-2185,Low,Chat,Product setup,Connor Danielovitch,2023-05-24 07:40:10,2023-05-25 07:40:10,2023-05-24 07:42:10,2023-05-25 14:51:04,2023-05-24 07:41:42,4,,Ready to use Software,Tier 1,Poland,31.18,2,0,1,0,2018-02-15,Senior,,
In Progress,TKT-2186,Low,Chat,Feature request,Michele Whyatt,2023-05-24 21:59:19,2023-05-25 21:59:19,2023-05-24 22:01:19,,2023-05-24 21:59:23,6,,Ready to use Software,Tier 2,Slovenia,,0,0,,0,2022-04-10,Junior,,
Closed,TKT-2188,High,Chat,Product setup,Connor Danielovitch,2023-05-24 22:52:47,2023-05-25 22:52:47,2023-05-24 22:54:47,2023-05-24 23:10:35,2023-05-24 22:52:47,3,3,Other,Tier 1,Germany,0.3,0,0,0,0,2018-02-15,Senior,,
Closed,TKT-2189,Low,Chat,Pricing and licensing,Kristos Westoll,2023-05-24 13:25:23,2023-05-25 13:25:23,2023-05-24 13:27:23,2023-05-24 21:15:36,2023-05-24 13:26:57,4,2,Ready to use Software,Tier 1,Greece,7.84,2,0,0,0,2021-10-18,Mid-Level,,
Closed,TKT-2190,Low,Email,Pricing and licensing,Bernard Beckley,2023-05-24 01:25:21,2023-05-26 01:25:21,2023-05-24 02:25:21,2023-05-25 21:42:40,2023-05-24 02:09:39,2,1,Other,Tier 1,Italy,44.29,44,0,0,0,2019-11-20,Senior,,
Resolved,TKT-2192,High,Email,Feature request,Nicola Wane,2023-05-24 00:06:54,2023-05-26 00:06:54,2023-05-24 01:06:54,2023-05-25 18:50:48,2023-05-24 00:10:27,10,,Custom software development,Tier 1,Poland,42.73,4,0,0,0,2021-03-12,Mid-Level,,
Closed,TKT-2193,Medium,Chat,Purchasing and invoicing,Nicola Wane,2023-05-24 05:42:39,2023-05-25 05:42:39,2023-05-24 05:44:39,2023-05-24 21:37:40,2023-05-24 05:44:43,4,2,Other,Tier 1,Czech Republic,15.92,2,0,0,1,2021-03-12,Mid-Level,,
Resolved,TKT-2194,Medium,Chat,Pricing and licensing,Michele Whyatt,2023-05-25 00:10:39,2023-05-26 00:10:39,2023-05-25 00:12:39,2023-05-25 04:12:14,2023-05-25 00:12:31,60,,Custom software development,Tier 2,Spain,4.03,2,0,0,0,2022-04-10,Junior,,
Closed,TKT-2195,Low,Email,Feature request,Bernard Beckley,2023-05-25 03:02:20,2023-05-27 03:02:20,2023-05-25 04:02:20,2023-05-25 22:02:17,2023-05-25 03:44:38,2,5,Ready to use Software,Tier 1,Slovenia,19,42,0,0,0,2019-11-20,Senior,,
In Progress,TKT-2196,Low,Chat,Bug report,Kristos Westoll,2023-05-25 16:37:26,2023-05-26 16:37:26,2023-05-25 16:39:26,,2023-05-25 16:37:52,5,,Ready to use Software,Tier 1,Germany,,0,0,,0,2021-10-18,Mid-Level,,
Resolved,TKT-2197,Low,Chat,Bug report,Bernard Beckley,2023-05-25 23:58:35,2023-05-26 23:58:35,2023-05-26 00:00:35,2023-05-26 10:27:21,2023-05-26 00:00:12,4,,Ready to use Software,Tier 1,Slovenia,10.48,2,0,0,0,2019-11-20,Senior,,
In Progress,TKT-2198,Low,Email,Purchasing and invoicing,Nicola Wane,2023-05-25 05:26:04,2023-05-27 05:26:04,2023-05-25 06:26:04,,2023-05-25 08:24:28,7,,Custom software development,Tier 1,Slovenia,,178,0,,1,2021-03-12,Mid-Level,,
Closed,TKT-2199,High,Phone,Feature request,Sheela Cutten,2023-05-25 14:47:02,2023-05-27 14:47:02,2023-05-25 14:49:02,2023-05-26 03:27:57,2023-05-25 14:50:42,6,4,Ready to use Software,Tier 1,Poland,12.68,4,0,0,1,2019-07-10,Senior,,
Resolved,TKT-2200,Low,Chat,Product setup,Bernard Beckley,2023-05-25 20:08:06,2023-05-26 20:08:06,2023-05-25 20:10:06,2023-05-26 02:36:18,2023-05-25 20:10:27,4,,Custom software development,Tier 1,Austria,6.47,2,0,0,1,2019-11-20,Senior,,
Closed,TKT-2201,High,Chat,Pricing and licensing,Heather Urry,2023-05-25 13:55:06,2023-05-26 13:55:06,2023-05-25 13:57:06,2023-05-26 05:14:41,2023-05-25 13:55:56,3,3,Ready to use Software,Tier 2,Bulgaria,15.33,1,0,0,0,2022-09-25,Junior,,
Closed,TKT-2202,Low,Email,Product setup,Kristos Westoll,2023-05-25 17:33:19,2023-05-27 17:33:19,2023-05-25 18:33:19,2023-05-25 18:22:48,2023-05-25 18:00:22,1,3,Custom software development,Tier 1,Republic of Ireland,0.82,27,1,0,0,2021-10-18,Mid-Level,,
Resolved,TKT-2203,Medium,Email,Pricing and licensing,Sheela Cutten,2023-05-25 13:52:26,2023-05-27 13:52:26,2023-05-25 14:52:26,2023-05-26 01:29:28,2023-05-25 14:11:03,1,,Ready to use Software,Tier 1,United Kingdom,11.62,19,1,0,0,2019-07-10,Senior,,
Resolved,TKT-2204,Low,Email,Product setup,Sheela Cutten,2023-05-26 18:49:22,2023-05-28 18:49:22,2023-05-26 19:49:22,2023-05-27 12:36:42,2023-05-26 18:51:57,1,,Custom software development,Tier 1,Slovenia,17.79,3,1,0,0,2019-07-10,Senior,,
Closed,TKT-2205,Medium,Email,Feature request,Michele Whyatt,2023-05-26 21:16:25,2023-05-28 21:16:25,2023-05-26 22:16:25,2023-05-27 10:17:33,2023-05-26 21:49:30,9,1,Other,Tier 2,Greece,13.02,33,0,0,0,2022-04-10,Junior,,
Resolved,TKT-2206,Low,Email,Pricing and licensing,Kristos Westoll,2023-05-26 11:09:54,2023-05-28 11:09:54,2023-05-26 12:09:54,2023-05-28 08:26:59,2023-05-26 12:07:46,7,,Custom software development,Tier 1,Germany,45.28,58,0,0,0,2021-10-18,Mid-Level,,
Resolved,TKT-2207,Low,Email,Other,Nicola Wane,2023-05-26 07:39:45,2023-05-28 07:39:45,2023-05-26 08:39:45,2023-05-27 23:42:36,2023-05-26 08:10:49,3,,Custom software development,Tier 1,France,40.05,31,0,0,0,2021-03-12,Mid-Level,,
Resolved,TKT-2208,Medium,Email,Pricing and licensing,Connor Danielovitch,2023-05-26 22:47:11,2023-05-28 22:47:11,2023-05-26 23:47:11,2023-05-27 22:57:11,2023-05-26 23:33:12,3,,Custom software development,Tier 1,Bulgaria,24.17,46,0,0,0,2018-02-15,Senior,,
In Progress,TKT-2209,Low,Chat,Product setup,Sheela Cutten,2023-05-26 16:39:38,2023-05-27 16:39:38,2023-05-26 16:41:38,,2023-05-26 16:41:15,3,,Ready to use Software,Tier 1,Poland,,2,0,,0,2019-07-10,Senior,,
Closed,TKT-2219,Low,Email,Bug report,Kristos Westoll,2023-05-28 18:01:07,2023-05-30 18:01:07,2023-05-28 19:01:07,2023-05-29 21:22:30,2023-05-28 18:15:07,7,2,Ready to use Software,Tier 1,Poland,27.36,14,0,0,0,2021-10-18,Mid-Level,,
Resolved,TKT-2220,Low,Email,Feature request,Sheela Cutten,2023-05-28 17:35:16,2023-05-30 17:35:16,2023-05-28 18:35:16,2023-05-29 07:33:27,2023-05-28 17:44:32,8,,Other,Tier 1,Poland,13.97,9,0,0,0,2019-07-10,Senior,,
Closed,TKT-2221,Medium,Chat,Feature request,Connor Danielovitch,2023-05-28 23:04:13,2023-05-29 23:04:13,2023-05-28 23:06:13,2023-05-29 18:08:28,2023-05-28 23:09:14,6,4,Ready to use Software,Tier 1,Poland,19.07,5,0,0,1,2018-02-15,Senior,,
Resolved,TKT-2222,Low,Email,Bug report,Bernard Beckley,2023-05-28 03:21:55,2023-05-30 03:21:55,2023-05-28 04:21:55,2023-06-01 07:08:30,2023-05-28 04:15:15,4,,Custom software development,Tier 1,Poland,99.78,53,0,1,0,2019-11-20,Senior,,
Closed,TKT-2223,High,Email,Purchasing and invoicing,Nicola Wane,2023-05-29 15:46:30,2023-05-31 15:46:30,2023-05-29 16:46:30,2023-06-03 14:50:15,2023-05-29 20:42:25,2,4,Other,Tier 1,Spain,119.06,296,0,1,1,2021-03-12,Mid-Level,,
Resolved,TKT-2224,Medium,Chat,Product setup,Bernard Beckley,2023-05-29 00:44:02,2023-05-30 00:44:02,2023-05-29 00:46:02,2023-05-30 03:06:02,2023-05-29 00:45:05,6,,Custom software development,Tier 1,Greece,26.37,1,0,1,0,2019-11-20,Senior,,
Resolved,TKT-2225,Low,Chat,Purchasing and invoicing,Heather Urry,2023-05-30 02:42:21,2023-05-31 02:42:21,2023-05-30 02:44:21,2023-05-30 06:31:31,2023-05-30 02:44:12,3,,Other,Tier 2,Italy,3.82,2,0,0,0,2022-09-25,Junior,,
Resolved,TKT-2226,Low,Chat,Feature request,Sheela Cutten,2023-05-30 15:57:45,2023-05-31 15:57:45,2023-05-30 15:59:45,2023-05-31 07:34:53,2023-05-30 15:57:47,6,,Ready to use Software,Tier 1,United Kingdom,15.62,0,0,0,0,2019-07-10,Senior,,
In Progress,TKT-2227,High,Phone,Pricing and licensing,Nicola Wane,2023-05-30 18:33:13,2023-06-01 18:33:13,2023-05-30 18:35:13,,2023-05-30 18:33:21,2,,Ready to use Software,Tier 1,Slovenia,,0,0,,0,2021-03-12,Mid-Level,,
In Progress,TKT-2228,Medium,Chat,Pricing and licensing,Adolpho Messingham,2023-05-30 08:36:51,2023-05-31 08:36:51,2023-05-30 08:38:51,,2023-05-30 08:37:50,4,,Ready to use Software,Tier 2,Austria,,1,0,,0,2020-05-15,Mid-Level,,
Closed,TKT-2229,Medium,Chat,Purchasing and invoicing,Heather Urry,2023-05-30 13:39:34,2023-05-31 13:39:34,2023-05-30 13:41:34,2023-05-30 22:02:09,2023-05-30 13:45:14,6,5,Ready to use Software,Tier 2,Czech Republic,8.38,6,0,0,1,2022-09-25,Junior,,
In Progress,TKT-2230,Low,Phone,Purchasing and invoicing,Sheela Cutten,2023-05-31 12:33:45,2023-06-02 12:33:45,2023-05-31 12:35:45,,2023-05-31 12:34:21,1,,Training and Consulting Services,Tier 1,Austria,,1,1,,0,2019-07-10,Senior,,
Resolved,TKT-2231,High,Email,Other,Sheela Cutten,2023-05-31 17:08:54,2023-06-02 17:08:54,2023-05-31 18:08:54,2023-06-01 11:31:30,2023-05-31 17:44:32,6,,Ready to use Software,Tier 1,United Kingdom,18.38,36,0,0,0,2019-07-10,Senior,,
Resolved,TKT-2232,Low,Email,Product setup,Nicola Wane,2023-05-31 22:08:57,2023-06-02 22:08:57,2023-05-31 23:08:57,2023-06-01 21:29:19,2023-05-31 22:12:53,5,,Custom software development,Tier 1,France,23.34,4,0,0,0,2021-03-12,Mid-Level,,
Resolved,TKT-2233,Low,Chat,Product setup,Heather Urry,2023-05-31 09:43:09,2023-06-01 09:43:09,2023-05-31 09:45:09,2023-06-01 04:46:08,2023-05-31 09:43:30,4,,Ready to use Software,Tier 2,Germany,19.05,0,0,0,0,2022-09-25,Junior,,
Resolved,TKT-2234,Low,Chat,Product setup,Michele Whyatt,2023-05-31 01:43:07,2023-06-01 01:43:07,2023-05-31 01:45:07,2023-05-31 20:29:31,2023-05-31 01:43:39,6,,Ready to use Software,Tier 2,Germany,18.77,1,0,0,0,2022-04-10,Junior,,
Closed,TKT-2235,Low,Chat,Other,Adolpho Messingham,2023-05-31 15:37:38,2023-06-01 15:37:38,2023-05-31 15:39:38,2023-05-31 15:58:20,2023-05-31 15:38:27,5,1,Custom software development,Tier 2,Czech Republic,0.35,1,0,0,0,2020-05-15,Mid-Level,,
Resolved,TKT-2236,Medium,Phone,Pricing and licensing,Bernard Beckley,2023-05-31 00:42:59,2023-06-02 00:42:59,2023-05-31 00:44:59,2023-05-31 15:33:16,2023-05-31 00:44:45,1,,Ready to use Software,Tier 1,Germany,14.84,2,1,0,0,2019-11-20,Senior,,
Resolved,TKT-2237,Low,Email,Feature request,Connor Danielovitch,2023-05-31 05:35:05,2023-06-02 05:35:05,2023-05-31 06:35:05,2023-06-01 13:32:13,2023-05-31 06:33:29,2,,Ready to use Software,Tier 1,Greece,31.95,58,0,0,0,2018-02-15,Senior,,
In Progress,TKT-2238,High,Email,Feature request,Sheela Cutten,2023-05-31 15:30:07,2023-06-02 15:30:07,2023-05-31 16:30:07,,2023-05-31 16:09:26,5,,Other,Tier 1,France,,39,0,,0,2019-07-10,Senior,,
Closed,TKT-2239,Low,Chat,Feature request,Nicola Wane,2023-05-31 07:51:56,2023-06-01 07:51:56,2023-05-31 07:53:56,2023-05-31 23:24:25,2023-05-31 07:56:20,9,4,Ready to use Software,Tier 1,Germany,15.54,4,0,0,1,2021-03-12,Mid-Level,,
Resolved,TKT-2240,Low,Email,Product setup,Bernard Beckley,2023-05-31 18:01:38,2023-06-02 18:01:38,2023-05-31 19:01:38,2023-06-01 10:28:53,2023-05-31 18:40:35,1,,Training and Consulting Services,Tier 1,United Kingdom,16.45,39,1,0,0,2019-11-20,Senior,,
Closed,TKT-2241,Medium,Chat,Feature request,Connor Danielovitch,2023-06-01 09:58:22,2023-06-02 09:58:22,2023-06-01 10:00:22,2023-06-01 10:14:23,2023-06-01 09:58:30,6,5,Custom software development,Tier 1,Austria,0.27,0,0,0,0,2018-02-15,Senior,,
In Progress,TKT-2242,Low,Email,Bug report,Connor Danielovitch,2023-06-01 06:03:01,2023-06-03 06:03:01,2023-06-01 07:03:01,,2023-06-01 06:19:57,3,,Ready to use Software,Tier 1,Poland,,17,0,,0,2018-02-15,Senior,,
Resolved,TKT-2243,High,Chat,Feature request,Adolpho Messingham,2023-06-01 07:22:16,2023-06-02 07:22:16,2023-06-01 07:24:16,2023-06-01 15:00:46,2023-06-01 07:24:14,4,,Ready to use Software,Tier 2,Czech Republic,7.64,2,0,0,0,2020-05-15,Mid-Level,,
Closed,TKT-2244,High,Chat,Feature request,Heather Urry,2023-06-01 23:48:05,2023-06-02 23:48:05,2023-06-01 23:50:05,2023-06-02 18:18:04,2023-06-01 23:49:08,3,3,Ready to use Software,Tier 2,Poland,18.5,1,0,0,0,2022-09-25,Junior,,
In Progress,TKT-2245,High,Chat,Product setup,Bernard Beckley,2023-06-01 17:36:29,2023-06-02 17:36:29,2023-06-01 17:38:29,,2023-06-01 17:37:00,6,,Other,Tier 1,Bulgaria,,1,0,,0,2019-11-20,Senior,,
In Progress,TKT-2246,Low,Chat,Feature request,Connor Danielovitch,2023-06-02 15:45:26,2023-06-03 15:45:26,2023-06-02 15:47:26,,2023-06-02 15:47:13,4,,Other,Tier 1,Slovenia,,2,0,,0,2018-02-15,Senior,,
Resolved,TKT-2247,Low,Phone,Purchasing and invoicing,Nicola Wane,2023-06-02 00:48:15,2023-06-04 00:48:15,2023-06-02 00:50:15,2023-06-03 14:05:54,2023-06-02 00:49:56,1,,Ready to use Software,Tier 1,United Kingdom,37.29,2,1,0,0,2021-03-12,Mid-Level,,
In Progress,TKT-2248,Low,Phone,Product setup,Adolpho Messingham,2023-06-02 16:43:08,2023-06-04 16:43:08,2023-06-02 16:45:08,,2023-06-02 16:46:46,3,,Ready to use Software,Tier 2,Republic of Ireland,,4,0,,1,2020-05-15,Mid-Level,,
Closed,TKT-2249,Low,Chat,Pricing and licensing,Connor Danielovitch,2023-06-02 17:57:50,2023-06-03 17:57:50,2023-06-02 17:59:50,2023-06-05 21:53:17,2023-06-02 17:57:52,3,5,Other,Tier 1,Germany,75.92,0,0,1,0,2018-02-15,Senior,,
Closed,TKT-2250,Low,Chat,Purchasing and invoicing,Kristos Westoll,2023-06-02 03:33:53,2023-06-03 03:33:53,2023-06-02 03:35:53,2023-06-06 09:54:34,2023-06-02 03:34:02,3,5,Custom software development,Tier 1,Italy,102.34,0,0,1,0,2021-10-18,Mid-Level,,
Closed,TKT-2251,Low,Email,Purchasing and invoicing,Michele Whyatt,2023-06-02 11:24:06,2023-06-04 11:24:06,2023-06-02 12:24:06,2023-06-04 00:02:10,2023-06-02 11:33:06,1,2,Custom software development,Tier 2,Czech Republic,36.63,9,1,0,0,2022-04-10,Junior,,
Resolved,TKT-2252,Low,Email,Product setup,Bernard Beckley,2023-06-03 09:56:16,2023-06-05 09:56:16,2023-06-03 10:56:16,2023-06-05 05:58:07,2023-06-03 10:54:23,10,,Ready to use Software,Tier 1,Republic of Ireland,44.03,58,0,0,0,2019-11-20,Senior,,
Closed,TKT-2253,Medium,Chat,Pricing and licensing,Bernard Beckley,2023-06-03 10:52:50,2023-06-04 10:52:50,2023-06-03 10:54:50,2023-06-03 12:12:06,2023-06-03 10:52:59,8,4,Custom software development,Tier 1,Italy,1.32,0,0,0,0,2019-11-20,Senior,,
Resolved,TKT-2254,Low,Chat,Bug report,Sheela Cutten,2023-06-03 00:48:39,2023-06-04 00:48:39,2023-06-03 00:50:39,2023-06-03 13:44:11,2023-06-03 00:53:21,4,,Training and Consulting Services,Tier 1,Poland,12.93,5,0,0,1,2019-07-10,Senior,,
Resolved,TKT-2255,Low,Chat,Feature request,Bernard Beckley,2023-06-03 05:01:48,2023-06-04 05:01:48,2023-06-03 05:03:48,2023-06-04 01:34:16,2023-06-03 05:01:51,5,,Ready to use Software,Tier 1,France,20.54,0,0,0,0,2019-11-20,Senior,,
Closed,TKT-2267,Low,Email,Pricing and licensing,Connor Danielovitch,2023-06-04 05:31:08,2023-06-06 05:31:08,2023-06-04 06:31:08,2023-06-04 12:44:12,2023-06-04 05:48:28,9,5,Ready to use Software,Tier 1,United Kingdom,7.22,17,0,0,0,2018-02-15,Senior,,
Closed,TKT-2268,Medium,Email,Other,Sheela Cutten,2023-06-04 18:21:52,2023-06-06 18:21:52,2023-06-04 19:21:52,2023-06-06 13:09:18,2023-06-04 18:49:41,2,2,Other,Tier 1,Republic of Ireland,42.79,28,0,0,0,2019-07-10,Senior,,
Closed,TKT-2269,Medium,Email,Product setup,Connor Danielovitch,2023-06-04 12:39:07,2023-06-06 12:39:07,2023-06-04 13:39:07,2023-06-05 14:27:57,2023-06-04 13:20:02,2,4,Ready to use Software,Tier 1,Poland,25.81,41,0,0,0,2018-02-15,Senior,,
Closed,TKT-2270,Low,Email,Pricing and licensing,Nicola Wane,2023-06-05 16:13:03,2023-06-07 16:13:03,2023-06-05 17:13:03,2023-06-06 00:13:30,2023-06-05 16:51:14,10,1,Ready to use Software,Tier 1,Poland,8.01,38,0,0,0,2021-03-12,Mid-Level,,
Resolved,TKT-2271,Low,Chat,Purchasing and invoicing,Kristos Westoll,2023-06-05 07:21:15,2023-06-06 07:21:15,2023-06-05 07:23:15,2023-06-10 05:24:56,2023-06-05 07:26:19,4,,Ready to use Software,Tier 1,Greece,118.06,5,0,1,1,2021-10-18,Mid-Level,,
Closed,TKT-2272,Low,Email,Product setup,Connor Danielovitch,2023-06-05 10:43:50,2023-06-07 10:43:50,2023-06-05 11:43:50,2023-06-07 12:00:41,2023-06-05 11:24:19,3,5,Other,Tier 1,Republic of Ireland,49.28,40,0,1,0,2018-02-15,Senior,,
Closed,TKT-2273,Medium,Chat,Pricing and licensing,Connor Danielovitch,2023-06-05 03:19:23,2023-06-06 03:19:23,2023-06-05 03:21:23,2023-06-05 10:25:10,2023-06-05 03:20:14,5,3,Training and Consulting Services,Tier 1,United Kingdom,7.1,1,0,0,0,2018-02-15,Senior,,
Closed,TKT-2274,Low,Email,Purchasing and invoicing,Adolpho Messingham,2023-06-05 04:41:14,2023-06-07 04:41:14,2023-06-05 05:41:14,2023-06-06 22:59:56,2023-06-05 04:53:30,1,1,Other,Tier 2,Slovenia,42.31,12,1,0,0,2020-05-15,Mid-Level,,
Resolved,TKT-2275,Low,Chat,Bug report,Kristos Westoll,2023-06-05 05:03:31,2023-06-06 05:03:31,2023-06-05 05:05:31,2023-06-05 23:44:41,2023-06-05 05:04:46,6,,Custom software development,Tier 1,Slovenia,18.69,1,0,0,0,2021-10-18,Mid-Level,,
In Progress,TKT-2276,Medium,Chat,Purchasing and invoicing,Bernard Beckley,2023-06-05 09:11:50,2023-06-06 09:11:50,2023-06-05 09:13:50,,2023-06-05 09:13:14,6,,Ready to use Software,Tier 1,Republic of Ireland,,1,0,,0,2019-11-20,Senior,,
Closed,TKT-2277,Medium,Chat,Product setup,Nicola Wane,2023-06-05 01:52:10,2023-06-06 01:52:10,2023-06-05 01:54:10,2023-06-08 16:01:23,2023-06-05 01:54:07,6,3,Ready to use Software,Tier 1,Austria,86.15,2,0,1,0,2021-03-12,Mid-Level,,
Closed,TKT-2278,Medium,Email,Purchasing and invoicing,Sheela Cutten,2023-06-06 14:36:33,2023-06-08 14:36:33,2023-06-06 15:36:33,2023-06-06 15:35:24,2023-06-06 15:05:14,2,5,Ready to use Software,Tier 1,Spain,0.98,29,0,0,0,2019-07-10,Senior,,
Closed,TKT-2279,Low,Email,Other,Sheela Cutten,2023-06-06 01:49:25,2023-06-08 01:49:25,2023-06-06 02:49:25,2023-06-06 13:23:41,2023-06-06 02:31:18,7,4,Training and Consulting Services,Tier 1,Republic of Ireland,11.57,42,0,0,0,2019-07-10,Senior,,
Closed,TKT-2280,Low,Email,Purchasing and invoicing,Kristos Westoll,2023-06-06 00:04:57,2023-06-08 00:04:57,2023-06-06 01:04:57,2023-06-06 09:35:55,2023-06-06 00:59:37,6,5,Ready to use Software,Tier 1,Spain,9.52,55,0,0,0,2021-10-18,Mid-Level,,
Closed,TKT-2281,Medium,Email,Purchasing and invoicing,Nicola Wane,2023-06-06 11:24:39,2023-06-08 11:24:39,2023-06-06 12:24:39,2023-06-11 04:04:31,2023-06-06 12:08:10,3,5,Other,Tier 1,Italy,112.66,44,0,1,0,2021-03-12,Mid-Level,,
Resolved,TKT-2282,Low,Phone,Pricing and licensing,Bernard Beckley,2023-06-06 21:13:59,2023-06-08 21:13:59,2023-06-06 21:15:59,2023-06-07 15:28:43,2023-06-06 21:18:16,3,,Custom software development,Tier 1,Greece,18.25,4,0,0,1,2019-11-20,Senior,,
In Progress,TKT-2283,Low,Chat,Feature request,Nicola Wane,2023-06-06 17:27:40,2023-06-07 17:27:40,2023-06-06 17:29:40,,2023-06-06 17:32:08,6,,Custom software development,Tier 1,Slovenia,,4,0,,1,2021-03-12,Mid-Level,,
Resolved,TKT-2284,Medium,Phone,Pricing and licensing,Sheela Cutten,2023-06-06 21:50:46,2023-06-08 21:50:46,2023-06-06 21:52:46,2023-06-07 19:08:34,2023-06-06 21:52:39,4,,Other,Tier 1,Italy,21.3,2,0,0,0,2019-07-10,Senior,,
Closed,TKT-2285,Medium,Phone,Product setup,Kristos Westoll,2023-06-06 06:29:54,2023-06-08 06:29:54,2023-06-06 06:31:54,2023-06-07 19:55:28,2023-06-06 06:30:08,1,2,Ready to use Software,Tier 1,United Kingdom,37.43,0,1,0,0,2021-10-18,Mid-Level,,
Closed,TKT-2287,Medium,Email,Feature request,Bernard Beckley,2023-06-06 13:23:19,2023-06-08 13:23:19,2023-06-06 14:23:19,2023-06-07 12:50:56,2023-06-06 13:35:02,3,5,Ready to use Software,Tier 1,Spain,23.46,12,0,0,0,2019-11-20,Senior,,
Resolved,TKT-2288,Low,Chat,Product setup,Michele Whyatt,2023-06-06 11:06:41,2023-06-07 11:06:41,2023-06-06 11:08:41,2023-06-07 05:14:52,2023-06-06 11:06:53,8,,Other,Tier 2,Austria,18.14,0,0,0,0,2022-04-10,Junior,,
Closed,TKT-2289,Medium,Chat,Pricing and licensing,Bernard Beckley,2023-06-07 19:00:40,2023-06-08 19:00:40,2023-06-07 19:02:40,2023-06-08 15:23:14,2023-06-07 19:02:11,4,4,Custom software development,Tier 1,Poland,20.38,2,0,0,0,2019-11-20,Senior,,
Resolved,TKT-2290,Low,Email,Pricing and licensing,Connor Danielovitch,2023-06-07 18:11:08,2023-06-09 18:11:08,2023-06-07 19:11:08,2023-06-07 19:13:20,2023-06-07 18:34:10,3,,Custom software development,Tier 1,Bulgaria,1.04,23,0,0,0,2018-02-15,Senior,,
Closed,TKT-2291,Medium,Email,Pricing and licensing,Nicola Wane,2023-06-07 20:16:46,2023-06-09 20:16:46,2023-06-07 21:16:46,2023-06-08 03:43:35,2023-06-08 03:57:38,1,4,Ready to use Software,Tier 1,Czech Republic,7.45,461,1,0,1,2021-03-12,Mid-Level,,
Closed,TKT-2293,Low,Email,Purchasing and invoicing,Adolpho Messingham,2023-06-07 14:19:45,2023-06-09 14:19:45,2023-06-07 15:19:45,2023-06-07 19:33:40,2023-06-07 15:09:43,3,5,Other,Tier 2,France,5.23,50,0,0,0,2020-05-15,Mid-Level,,
In Progress,TKT-2294,Medium,Chat,Product setup,Connor Danielovitch,2023-06-07 20:19:54,2023-06-08 20:19:54,2023-06-07 20:21:54,,2023-06-07 20:21:30,9,,Training and Consulting Services,Tier 1,United Kingdom,,2,0,,0,2018-02-15,Senior,,
In Progress,TKT-2295,Low,Chat,Product setup,Sheela Cutten,2023-06-07 10:55:09,2023-06-08 10:55:09,2023-06-07 10:57:09,,2023-06-07 10:56:35,6,,Other,Tier 1,Poland,,1,0,,0,2019-07-10,Senior,,
Resolved,TKT-2296,Low,Email,Pricing and licensing,Sheela Cutten,2023-06-07 11:43:39,2023-06-09 11:43:39,2023-06-07 12:43:39,2023-06-07 18:16:20,2023-06-07 12:37:01,7,,Ready to use Software,Tier 1,Poland,6.54,53,0,0,0,2019-07-10,Senior,,
Resolved,TKT-2297,High,Chat,Pricing and licensing,Nicola Wane,2023-06-07 00:04:06,2023-06-08 00:04:06,2023-06-07 00:06:06,2023-06-07 06:54:05,2023-06-07 00:04:11,6,,Other,Tier 1,Czech Republic,6.83,0,0,0,0,2021-03-12,Mid-Level,,
In Progress,TKT-2298,Low,Email,Purchasing and invoicing,Michele Whyatt,2023-06-07 02:16:11,2023-06-09 02:16:11,2023-06-07 03:16:11,,2023-06-07 03:03:18,3,,Custom software development,Tier 2,Poland,,47,0,,0,2022-04-10,Junior,,
Closed,TKT-2299,High,Email,Product setup,Heather Urry,2023-06-08 15:54:13,2023-06-10 15:54:13,2023-06-08 16:54:13,2023-06-10 01:10:01,2023-06-08 16:20:51,1,4,Custom software development,Tier 2,Germany,33.26,27,1,0,0,2022-09-25,Junior,,
Closed,TKT-2300,Low,Email,Feature request,Adolpho Messingham,2023-06-08 03:34:17,2023-06-10 03:34:17,2023-06-08 04:34:17,2023-06-09 05:49:32,2023-06-08 03:44:09,1,2,Custom software development,Tier 2,Bulgaria,26.25,10,1,0,0,2020-05-15,Mid-Level,,
Closed,TKT-2301,Medium,Email,Feature request,Bernard Beckley,2023-06-08 16:52:30,2023-06-10 16:52:30,2023-06-08 17:52:30,2023-06-14 04:55:54,2023-06-08 17:48:39,3,4,Custom software development,Tier 1,Republic of Ireland,132.06,56,0,1,0,2019-11-20,Senior,,
In Progress,TKT-2302,Low,Chat,Pricing and licensing,Connor Danielovitch,2023-06-08 00:17:24,2023-06-09 00:17:24,2023-06-08 00:19:24,,2023-06-08 00:18:03,8,,Custom software development,Tier 1,France,,1,0,,0,2018-02-15,Senior,,
In Progress,TKT-2304,Low,Email,Pricing and licensing,Nicola Wane,2023-06-09 20:18:40,2023-06-11 20:18:40,2023-06-09 21:18:40,,2023-06-09 21:00:30,1,,Custom software development,Tier 1,United Kingdom,,42,1,,0,2021-03-12,Mid-Level,,
Closed,TKT-2305,Low,Email,Pricing and licensing,Sheela Cutten,2023-06-09 15:57:03,2023-06-11 15:57:03,2023-06-09 16:57:03,2023-06-11 11:37:38,2023-06-09 16:12:31,10,5,Training and Consulting Services,Tier 1,Poland,43.68,15,0,0,0,2019-07-10,Senior,,
Closed,TKT-2306,Low,Chat,Product setup,Heather Urry,2023-06-09 23:12:15,2023-06-10 23:12:15,2023-06-09 23:14:15,2023-06-10 02:15:40,2023-06-09 23:13:57,7,3,Custom software development,Tier 2,Italy,3.06,2,0,0,0,2022-09-25,Junior,,
In Progress,TKT-2307,High,Email,Bug report,Adolpho Messingham,2023-06-09 00:30:42,2023-06-11 00:30:42,2023-06-09 01:30:42,,2023-06-09 00:36:53,2,,Ready to use Software,Tier 2,Austria,,6,0,,0,2020-05-15,Mid-Level,,
Closed,TKT-2309,Low,Chat,Bug report,Adolpho Messingham,2023-06-09 15:51:47,2023-06-10 15:51:47,2023-06-09 15:53:47,2023-06-10 00:04:18,2023-06-09 15:54:22,3,3,Custom software development,Tier 2,Greece,8.21,3,0,0,1,2020-05-15,Mid-Level,,
Closed,TKT-2310,Low,Chat,Bug report,Connor Danielovitch,2023-06-09 13:39:42,2023-06-10 13:39:42,2023-06-09 13:41:42,2023-06-09 16:01:08,2023-06-09 13:41:25,60,3,Training and Consulting Services,Tier 1,Germany,2.36,2,0,0,0,2018-02-15,Senior,,
Closed,TKT-2311,High,Email,Pricing and licensing,Kristos Westoll,2023-06-09 15:21:40,2023-06-11 15:21:40,2023-06-09 16:21:40,2023-06-10 01:55:26,2023-06-09 15:37:05,1,5,Custom software development,Tier 1,Republic of Ireland,10.56,15,1,0,0,2021-10-18,Mid-Level,,
In Progress,TKT-2313,Low,Email,Pricing and licensing,Kristos Westoll,2023-06-10 03:28:37,2023-06-12 03:28:37,2023-06-10 04:28:37,,2023-06-10 03:36:28,10,,Custom software development,Tier 1,Austria,,8,0,,0,2021-10-18,Mid-Level,,
Resolved,TKT-2321,Medium,Chat,Product setup,Heather Urry,2023-06-10 05:14:08,2023-06-11 05:14:08,2023-06-10 05:16:08,2023-06-10 16:07:45,2023-06-10 05:15:57,6,,Ready to use Software,Tier 2,France,10.89,2,0,0,0,2022-09-25,Junior,,
Resolved,TKT-2322,Low,Chat,Feature request,Connor Danielovitch,2023-06-10 15:57:39,2023-06-11 15:57:39,2023-06-10 15:59:39,2023-06-11 10:32:41,2023-06-10 15:59:34,5,,Ready to use Software,Tier 1,France,18.58,2,0,0,0,2018-02-15,Senior,,
Closed,TKT-2323,Low,Email,Product setup,Heather Urry,2023-06-10 02:58:45,2023-06-12 02:58:45,2023-06-10 03:58:45,2023-06-11 15:01:23,2023-06-10 10:20:29,2,5,Training and Consulting Services,Tier 2,France,36.04,442,0,0,1,2022-09-25,Junior,,
Resolved,TKT-2324,High,Phone,Product setup,Sheela Cutten,2023-06-10 03:37:03,2023-06-12 03:37:03,2023-06-10 03:39:03,2023-06-10 09:37:16,2023-06-10 03:38:59,1,,Training and Consulting Services,Tier 1,Czech Republic,6,2,1,0,0,2019-07-10,Senior,,
Resolved,TKT-2325,Low,Email,Pricing and licensing,Heather Urry,2023-06-11 17:44:56,2023-06-13 17:44:56,2023-06-11 18:44:56,2023-06-13 04:25:03,2023-06-11 18:11:39,8,,Ready to use Software,Tier 2,Slovenia,34.67,27,0,0,0,2022-09-25,Junior,,
Closed,TKT-2332,Medium,Chat,Pricing and licensing,Connor Danielovitch,2023-06-12 18:07:44,2023-06-13 18:07:44,2023-06-12 18:09:44,2023-06-12 23:16:38,2023-06-12 18:09:43,6,4,Other,Tier 1,Poland,5.15,2,0,0,0,2018-02-15,Senior,,
Closed,TKT-2333,Low,Chat,Purchasing and invoicing,Adolpho Messingham,2023-06-12 08:43:13,2023-06-13 08:43:13,2023-06-12 08:45:13,2023-06-13 06:10:37,2023-06-12 08:44:40,6,1,Ready to use Software,Tier 2,Greece,21.46,1,0,0,0,2020-05-15,Mid-Level,,
Resolved,TKT-2334,Low,Chat,Pricing and licensing,Michele Whyatt,2023-06-12 18:04:14,2023-06-13 18:04:14,2023-06-12 18:06:14,2023-06-16 06:26:09,2023-06-12 18:05:44,4,,Ready to use Software,Tier 2,Spain,84.37,2,0,1,0,2022-04-10,Junior,,
Closed,TKT-2335,Low,Email,Bug report,Bernard Beckley,2023-06-12 14:05:37,2023-06-14 14:05:37,2023-06-12 15:05:37,2023-06-13 19:56:43,2023-06-12 14:16:41,3,5,Ready to use Software,Tier 1,Republic of Ireland,29.85,11,0,0,0,2019-11-20,Senior,,
In Progress,TKT-2336,Low,Email,Purchasing and invoicing,Nicola Wane,2023-06-12 04:41:42,2023-06-14 04:41:42,2023-06-12 05:41:42,,2023-06-12 05:32:53,1,,Other,Tier 1,United Kingdom,,51,1,,0,2021-03-12,Mid-Level,,
In Progress,TKT-2337,Low,Chat,Feature request,Adolpho Messingham,2023-06-12 20:04:14,2023-06-13 20:04:14,2023-06-12 20:06:14,,2023-06-12 20:05:32,3,,Ready to use Software,Tier 2,Czech Republic,,1,0,,0,2020-05-15,Mid-Level,,
Resolved,TKT-2338,Low,Chat,Purchasing and invoicing,Sheela Cutten,2023-06-12 17:39:34,2023-06-13 17:39:34,2023-06-12 17:41:34,2023-06-13 10:42:42,2023-06-12 17:41:15,5,,Other,Tier 1,United Kingdom,17.05,2,0,0,0,2019-07-10,Senior,,
Closed,TKT-2339,Low,Email,Pricing and licensing,Adolpho Messingham,2023-06-12 02:59:16,2023-06-14 02:59:16,2023-06-12 03:59:16,2023-06-13 07:09:26,2023-06-12 03:54:00,8,3,Custom software development,Tier 2,United Kingdom,28.17,55,0,0,0,2020-05-15,Mid-Level,,
Closed,TKT-2340,Medium,Email,Pricing and licensing,Heather Urry,2023-06-13 11:58:37,2023-06-15 11:58:37,2023-06-13 12:58:37,2023-06-14 19:51:19,2023-06-13 12:28:39,9,2,Custom software development,Tier 2,Italy,31.88,30,0,0,0,2022-09-25,Junior,,
Resolved,TKT-2341,High,Chat,Feature request,Adolpho Messingham,2023-06-13 15:33:31,2023-06-14 15:33:31,2023-06-13 15:35:31,2023-06-13 19:30:08,2023-06-13 15:35:16,60,,Other,Tier 2,Italy,3.94,2,0,0,0,2020-05-15,Mid-Level,,
Closed,TKT-2342,Low,Email,Feature request,Sheela Cutten,2023-06-13 07:16:46,2023-06-15 07:16:46,2023-06-13 08:16:46,2023-06-14 18:46:17,2023-06-13 10:44:37,2,4,Ready to use Software,Tier 1,Germany,35.49,208,0,0,1,2019-07-10,Senior,,
Closed,TKT-2343,High,Email,Purchasing and invoicing,Kristos Westoll,2023-06-13 08:41:04,2023-06-15 08:41:04,2023-06-13 09:41:04,2023-06-15 16:27:17,2023-06-13 09:30:05,3,5,Custom software development,Tier 1,Greece,55.77,49,0,1,0,2021-10-18,Mid-Level,,
Closed,TKT-2344,Low,Chat,Feature request,Bernard Beckley,2023-06-13 17:13:06,2023-06-14 17:13:06,2023-06-13 17:15:06,2023-06-14 14:51:07,2023-06-13 17:14:24,6,5,Ready to use Software,Tier 1,Czech Republic,21.63,1,0,0,0,2019-11-20,Senior,,
Closed,TKT-2345,Low,Email,Product setup,Connor Danielovitch,2023-06-13 09:35:27,2023-06-15 09:35:27,2023-06-13 10:35:27,2023-06-14 10:40:55,2023-06-13 09:55:02,3,4,Ready to use Software,Tier 1,France,25.09,20,0,0,0,2018-02-15,Senior,,
Resolved,TKT-2346,Low,Email,Product setup,Connor Danielovitch,2023-06-13 13:58:40,2023-06-15 13:58:40,2023-06-13 14:58:40,2023-06-14 23:28:31,2023-06-13 14:20:12,9,,Ready to use Software,Tier 1,Germany,33.5,22,0,0,0,2018-02-15,Senior,,
Closed,TKT-2347,Medium,Email,Bug report,Kristos Westoll,2023-06-13 01:46:10,2023-06-15 01:46:10,2023-06-13 02:46:10,2023-06-13 20:42:10,2023-06-13 01:54:22,8,4,Custom software development,Tier 1,Poland,18.93,8,0,0,0,2021-10-18,Mid-Level,,
Closed,TKT-2348,Low,Chat,Pricing and licensing,Sheela Cutten,2023-06-14 03:36:59,2023-06-15 03:36:59,2023-06-14 03:38:59,2023-06-15 03:32:20,2023-06-14 03:38:12,3,4,Ready to use Software,Tier 1,Republic of Ireland,23.92,1,0,0,0,2019-07-10,Senior,,
Resolved,TKT-2349,Low,Phone,Purchasing and invoicing,Nicola Wane,2023-06-14 05:05:18,2023-06-16 05:05:18,2023-06-14 05:07:18,2023-06-15 01:06:42,2023-06-14 05:10:53,6,,Ready to use Software,Tier 1,Germany,20.02,6,0,0,1,2021-03-12,Mid-Level,,
Resolved,TKT-2350,Medium,Email,Feature request,Sheela Cutten,2023-06-14 14:13:32,2023-06-16 14:13:32,2023-06-14 15:13:32,2023-06-15 04:54:37,2023-06-14 15:01:12,6,,Ready to use Software,Tier 1,Germany,14.68,48,0,0,0,2019-07-10,Senior,,
Closed,TKT-2351,Low,Phone,Product setup,Adolpho Messingham,2023-06-14 07:37:55,2023-06-16 07:37:55,2023-06-14 07:39:55,2023-06-15 11:12:44,2023-06-14 07:39:18,7,1,Ready to use Software,Tier 2,Republic of Ireland,27.58,1,0,0,0,2020-05-15,Mid-Level,,
Resolved,TKT-2352,High,Email,Training request,Michele Whyatt,2023-06-14 19:25:36,2023-06-16 19:25:36,2023-06-14 20:25:36,2023-06-19 15:23:09,2023-06-14 19:27:40,10,,Training and Consulting Services,Tier 2,Bulgaria,115.96,2,0,1,0,2022-04-10,Junior,,
Closed,TKT-2353,Medium,Email,Product setup,Nicola Wane,2023-06-14 08:44:11,2023-06-16 08:44:11,2023-06-14 09:44:11,2023-06-16 11:16:15,2023-06-14 11:05:25,3,3,Training and Consulting Services,Tier 1,United Kingdom,50.53,141,0,1,1,2021-03-12,Mid-Level,,
Closed,TKT-2354,Medium,Email,Bug report,Sheela Cutten,2023-06-14 03:27:43,2023-06-16 03:27:43,2023-06-14 04:27:43,2023-06-15 19:29:36,2023-06-14 03:38:57,9,4,Ready to use Software,Tier 1,Czech Republic,40.03,11,0,0,0,2019-07-10,Senior,,
In Progress,TKT-2355,Medium,Chat,Pricing and licensing,Heather Urry,2023-06-15 07:44:22,2023-06-16 07:44:22,2023-06-15 07:46:22,,2023-06-15 07:45:53,7,,Ready to use Software,Tier 2,Austria,,2,0,,0,2022-09-25,Junior,,
Closed,TKT-2356,Medium,Chat,Feature request,Michele Whyatt,2023-06-15 09:33:18,2023-06-16 09:33:18,2023-06-15 09:35:18,2023-06-16 02:03:48,2023-06-15 09:38:33,6,3,Other,Tier 2,Slovenia,16.51,5,0,0,1,2022-04-10,Junior,,
In Progress,TKT-2357,High,Email,Feature request,Michele Whyatt,2023-06-15 03:11:42,2023-06-17 03:11:42,2023-06-15 04:11:42,,2023-06-15 03:36:32,5,,Custom software development,Tier 2,United Kingdom,,25,0,,0,2022-04-10,Junior,,
Closed,TKT-2358,Medium,Email,Product setup,Heather Urry,2023-06-15 19:11:03,2023-06-17 19:11:03,2023-06-15 20:11:03,2023-06-16 16:58:36,2023-06-15 20:05:41,8,1,Training and Consulting Services,Tier 2,Republic of Ireland,21.79,55,0,0,0,2022-09-25,Junior,,
Closed,TKT-2359,Low,Chat,Product setup,Adolpho Messingham,2023-06-15 03:22:26,2023-06-16 03:22:26,2023-06-15 03:24:26,2023-06-15 10:47:44,2023-06-15 03:24:14,4,3,Custom software development,Tier 2,France,7.42,2,0,0,0,2020-05-15,Mid-Level,,
Closed,TKT-2360,Low,Chat,Training request,Nicola Wane,2023-06-15 12:47:13,2023-06-16 12:47:13,2023-06-15 12:49:13,2023-06-16 08:59:24,2023-06-15 12:48:23,6,4,Training and Consulting Services,Tier 1,Germany,20.2,1,0,0,0,2021-03-12,Mid-Level,,
Resolved,TKT-2361,Low,Email,Feature request,Heather Urry,2023-06-15 01:48:45,2023-06-17 01:48:45,2023-06-15 02:48:45,2023-06-15 05:51:56,2023-06-15 02:17:08,2,,Ready to use Software,Tier 2,Greece,4.05,28,0,0,0,2022-09-25,Junior,,
Closed,TKT-2362,Medium,Email,Training request,Heather Urry,2023-06-15 21:46:17,2023-06-17 21:46:17,2023-06-15 22:46:17,2023-06-17 08:17:10,2023-06-15 22:31:50,10,2,Training and Consulting Services,Tier 2,Poland,34.51,46,0,0,0,2022-09-25,Junior,,
Resolved,TKT-2363,Medium,Email,Feature request,Adolpho Messingham,2023-06-15 00:54:40,2023-06-17 00:54:40,2023-06-15 01:54:40,2023-06-16 20:27:14,2023-06-15 01:43:04,7,,Custom software development,Tier 2,United Kingdom,43.54,48,0,0,0,2020-05-15,Mid-Level,,
Resolved,TKT-2364,Low,Email,Feature request,Connor Danielovitch,2023-06-16 21:52:30,2023-06-18 21:52:30,2023-06-16 22:52:30,2023-06-21 13:03:26,2023-06-16 22:45:23,1,,Custom software development,Tier 1,Czech Republic,111.18,53,1,1,0,2018-02-15,Senior,,
Closed,TKT-2365,Medium,Email,Purchasing and invoicing,Sheela Cutten,2023-06-16 11:53:56,2023-06-18 11:53:56,2023-06-16 12:53:56,2023-06-18 01:37:19,2023-06-16 12:23:34,1,4,Ready to use Software,Tier 1,Republic of Ireland,37.72,30,1,0,0,2019-07-10,Senior,,
Closed,TKT-2366,High,Email,Other,Kristos Westoll,2023-06-16 15:52:33,2023-06-18 15:52:33,2023-06-16 16:52:33,2023-06-18 14:06:05,2023-06-16 16:28:42,5,5,Ready to use Software,Tier 1,Greece,46.23,36,0,0,0,2021-10-18,Mid-Level,,
Closed,TKT-2367,Low,Chat,Product setup,Kristos Westoll,2023-06-16 09:59:53,2023-06-17 09:59:53,2023-06-16 10:01:53,2023-06-16 14:30:22,2023-06-16 10:01:29,3,4,Ready to use Software,Tier 1,Greece,4.51,2,0,0,0,2021-10-18,Mid-Level,,
Resolved,TKT-2368,Low,Email,Pricing and licensing,Connor Danielovitch,2023-06-16 16:30:16,2023-06-18 16:30:16,2023-06-16 17:30:16,2023-06-20 04:22:07,2023-06-16 17:35:49,1,,Custom software development,Tier 1,Republic of Ireland,83.86,66,1,1,1,2018-02-15,Senior,,
In Progress,TKT-2369,Low,Chat,Product setup,Michele Whyatt,2023-06-16 06:07:53,2023-06-17 06:07:53,2023-06-16 06:09:53,,2023-06-16 06:09:10,4,,Custom software development,Tier 2,France,,1,0,,0,2022-04-10,Junior,,
Closed,TKT-2370,Low,Email,Pricing and licensing,Bernard Beckley,2023-06-16 14:52:30,2023-06-18 14:52:30,2023-06-16 15:52:30,2023-06-17 11:22:05,2023-06-16 15:42:36,10,4,Custom software development,Tier 1,Greece,20.49,50,0,0,0,2019-11-20,Senior,,
In Progress,TKT-2371,Medium,Email,Purchasing and invoicing,Adolpho Messingham,2023-06-16 18:36:18,2023-06-18 18:36:18,2023-06-16 19:36:18,,2023-06-16 18:46:25,1,,Ready to use Software,Tier 2,Republic of Ireland,,10,1,,0,2020-05-15,Mid-Level,,
Resolved,TKT-2372,Low,Chat,Pricing and licensing,Bernard Beckley,2023-06-16 18:14:15,2023-06-17 18:14:15,2023-06-16 18:16:15,2023-06-17 04:48:39,2023-06-16 18:14:55,3,,Ready to use Software,Tier 1,Spain,10.57,1,0,0,0,2019-11-20,Senior,,
Closed,TKT-2373,High,Email,Bug report,Sheela Cutten,2023-06-16 03:03:28,2023-06-18 03:03:28,2023-06-16 04:03:28,2023-06-17 04:24:55,2023-06-16 04:01:06,3,4,Ready to use Software,Tier 1,France,25.36,58,0,0,0,2019-07-10,Senior,,
Closed,TKT-2374,Low,Email,Bug report,Bernard Beckley,2023-06-17 13:06:16,2023-06-19 13:06:16,2023-06-17 14:06:16,2023-06-18 07:10:39,2023-06-17 13:36:16,1,2,Ready to use Software,Tier 1,Poland,18.07,30,1,0,0,2019-11-20,Senior,,
Closed,TKT-2375,Low,Email,Pricing and licensing,Sheela Cutten,2023-06-17 06:29:35,2023-06-19 06:29:35,2023-06-17 07:29:35,2023-06-18 00:09:35,2023-06-17 07:26:15,6,4,Training and Consulting Services,Tier 1,United Kingdom,17.67,57,0,0,0,2019-07-10,Senior,,
In Progress,TKT-2376,Low,Chat,Pricing and licensing,Kristos Westoll,2023-06-17 06:31:32,2023-06-18 06:31:32,2023-06-17 06:33:32,,2023-06-17 06:37:19,9,,Ready to use Software,Tier 1,United Kingdom,,6,0,,1,2021-10-18,Mid-Level,,
Resolved,TKT-2381,Low,Chat,Feature request,Adolpho Messingham,2023-06-18 18:13:48,2023-06-19 18:13:48,2023-06-18 18:15:48,2023-06-20 07:45:45,2023-06-18 18:14:17,7,,Custom software development,Tier 2,United Kingdom,37.53,0,0,1,0,2020-05-15,Mid-Level,,
Closed,TKT-2382,Low,Chat,Pricing and licensing,Sheela Cutten,2023-06-18 14:10:22,2023-06-19 14:10:22,2023-06-18 14:12:22,2023-06-18 19:08:10,2023-06-18 14:10:47,3,3,Custom software development,Tier 1,Poland,4.96,0,0,0,0,2019-07-10,Senior,,
In Progress,TKT-2383,High,Chat,Product setup,Kristos Westoll,2023-06-19 07:11:25,2023-06-20 07:11:25,2023-06-19 07:13:25,,2023-06-19 07:13:44,6,,Ready to use Software,Tier 1,Spain,,2,0,,1,2021-10-18,Mid-Level,,
Closed,TKT-2384,Low,Chat,Pricing and licensing,Connor Danielovitch,2023-06-19 10:06:01,2023-06-20 10:06:01,2023-06-19 10:08:01,2023-06-20 08:41:32,2023-06-19 10:07:06,6,4,Custom software development,Tier 1,Italy,22.59,1,0,0,0,2018-02-15,Senior,,
In Progress,TKT-2385,Low,Email,Feature request,Adolpho Messingham,2023-06-19 02:56:47,2023-06-21 02:56:47,2023-06-19 03:56:47,,2023-06-19 03:19:47,1,,Other,Tier 2,Slovenia,,23,1,,0,2020-05-15,Mid-Level,,
Closed,TKT-2386,Low,Email,Product setup,Heather Urry,2023-06-19 09:47:32,2023-06-21 09:47:32,2023-06-19 10:47:32,2023-06-20 05:32:37,2023-06-19 10:25:29,1,5,Ready to use Software,Tier 2,Republic of Ireland,19.75,38,1,0,0,2022-09-25,Junior,,
In Progress,TKT-2387,Medium,Email,Bug report,Sheela Cutten,2023-06-19 15:00:04,2023-06-21 15:00:04,2023-06-19 16:00:04,,2023-06-19 15:04:14,9,,Custom software development,Tier 1,Austria,,4,0,,0,2019-07-10,Senior,,
In Progress,TKT-2388,Low,Email,Pricing and licensing,Sheela Cutten,2023-06-19 18:56:11,2023-06-21 18:56:11,2023-06-19 19:56:11,,2023-06-19 19:55:43,1,,Other,Tier 1,Czech Republic,,60,1,,0,2019-07-10,Senior,,
Resolved,TKT-2389,Medium,Email,Feature request,Connor Danielovitch,2023-06-19 13:19:08,2023-06-21 13:19:08,2023-06-19 14:19:08,2023-06-19 20:41:52,2023-06-19 13:32:29,7,,Ready to use Software,Tier 1,Austria,7.38,13,0,0,0,2018-02-15,Senior,,
Closed,TKT-2390,Low,Email,Purchasing and invoicing,Bernard Beckley,2023-06-20 05:58:21,2023-06-22 05:58:21,2023-06-20 06:58:21,2023-06-22 01:44:27,2023-06-20 06:03:17,1,5,Other,Tier 1,United Kingdom,43.77,5,1,0,0,2019-11-20,Senior,,
In Progress,TKT-2391,Low,Chat,Product setup,Nicola Wane,2023-06-20 03:21:33,2023-06-21 03:21:33,2023-06-20 03:23:33,,2023-06-20 03:22:40,5,,Ready to use Software,Tier 1,Czech Republic,,1,0,,0,2021-03-12,Mid-Level,,
Closed,TKT-2392,Low,Email,Pricing and licensing,Bernard Beckley,2023-06-20 00:42:46,2023-06-22 00:42:46,2023-06-20 01:42:46,2023-06-23 15:17:53,2023-06-20 01:41:53,3,2,Other,Tier 1,Bulgaria,86.59,59,0,1,0,2019-11-20,Senior,,
Closed,TKT-2393,Low,Phone,Product setup,Connor Danielovitch,2023-06-20 03:00:12,2023-06-22 03:00:12,2023-06-20 03:02:12,2023-06-21 10:31:18,2023-06-20 03:00:50,3,3,Ready to use Software,Tier 1,United Kingdom,31.52,1,0,0,0,2018-02-15,Senior,,
Closed,TKT-2394,Low,Chat,Other,Connor Danielovitch,2023-06-20 04:41:46,2023-06-21 04:41:46,2023-06-20 04:43:46,2023-06-20 23:55:57,2023-06-20 04:43:06,3,4,Ready to use Software,Tier 1,Italy,19.24,1,0,0,0,2018-02-15,Senior,,
Closed,TKT-2395,High,Email,Product setup,Michele Whyatt,2023-06-21 19:25:13,2023-06-23 19:25:13,2023-06-21 20:25:13,2023-06-22 16:57:48,2023-06-21 19:40:16,10,1,Ready to use Software,Tier 2,United Kingdom,21.54,15,0,0,0,2022-04-10,Junior,,
Resolved,TKT-2396,High,Email,Pricing and licensing,Bernard Beckley,2023-06-21 17:34:47,2023-06-23 17:34:47,2023-06-21 18:34:47,2023-06-23 07:58:31,2023-06-21 18:09:40,7,,Custom software development,Tier 1,Germany,38.4,35,0,0,0,2019-11-20,Senior,,
Resolved,TKT-2397,Low,Email,Other,Connor Danielovitch,2023-06-21 05:06:53,2023-06-23 05:06:53,2023-06-21 06:06:53,2023-06-22 08:11:45,2023-06-21 05:32:02,2,,Custom software development,Tier 1,Poland,27.08,25,0,0,0,2018-02-15,Senior,,
Closed,TKT-2398,Low,Email,Purchasing and invoicing,Connor Danielovitch,2023-06-21 19:47:41,2023-06-23 19:47:41,2023-06-21 20:47:41,2023-06-22 13:39:42,2023-06-21 19:50:01,10,5,Ready to use Software,Tier 1,Bulgaria,17.87,2,0,0,0,2018-02-15,Senior,,
Closed,TKT-2399,High,Chat,Product setup,Heather Urry,2023-06-21 10:02:44,2023-06-22 10:02:44,2023-06-21 10:04:44,2023-06-22 17:22:19,2023-06-21 10:03:28,4,3,Custom software development,Tier 2,United Kingdom,31.33,1,0,1,0,2022-09-25,Junior,,
Closed,TKT-2400,High,Chat,Feature request,Nicola Wane,2023-06-21 22:56:11,2023-06-22 22:56:11,2023-06-21 22:58:11,2023-06-27 19:57:56,2023-06-21 22:57:40,6,3,Ready to use Software,Tier 1,Poland,141.03,1,0,1,0,2021-03-12,Mid-Level,,
Resolved,TKT-2401,Low,Chat,Other,Connor Danielovitch,2023-06-21 18:25:14,2023-06-22 18:25:14,2023-06-21 18:27:14,2023-06-22 15:59:52,2023-06-21 18:28:57,4,,Ready to use Software,Tier 1,Spain,21.58,4,0,0,1,2018-02-15,Senior,,
Closed,TKT-2402,Medium,Email,Feature request,Kristos Westoll,2023-06-21 23:30:20,2023-06-23 23:30:20,2023-06-22 00:30:20,2023-06-22 20:43:43,2023-06-22 00:20:37,1,5,Ready to use Software,Tier 1,Germany,21.22,50,1,0,0,2021-10-18,Mid-Level,,
Resolved,TKT-2403,High,Chat,Other,Kristos Westoll,2023-06-21 11:31:28,2023-06-22 11:31:28,2023-06-21 11:33:28,2023-06-21 11:39:05,2023-06-21 11:32:38,60,,Custom software development,Tier 1,United Kingdom,0.13,1,0,0,0,2021-10-18,Mid-Level,,
Closed,TKT-2404,Low,Email,Training request,Adolpho Messingham,2023-06-21 08:31:17,2023-06-23 08:31:17,2023-06-21 09:31:17,2023-06-21 21:32:34,2023-06-21 08:52:45,8,3,Training and Consulting Services,Tier 2,Poland,13.02,21,0,0,0,2020-05-15,Mid-Level,,
In Progress,TKT-2405,Medium,Email,Training request,Connor Danielovitch,2023-06-21 18:46:11,2023-06-23 18:46:11,2023-06-21 19:46:11,,2023-06-21 19:34:19,8,,Training and Consulting Services,Tier 1,Spain,,48,0,,0,2018-02-15,Senior,,
In Progress,TKT-2406,Medium,Email,Product setup,Connor Danielovitch,2023-06-21 15:15:00,2023-06-23 15:15:00,2023-06-21 16:15:00,,2023-06-21 15:57:39,2,,Ready to use Software,Tier 1,Poland,,43,0,,0,2018-02-15,Senior,,
Resolved,TKT-2407,High,Email,Feature request,Heather Urry,2023-06-21 15:13:01,2023-06-23 15:13:01,2023-06-21 16:13:01,2023-06-23 02:46:06,2023-06-21 15:51:51,3,,Other,Tier 2,Poland,35.55,39,0,0,0,2022-09-25,Junior,,
Closed,TKT-2408,Low,Phone,Pricing and licensing,Sheela Cutten,2023-06-21 15:24:15,2023-06-23 15:24:15,2023-06-21 15:26:15,2023-06-27 08:48:41,2023-06-21 15:25:00,5,4,Training and Consulting Services,Tier 1,Germany,137.41,1,0,1,0,2019-07-10,Senior,,
In Progress,TKT-2409,Low,Email,Product setup,Connor Danielovitch,2023-06-21 07:58:57,2023-06-23 07:58:57,2023-06-21 08:58:57,,2023-06-21 08:53:03,2,,Other,Tier 1,United Kingdom,,54,0,,0,2018-02-15,Senior,,
Closed,TKT-2410,Low,Phone,Product setup,Nicola Wane,2023-06-21 14:09:56,2023-06-23 14:09:56,2023-06-21 14:11:56,2023-06-21 22:35:13,2023-06-21 14:13:04,1,2,Ready to use Software,Tier 1,Slovenia,8.42,3,1,0,1,2021-03-12,Mid-Level,,
Resolved,TKT-2411,High,Email,Feature request,Heather Urry,2023-06-22 21:31:03,2023-06-24 21:31:03,2023-06-22 22:31:03,2023-06-23 11:02:13,2023-06-22 21:36:58,1,,Custom software development,Tier 2,Austria,13.52,6,1,0,0,2022-09-25,Junior,,
In Progress,TKT-2412,Medium,Phone,Pricing and licensing,Sheela Cutten,2023-06-22 09:19:42,2023-06-24 09:19:42,2023-06-22 09:21:42,,2023-06-22 09:22:04,1,,Custom software development,Tier 1,United Kingdom,,2,1,,1,2019-07-10,Senior,,
Resolved,TKT-2413,High,Chat,Pricing and licensing,Sheela Cutten,2023-06-22 21:24:24,2023-06-23 21:24:24,2023-06-22 21:26:24,2023-06-23 08:25:47,2023-06-22 21:25:53,4,,Other,Tier 1,Czech Republic,11.02,1,0,0,0,2019-07-10,Senior,,
Closed,TKT-2414,Low,Email,Feature request,Heather Urry,2023-06-22 15:10:05,2023-06-24 15:10:05,2023-06-22 16:10:05,2023-06-23 01:28:53,2023-06-22 21:32:05,1,5,Custom software development,Tier 2,Poland,10.31,382,1,0,1,2022-09-25,Junior,,
In Progress,TKT-2415,Medium,Email,Other,Kristos Westoll,2023-06-22 09:31:15,2023-06-24 09:31:15,2023-06-22 10:31:15,,2023-06-22 10:12:14,3,,Ready to use Software,Tier 1,Germany,,41,0,,0,2021-10-18,Mid-Level,,
Closed,TKT-2416,Low,Chat,Product setup,Sheela Cutten,2023-06-22 03:14:48,2023-06-23 03:14:48,2023-06-22 03:16:48,2023-06-22 08:24:32,2023-06-22 03:16:01,3,4,Ready to use Software,Tier 1,Poland,5.16,1,0,0,0,2019-07-10,Senior,,
In Progress,TKT-2417,Low,Chat,Training request,Heather Urry,2023-06-22 05:33:00,2023-06-23 05:33:00,2023-06-22 05:35:00,,2023-06-22 05:36:01,8,,Training and Consulting Services,Tier 2,Italy,,3,0,,1,2022-09-25,Junior,,
Closed,TKT-2418,Medium,Email,Purchasing and invoicing,Michele Whyatt,2023-06-22 15:20:02,2023-06-24 15:20:02,2023-06-22 16:20:02,2023-06-25 01:52:58,2023-06-22 15:36:47,1,4,Ready to use Software,Tier 2,Germany,58.55,17,1,1,0,2022-04-10,Junior,,
Closed,TKT-2419,Low,Phone,Pricing and licensing,Connor Danielovitch,2023-06-22 15:17:57,2023-06-24 15:17:57,2023-06-22 15:19:57,2023-06-24 06:43:14,2023-06-22 15:18:08,2,3,Custom software development,Tier 1,France,39.42,0,0,0,0,2018-02-15,Senior,,
Closed,TKT-2420,Medium,Chat,Other,Adolpho Messingham,2023-06-22 10:16:27,2023-06-23 10:16:27,2023-06-22 10:18:27,2023-06-22 14:53:00,2023-06-22 10:20:46,60,4,Other,Tier 2,France,4.61,4,0,0,1,2020-05-15,Mid-Level,,
Resolved,TKT-2421,Low,Phone,Other,Kristos Westoll,2023-06-23 02:51:48,2023-06-25 02:51:48,2023-06-23 02:53:48,2023-06-23 16:17:04,2023-06-23 02:52:11,3,,Ready to use Software,Tier 1,Bulgaria,13.42,0,0,0,0,2021-10-18,Mid-Level,,
Resolved,TKT-2422,Low,Phone,Pricing and licensing,Bernard Beckley,2023-06-23 02:00:34,2023-06-25 02:00:34,2023-06-23 02:02:34,2023-06-23 21:33:51,2023-06-23 02:04:43,2,,Training and Consulting Services,Tier 1,Austria,19.55,4,0,0,1,2019-11-20,Senior,,
Closed,TKT-2423,Low,Email,Feature request,Connor Danielovitch,2023-06-23 11:18:18,2023-06-25 11:18:18,2023-06-23 12:18:18,2023-06-23 23:12:52,2023-06-23 12:10:12,1,3,Ready to use Software,Tier 1,Germany,11.91,52,1,0,0,2018-02-15,Senior,,
Closed,TKT-2425,Medium,Email,Product setup,Bernard Beckley,2023-06-23 13:46:19,2023-06-25 13:46:19,2023-06-23 14:46:19,2023-06-24 23:07:51,2023-06-23 14:10:55,1,4,Ready to use Software,Tier 1,United Kingdom,33.36,25,1,0,0,2019-11-20,Senior,,
In Progress,TKT-2426,Low,Email,Pricing and licensing,Kristos Westoll,2023-06-23 20:46:30,2023-06-25 20:46:30,2023-06-23 21:46:30,,2023-06-23 21:26:44,2,,Custom software development,Tier 1,Germany,,40,0,,0,2021-10-18,Mid-Level,,
Resolved,TKT-2429,Low,Email,Pricing and licensing,Nicola Wane,2023-06-23 22:09:46,2023-06-25 22:09:46,2023-06-23 23:09:46,2023-06-25 00:32:48,2023-06-23 22:20:05,2,,Ready to use Software,Tier 1,Italy,26.38,10,0,0,0,2021-03-12,Mid-Level,,
Closed,TKT-2431,High,Email,Purchasing and invoicing,Bernard Beckley,2023-06-24 07:16:23,2023-06-26 07:16:23,2023-06-24 08:16:23,2023-06-30 04:11:12,2023-06-24 07:52:50,1,4,Other,Tier 1,Italy,140.91,36,1,1,0,2019-11-20,Senior,,
Closed,TKT-2433,Low,Chat,Feature request,Sheela Cutten,2023-06-24 18:39:33,2023-06-25 18:39:33,2023-06-24 18:41:33,2023-06-25 12:35:40,2023-06-24 18:40:26,3,2,Ready to use Software,Tier 1,Bulgaria,17.94,1,0,0,0,2019-07-10,Senior,,
Closed,TKT-2446,Low,Chat,Pricing and licensing,Heather Urry,2023-06-25 16:40:38,2023-06-26 16:40:38,2023-06-25 16:42:38,2023-06-26 13:32:30,2023-06-25 16:42:37,6,4,Custom software development,Tier 2,Republic of Ireland,20.86,2,0,0,0,2022-09-25,Junior,,
Resolved,TKT-2447,High,Chat,Purchasing and invoicing,Kristos Westoll,2023-06-25 11:26:56,2023-06-26 11:26:56,2023-06-25 11:28:56,2023-06-25 13:44:36,2023-06-25 11:28:23,8,,Ready to use Software,Tier 1,Poland,2.29,1,0,0,0,2021-10-18,Mid-Level,,
Closed,TKT-2448,Low,Email,Other,Michele Whyatt,2023-06-26 22:38:22,2023-06-28 22:38:22,2023-06-26 23:38:22,2023-06-28 00:49:29,2023-06-27 05:46:55,2,4,Ready to use Software,Tier 2,France,26.19,429,0,0,1,2022-04-10,Junior,,
In Progress,TKT-2449,Low,Email,Product setup,Connor Danielovitch,2023-06-26 10:41:45,2023-06-28 10:41:45,2023-06-26 11:41:45,,2023-06-26 11:30:50,10,,Other,Tier 1,Italy,,49,0,,0,2018-02-15,Senior,,
Resolved,TKT-2450,Low,Phone,Bug report,Sheela Cutten,2023-06-26 05:34:44,2023-06-28 05:34:44,2023-06-26 05:36:44,2023-06-27 17:15:10,2023-06-26 05:35:20,1,,Ready to use Software,Tier 1,Spain,35.67,1,1,0,0,2019-07-10,Senior,,
Closed,TKT-2451,High,Phone,Other,Heather Urry,2023-06-26 12:51:02,2023-06-28 12:51:02,2023-06-26 12:53:02,2023-06-27 12:39:07,2023-06-26 12:52:12,3,3,Training and Consulting Services,Tier 2,United Kingdom,23.8,1,0,0,0,2022-09-25,Junior,,
Closed,TKT-2452,Medium,Phone,Feature request,Connor Danielovitch,2023-06-26 05:51:24,2023-06-28 05:51:24,2023-06-26 05:53:24,2023-06-28 03:04:17,2023-06-26 05:53:36,3,5,Custom software development,Tier 1,Spain,45.21,2,0,0,1,2018-02-15,Senior,,
Closed,TKT-2453,Low,Email,Purchasing and invoicing,Sheela Cutten,2023-06-26 11:00:12,2023-06-28 11:00:12,2023-06-26 12:00:12,2023-06-30 19:00:37,2023-06-26 11:24:52,1,3,Custom software development,Tier 1,Republic of Ireland,104.01,25,1,1,0,2019-07-10,Senior,,
In Progress,TKT-2454,Low,Phone,Other,Connor Danielovitch,2023-06-26 11:40:47,2023-06-28 11:40:47,2023-06-26 11:42:47,,2023-06-26 11:42:19,1,,Custom software development,Tier 1,Germany,,2,1,,0,2018-02-15,Senior,,
In Progress,TKT-2455,Low,Email,Pricing and licensing,Bernard Beckley,2023-06-26 20:30:04,2023-06-28 20:30:04,2023-06-26 21:30:04,,2023-06-26 20:44:27,2,,Custom software development,Tier 1,Poland,,14,0,,0,2019-11-20,Senior,,
Closed,TKT-2456,Medium,Phone,Feature request,Nicola Wane,2023-06-26 07:54:40,2023-06-28 07:54:40,2023-06-26 07:56:40,2023-06-27 18:20:54,2023-06-26 08:00:32,3,5,Ready to use Software,Tier 1,Bulgaria,34.44,6,0,0,1,2021-03-12,Mid-Level,,
Closed,TKT-2457,Low,Chat,Bug report,Connor Danielovitch,2023-06-26 08:29:45,2023-06-27 08:29:45,2023-06-26 08:31:45,2023-06-27 07:18:21,2023-06-26 08:31:01,9,4,Training and Consulting Services,Tier 1,Slovenia,22.81,1,0,0,0,2018-02-15,Senior,,
Resolved,TKT-2458,Low,Email,Bug report,Michele Whyatt,2023-06-26 03:46:35,2023-06-28 03:46:35,2023-06-26 04:46:35,2023-06-29 23:39:56,2023-06-26 03:52:58,2,,Ready to use Software,Tier 2,Slovenia,91.89,6,0,1,0,2022-04-10,Junior,,
Closed,TKT-2459,Medium,Email,Feature request,Heather Urry,2023-06-27 23:17:53,2023-06-29 23:17:53,2023-06-28 00:17:53,2023-06-28 15:33:12,2023-06-27 23:34:02,3,2,Ready to use Software,Tier 2,Italy,16.26,16,0,0,0,2022-09-25,Junior,,
Closed,TKT-2460,Medium,Chat,Pricing and licensing,Bernard Beckley,2023-06-27 12:16:37,2023-06-28 12:16:37,2023-06-27 12:18:37,2023-06-27 19:53:52,2023-06-27 12:17:31,6,1,Ready to use Software,Tier 1,Spain,7.62,1,0,0,0,2019-11-20,Senior,,
Closed,TKT-2461,Low,Chat,Feature request,Heather Urry,2023-06-27 08:00:05,2023-06-28 08:00:05,2023-06-27 08:02:05,2023-06-27 15:01:38,2023-06-27 08:00:38,3,4,Custom software development,Tier 2,Italy,7.03,1,0,0,0,2022-09-25,Junior,,
In Progress,TKT-2462,Low,Chat,Purchasing and invoicing,Sheela Cutten,2023-06-27 22:45:24,2023-06-28 22:45:24,2023-06-27 22:47:24,,2023-06-27 22:48:16,9,,Ready to use Software,Tier 1,Spain,,3,0,,1,2019-07-10,Senior,,
Closed,TKT-2463,Low,Phone,Other,Sheela Cutten,2023-06-27 21:39:49,2023-06-29 21:39:49,2023-06-27 21:41:49,2023-06-28 18:14:26,2023-06-27 21:40:31,1,2,Ready to use Software,Tier 1,Poland,20.58,1,1,0,0,2019-07-10,Senior,,
Resolved,TKT-2464,Low,Email,Pricing and licensing,Nicola Wane,2023-06-27 06:19:27,2023-06-29 06:19:27,2023-06-27 07:19:27,2023-07-01 14:54:35,2023-06-27 06:31:46,2,,Custom software development,Tier 1,United Kingdom,104.59,12,0,1,0,2021-03-12,Mid-Level,,
Resolved,TKT-2465,High,Chat,Product setup,Michele Whyatt,2023-06-27 06:27:31,2023-06-28 06:27:31,2023-06-27 06:29:31,2023-07-01 03:26:00,2023-06-27 06:29:31,6,,Custom software development,Tier 2,Spain,92.97,2,0,1,1,2022-04-10,Junior,,
Resolved,TKT-2466,Medium,Email,Bug report,Bernard Beckley,2023-06-27 01:10:56,2023-06-29 01:10:56,2023-06-27 02:10:56,2023-06-27 02:52:02,2023-06-27 01:50:11,2,,Ready to use Software,Tier 1,United Kingdom,1.69,39,0,0,0,2019-11-20,Senior,,
Resolved,TKT-2467,Low,Email,Purchasing and invoicing,Michele Whyatt,2023-06-27 19:26:27,2023-06-29 19:26:27,2023-06-27 20:26:27,2023-06-28 05:55:06,2023-06-27 19:45:39,9,,Custom software development,Tier 2,Poland,10.48,19,0,0,0,2022-04-10,Junior,,
Closed,TKT-2468,Low,Chat,Product setup,Bernard Beckley,2023-06-28 05:59:15,2023-06-29 05:59:15,2023-06-28 06:01:15,2023-06-28 15:31:48,2023-06-28 06:00:10,4,4,Ready to use Software,Tier 1,Poland,9.54,1,0,0,0,2019-11-20,Senior,,
Closed,TKT-2469,Low,Email,Pricing and licensing,Kristos Westoll,2023-06-28 09:54:25,2023-06-30 09:54:25,2023-06-28 10:54:25,2023-06-29 13:39:01,2023-06-28 09:55:26,3,5,Ready to use Software,Tier 1,United Kingdom,27.74,1,0,0,0,2021-10-18,Mid-Level,,
Closed,TKT-2470,Low,Chat,Pricing and licensing,Bernard Beckley,2023-06-28 12:57:26,2023-06-29 12:57:26,2023-06-28 12:59:26,2023-06-28 21:24:25,2023-06-28 12:58:59,6,3,Ready to use Software,Tier 1,Germany,8.45,2,0,0,0,2019-11-20,Senior,,
Resolved,TKT-2471,Low,Chat,Pricing and licensing,Kristos Westoll,2023-06-28 12:31:36,2023-06-29 12:31:36,2023-06-28 12:33:36,2023-06-28 14:39:39,2023-06-28 12:31:37,4,,Other,Tier 1,Poland,2.13,0,0,0,0,2021-10-18,Mid-Level,,
Resolved,TKT-2473,Medium,Email,Pricing and licensing,Nicola Wane,2023-06-28 01:59:56,2023-06-30 01:59:56,2023-06-28 02:59:56,2023-06-28 04:16:02,2023-06-28 04:06:08,4,,Training and Consulting Services,Tier 1,Germany,2.27,126,0,0,1,2021-03-12,Mid-Level,,
Resolved,TKT-2475,Low,Chat,Product setup,Connor Danielovitch,2023-06-28 05:47:38,2023-06-29 05:47:38,2023-06-28 05:49:38,2023-07-02 08:50:53,2023-06-28 05:49:34,8,,Ready to use Software,Tier 1,Germany,99.05,2,0,1,0,2018-02-15,Senior,,
Closed,TKT-2476,High,Chat,Other,Bernard Beckley,2023-06-28 10:12:07,2023-06-29 10:12:07,2023-06-28 10:14:07,2023-06-28 13:12:04,2023-06-28 10:15:07,60,3,Custom software development,Tier 1,Poland,3,3,0,0,1,2019-11-20,Senior,,
In Progress,TKT-2477,Medium,Chat,Feature request,Bernard Beckley,2023-06-28 18:31:59,2023-06-29 18:31:59,2023-06-28 18:33:59,,2023-06-28 18:33:08,6,,Custom software development,Tier 1,France,,1,0,,0,2019-11-20,Senior,,
In Progress,TKT-2478,High,Chat,Product setup,Adolpho Messingham,2023-06-28 18:37:55,2023-06-29 18:37:55,2023-06-28 18:39:55,,2023-06-28 18:38:46,7,,Custom software development,Tier 2,France,,1,0,,0,2020-05-15,Mid-Level,,
Resolved,TKT-2479,Low,Email,Other,Heather Urry,2023-06-28 04:10:43,2023-06-30 04:10:43,2023-06-28 05:10:43,2023-06-30 02:42:21,2023-06-28 05:08:58,6,,Training and Consulting Services,Tier 2,Germany,46.53,58,0,0,0,2022-09-25,Junior,,
Resolved,TKT-2481,High,Chat,Other,Kristos Westoll,2023-06-29 20:05:17,2023-06-30 20:05:17,2023-06-29 20:07:17,2023-06-30 15:22:55,2023-06-29 20:05:23,9,,Ready to use Software,Tier 1,Bulgaria,19.29,0,0,0,0,2021-10-18,Mid-Level,,
Closed,TKT-2482,Low,Email,Bug report,Kristos Westoll,2023-06-29 02:01:11,2023-07-01 02:01:11,2023-06-29 03:01:11,2023-06-29 15:53:38,2023-06-29 02:56:52,1,5,Training and Consulting Services,Tier 1,Greece,13.87,56,1,0,0,2021-10-18,Mid-Level,,
Resolved,TKT-2483,Low,Email,Product setup,Heather Urry,2023-06-29 08:11:33,2023-07-01 08:11:33,2023-06-29 09:11:33,2023-07-02 04:26:55,2023-06-29 08:48:39,3,,Other,Tier 2,Italy,68.26,37,0,1,0,2022-09-25,Junior,,
Resolved,TKT-2484,Medium,Email,Product setup,Nicola Wane,2023-06-29 23:48:01,2023-07-01 23:48:01,2023-06-30 00:48:01,2023-07-01 16:55:35,2023-06-30 00:35:39,4,,Training and Consulting Services,Tier 1,Italy,41.13,48,0,0,0,2021-03-12,Mid-Level,,
Resolved,TKT-2485,Medium,Email,Other,Bernard Beckley,2023-06-29 01:15:34,2023-07-01 01:15:34,2023-06-29 02:15:34,2023-06-30 04:38:44,2023-06-29 01:56:03,2,,Training and Consulting Services,Tier 1,Austria,27.39,40,0,0,0,2019-11-20,Senior,,
Resolved,TKT-2486,Low,Phone,Product setup,Bernard Beckley,2023-06-30 11:38:07,2023-07-02 11:38:07,2023-06-30 11:40:07,2023-06-30 21:04:36,2023-06-30 11:38:38,1,,Ready to use Software,Tier 1,Greece,9.44,1,1,0,0,2019-11-20,Senior,,
Resolved,TKT-2487,High,Chat,Product setup,Michele Whyatt,2023-06-30 01:01:06,2023-07-01 01:01:06,2023-06-30 01:03:06,2023-06-30 21:26:05,2023-06-30 01:02:51,7,,Other,Tier 2,Poland,20.42,2,0,0,0,2022-04-10,Junior,,
Closed,TKT-2488,Low,Chat,Feature request,Adolpho Messingham,2023-06-30 00:30:35,2023-07-01 00:30:35,2023-06-30 00:32:35,2023-06-30 22:15:29,2023-06-30 00:31:13,4,3,Custom software development,Tier 2,Poland,21.75,1,0,0,0,2020-05-15,Mid-Level,,
Closed,TKT-2489,Low,Chat,Purchasing and invoicing,Bernard Beckley,2023-06-30 11:55:24,2023-07-01 11:55:24,2023-06-30 11:57:24,2023-06-30 19:39:21,2023-06-30 11:57:20,6,3,Custom software development,Tier 1,Slovenia,7.73,2,0,0,0,2019-11-20,Senior,,
Closed,TKT-2490,Medium,Email,Product setup,Heather Urry,2023-06-30 03:26:27,2023-07-02 03:26:27,2023-06-30 04:26:27,2023-06-30 22:59:01,2023-06-30 04:12:24,2,4,Ready to use Software,Tier 2,Poland,19.54,46,0,0,0,2022-09-25,Junior,,
Closed,TKT-2491,High,Chat,Pricing and licensing,Nicola Wane,2023-06-30 11:16:15,2023-07-01 11:16:15,2023-06-30 11:18:15,2023-06-30 16:23:33,2023-06-30 11:19:23,7,5,Custom software development,Tier 1,Bulgaria,5.12,3,0,0,1,2021-03-12,Mid-Level,,
In Progress,TKT-2492,Medium,Email,Product setup,Connor Danielovitch,2023-06-30 01:18:00,2023-07-02 01:18:00,2023-06-30 02:18:00,,2023-06-30 02:03:01,6,,Ready to use Software,Tier 1,Spain,,45,0,,0,2018-02-15,Senior,,
Closed,TKT-2493,Low,Email,Product setup,Michele Whyatt,2023-06-30 08:43:31,2023-07-02 08:43:31,2023-06-30 09:43:31,2023-07-02 12:41:35,2023-06-30 09:31:16,5,3,Ready to use Software,Tier 2,Poland,51.97,48,0,1,0,2022-04-10,Junior,,
In Progress,TKT-2494,Medium,Chat,Feature request,Sheela Cutten,2023-06-30 18:51:17,2023-07-01 18:51:17,2023-06-30 18:53:17,,2023-06-30 18:52:55,6,,Other,Tier 1,Greece,,2,0,,0,2019-07-10,Senior,,
Resolved,TKT-2495,High,Email,Feature request,Heather Urry,2023-06-30 11:48:13,2023-07-02 11:48:13,2023-06-30 12:48:13,2023-07-05 11:34:09,2023-06-30 12:07:49,6,,Other,Tier 2,Czech Republic,119.77,20,0,1,0,2022-09-25,Junior,,
Closed,TKT-2496,Medium,Email,Purchasing and invoicing,Sheela Cutten,2023-06-30 07:56:05,2023-07-02 07:56:05,2023-06-30 08:56:05,2023-07-02 06:30:19,2023-06-30 07:58:35,5,2,Custom software development,Tier 1,Italy,46.57,3,0,0,0,2019-07-10,Senior,,
In Progress,TKT-2497,Low,Email,Feature request,Kristos Westoll,2023-07-01 19:34:25,2023-07-03 19:34:25,2023-07-01 20:34:25,,2023-07-01 19:48:13,1,,Ready to use Software,Tier 1,United Kingdom,,14,1,,0,2021-10-18,Mid-Level,,
Closed,TKT-2498,High,Chat,Product setup,Sheela Cutten,2023-07-01 04:08:10,2023-07-02 04:08:10,2023-07-01 04:10:10,2023-07-01 05:42:51,2023-07-01 04:09:14,4,5,Ready to use Software,Tier 1,Italy,1.58,1,0,0,0,2019-07-10,Senior,,
Resolved,TKT-2508,Medium,Phone,Other,Nicola Wane,2023-07-02 11:43:22,2023-07-04 11:43:22,2023-07-02 11:45:22,2023-07-08 05:52:44,2023-07-02 11:43:44,1,,Ready to use Software,Tier 1,Greece,138.16,0,1,1,0,2021-03-12,Mid-Level,,
Closed,TKT-2509,Medium,Chat,Feature request,Sheela Cutten,2023-07-02 15:34:25,2023-07-03 15:34:25,2023-07-02 15:36:25,2023-07-03 12:17:20,2023-07-02 15:36:18,3,4,Other,Tier 1,Bulgaria,20.72,2,0,0,0,2019-07-10,Senior,,
In Progress,TKT-2510,Low,Phone,Product setup,Sheela Cutten,2023-07-02 12:17:52,2023-07-04 12:17:52,2023-07-02 12:19:52,,2023-07-02 12:19:37,2,,Ready to use Software,Tier 1,United Kingdom,,2,0,,0,2019-07-10,Senior,,
In Progress,TKT-2511,Low,Chat,Product setup,Nicola Wane,2023-07-03 12:38:49,2023-07-04 12:38:49,2023-07-03 12:40:49,,2023-07-03 12:42:53,3,,Custom software development,Tier 1,Greece,,4,0,,1,2021-03-12,Mid-Level,,
Resolved,TKT-2512,Low,Email,Pricing and licensing,Connor Danielovitch,2023-07-03 05:38:12,2023-07-05 05:38:12,2023-07-03 06:38:12,2023-07-04 03:37:20,2023-07-03 05:56:44,6,,Ready to use Software,Tier 1,Czech Republic,21.99,19,0,0,0,2018-02-15,Senior,,
In Progress,TKT-2513,Low,Email,Bug report,Sheela Cutten,2023-07-03 22:38:16,2023-07-05 22:38:16,2023-07-03 23:38:16,,2023-07-03 22:53:31,1,,Custom software development,Tier 1,United Kingdom,,15,1,,0,2019-07-10,Senior,,
In Progress,TKT-2514,Low,Email,Bug report,Bernard Beckley,2023-07-03 00:50:51,2023-07-05 00:50:51,2023-07-03 01:50:51,,2023-07-03 01:39:06,3,,Ready to use Software,Tier 1,Germany,,48,0,,0,2019-11-20,Senior,,
In Progress,TKT-2515,Low,Chat,Feature request,Sheela Cutten,2023-07-03 19:13:13,2023-07-04 19:13:13,2023-07-03 19:15:13,,2023-07-03 19:14:27,4,,Custom software development,Tier 1,Poland,,1,0,,0,2019-07-10,Senior,,
Resolved,TKT-2516,Medium,Email,Product setup,Bernard Beckley,2023-07-04 23:47:01,2023-07-06 23:47:01,2023-07-05 00:47:01,2023-07-05 13:06:08,2023-07-05 00:07:29,2,,Ready to use Software,Tier 1,Germany,13.32,20,0,0,0,2019-11-20,Senior,,
Closed,TKT-2517,Medium,Chat,Pricing and licensing,Adolpho Messingham,2023-07-04 02:36:13,2023-07-05 02:36:13,2023-07-04 02:38:13,2023-07-04 19:31:19,2023-07-04 02:36:42,9,2,Training and Consulting Services,Tier 2,Italy,16.92,0,0,0,0,2020-05-15,Mid-Level,,
Resolved,TKT-2518,Low,Email,Pricing and licensing,Connor Danielovitch,2023-07-04 00:39:52,2023-07-06 00:39:52,2023-07-04 01:39:52,2023-07-05 10:13:46,2023-07-04 01:08:14,3,,Ready to use Software,Tier 1,Poland,33.56,28,0,0,0,2018-02-15,Senior,,
Closed,TKT-2519,High,Phone,Pricing and licensing,Bernard Beckley,2023-07-04 10:01:39,2023-07-06 10:01:39,2023-07-04 10:03:39,2023-07-06 00:51:08,2023-07-04 10:01:53,1,3,Ready to use Software,Tier 1,United Kingdom,38.82,0,1,0,0,2019-11-20,Senior,,
In Progress,TKT-2520,High,Chat,Other,Kristos Westoll,2023-07-04 13:14:19,2023-07-05 13:14:19,2023-07-04 13:16:19,,2023-07-04 13:16:14,9,,Ready to use Software,Tier 1,Germany,,2,0,,0,2021-10-18,Mid-Level,,
Closed,TKT-2521,Low,Email,Other,Michele Whyatt,2023-07-04 01:40:31,2023-07-06 01:40:31,2023-07-04 02:40:31,2023-07-05 11:19:50,2023-07-04 04:13:22,10,5,Custom software development,Tier 2,Republic of Ireland,33.66,153,0,0,1,2022-04-10,Junior,,
Closed,TKT-2522,Low,Email,Bug report,Nicola Wane,2023-07-04 03:48:41,2023-07-06 03:48:41,2023-07-04 04:48:41,2023-07-04 05:00:11,2023-07-04 04:48:25,8,1,Custom software development,Tier 1,Austria,1.19,60,0,0,0,2021-03-12,Mid-Level,,
In Progress,TKT-2523,Low,Chat,Bug report,Michele Whyatt,2023-07-04 15:19:33,2023-07-05 15:19:33,2023-07-04 15:21:33,,2023-07-04 15:20:28,6,,Ready to use Software,Tier 2,Austria,,1,0,,0,2022-04-10,Junior,,
Closed,TKT-2525,High,Chat,Bug report,Adolpho Messingham,2023-07-05 12:47:04,2023-07-06 12:47:04,2023-07-05 12:49:04,2023-07-05 21:54:28,2023-07-05 12:52:06,6,1,Ready to use Software,Tier 2,Slovenia,9.12,5,0,0,1,2020-05-15,Mid-Level,,
Resolved,TKT-2526,Medium,Chat,Product setup,Kristos Westoll,2023-07-05 15:03:26,2023-07-06 15:03:26,2023-07-05 15:05:26,2023-07-05 23:40:48,2023-07-05 15:08:08,3,,Ready to use Software,Tier 1,Germany,8.62,5,0,0,1,2021-10-18,Mid-Level,,
Resolved,TKT-2527,Low,Email,Product setup,Nicola Wane,2023-07-05 23:01:55,2023-07-07 23:01:55,2023-07-06 00:01:55,2023-07-07 01:06:25,2023-07-05 23:18:20,1,,Ready to use Software,Tier 1,Spain,26.07,16,1,0,0,2021-03-12,Mid-Level,,
Resolved,TKT-2528,Medium,Email,Product setup,Bernard Beckley,2023-07-05 21:03:38,2023-07-07 21:03:38,2023-07-05 22:03:38,2023-07-07 10:11:44,2023-07-05 21:13:43,3,,Custom software development,Tier 1,Poland,37.14,10,0,0,0,2019-11-20,Senior,,
Resolved,TKT-2529,Medium,Chat,Product setup,Nicola Wane,2023-07-05 22:10:12,2023-07-06 22:10:12,2023-07-05 22:12:12,2023-07-06 17:00:03,2023-07-05 22:11:47,6,,Ready to use Software,Tier 1,Poland,18.83,2,0,0,0,2021-03-12,Mid-Level,,
In Progress,TKT-2530,Low,Chat,Product setup,Sheela Cutten,2023-07-05 17:10:41,2023-07-06 17:10:41,2023-07-05 17:12:41,,2023-07-05 17:10:59,3,,Ready to use Software,Tier 1,Italy,,0,0,,0,2019-07-10,Senior,,
Closed,TKT-2532,High,Email,Feature request,Nicola Wane,2023-07-05 14:30:43,2023-07-07 14:30:43,2023-07-05 15:30:43,2023-07-05 17:41:47,2023-07-05 14:36:50,2,1,Ready to use Software,Tier 1,United Kingdom,3.18,6,0,0,0,2021-03-12,Mid-Level,,
Resolved,TKT-2535,Low,Chat,Product setup,Connor Danielovitch,2023-07-06 02:48:03,2023-07-07 02:48:03,2023-07-06 02:50:03,2023-07-07 01:49:32,2023-07-06 02:49:33,6,,Ready to use Software,Tier 1,Italy,23.02,2,0,0,0,2018-02-15,Senior,,
In Progress,TKT-2536,Low,Chat,Other,Connor Danielovitch,2023-07-06 19:49:27,2023-07-07 19:49:27,2023-07-06 19:51:27,,2023-07-06 19:49:46,9,,Custom software development,Tier 1,Germany,,0,0,,0,2018-02-15,Senior,,
Closed,TKT-2537,Medium,Chat,Product setup,Michele Whyatt,2023-07-06 10:23:03,2023-07-07 10:23:03,2023-07-06 10:25:03,2023-07-07 04:25:55,2023-07-06 10:24:38,6,5,Custom software development,Tier 2,Italy,18.05,2,0,0,0,2022-04-10,Junior,,
Closed,TKT-2539,Low,Email,Pricing and licensing,Sheela Cutten,2023-07-06 13:22:22,2023-07-08 13:22:22,2023-07-06 14:22:22,2023-07-08 05:15:47,2023-07-06 14:09:12,10,4,Ready to use Software,Tier 1,Poland,39.89,47,0,0,0,2019-07-10,Senior,,
Resolved,TKT-2540,Low,Email,Other,Kristos Westoll,2023-07-06 01:26:59,2023-07-08 01:26:59,2023-07-06 02:26:59,2023-07-06 13:02:45,2023-07-06 01:30:40,1,,Ready to use Software,Tier 1,Greece,11.6,4,1,0,0,2021-10-18,Mid-Level,,
Closed,TKT-2541,Low,Chat,Pricing and licensing,Adolpho Messingham,2023-07-06 16:59:58,2023-07-07 16:59:58,2023-07-06 17:01:58,2023-07-08 10:12:09,2023-07-06 17:05:50,6,4,Ready to use Software,Tier 2,Poland,41.2,6,0,1,1,2020-05-15,Mid-Level,,
Closed,TKT-2543,Low,Phone,Product setup,Kristos Westoll,2023-07-06 08:04:13,2023-07-08 08:04:13,2023-07-06 08:06:13,2023-07-08 05:22:11,2023-07-06 08:07:21,2,4,Ready to use Software,Tier 1,Germany,45.3,3,0,0,1,2021-10-18,Mid-Level,,
Closed,TKT-2544,Medium,Email,Pricing and licensing,Sheela Cutten,2023-07-06 14:05:11,2023-07-08 14:05:11,2023-07-06 15:05:11,2023-07-07 02:40:53,2023-07-06 14:10:24,5,4,Other,Tier 1,Spain,12.6,5,0,0,0,2019-07-10,Senior,,
Closed,TKT-2545,High,Chat,Bug report,Sheela Cutten,2023-07-06 02:12:09,2023-07-07 02:12:09,2023-07-06 02:14:09,2023-07-06 21:17:03,2023-07-06 02:13:31,2,4,Custom software development,Tier 1,Poland,19.08,1,0,0,0,2019-07-10,Senior,,
Resolved,TKT-2546,Low,Email,Feature request,Michele Whyatt,2023-07-06 23:36:06,2023-07-08 23:36:06,2023-07-07 00:36:06,2023-07-10 09:17:57,2023-07-06 23:45:32,10,,Ready to use Software,Tier 2,United Kingdom,81.7,9,0,1,0,2022-04-10,Junior,,
Resolved,TKT-2547,Low,Email,Feature request,Bernard Beckley,2023-07-07 00:03:58,2023-07-09 00:03:58,2023-07-07 01:03:58,2023-07-07 17:42:20,2023-07-07 00:23:28,2,,Custom software development,Tier 1,United Kingdom,17.64,19,0,0,0,2019-11-20,Senior,,
Resolved,TKT-2548,Medium,Email,Pricing and licensing,Heather Urry,2023-07-07 13:22:46,2023-07-09 13:22:46,2023-07-07 14:22:46,2023-07-09 03:13:09,2023-07-07 13:55:06,9,,Ready to use Software,Tier 2,Czech Republic,37.84,32,0,0,0,2022-09-25,Junior,,
Resolved,TKT-2549,Medium,Chat,Pricing and licensing,Michele Whyatt,2023-07-07 11:51:04,2023-07-08 11:51:04,2023-07-07 11:53:04,2023-07-07 18:46:17,2023-07-07 11:51:24,6,,Ready to use Software,Tier 2,Italy,6.92,0,0,0,0,2022-04-10,Junior,,
In Progress,TKT-2550,Low,Chat,Product setup,Bernard Beckley,2023-07-07 14:51:18,2023-07-08 14:51:18,2023-07-07 14:53:18,,2023-07-07 14:53:11,6,,Ready to use Software,Tier 1,Italy,,2,0,,0,2019-11-20,Senior,,
Resolved,TKT-2551,High,Email,Other,Connor Danielovitch,2023-07-07 12:22:32,2023-07-09 12:22:32,2023-07-07 13:22:32,2023-07-13 12:00:23,2023-07-07 12:48:37,7,,Ready to use Software,Tier 1,France,143.63,26,0,1,0,2018-02-15,Senior,,
Closed,TKT-2552,Low,Email,Product setup,Nicola Wane,2023-07-07 23:08:26,2023-07-09 23:08:26,2023-07-08 00:08:26,2023-07-09 10:13:16,2023-07-07 23:26:36,9,5,Training and Consulting Services,Tier 1,Germany,35.08,18,0,0,0,2021-03-12,Mid-Level,,
Resolved,TKT-2553,Low,Phone,Other,Bernard Beckley,2023-07-07 22:58:06,2023-07-09 22:58:06,2023-07-07 23:00:06,2023-07-08 22:15:21,2023-07-07 22:59:38,7,,Other,Tier 1,Spain,23.29,2,0,0,0,2019-11-20,Senior,,
Resolved,TKT-2554,High,Email,Bug report,Nicola Wane,2023-07-07 15:00:47,2023-07-09 15:00:47,2023-07-07 16:00:47,2023-07-11 10:23:22,2023-07-07 15:08:32,3,,Custom software development,Tier 1,Spain,91.38,8,0,1,0,2021-03-12,Mid-Level,,
Closed,TKT-2555,Low,Chat,Feature request,Michele Whyatt,2023-07-07 10:28:20,2023-07-08 10:28:20,2023-07-07 10:30:20,2023-07-08 02:34:15,2023-07-07 10:29:40,2,4,Ready to use Software,Tier 2,France,16.1,1,0,0,0,2022-04-10,Junior,,
Resolved,TKT-2556,Low,Phone,Bug report,Kristos Westoll,2023-07-07 00:06:17,2023-07-09 00:06:17,2023-07-07 00:08:17,2023-07-07 22:47:37,2023-07-07 00:06:31,1,,Custom software development,Tier 1,Germany,22.69,0,1,0,0,2021-10-18,Mid-Level,,
Closed,TKT-2557,Medium,Email,Product setup,Bernard Beckley,2023-07-08 00:15:43,2023-07-10 00:15:43,2023-07-08 01:15:43,2023-07-08 04:50:42,2023-07-08 00:57:33,3,3,Ready to use Software,Tier 1,Italy,4.58,42,0,0,0,2019-11-20,Senior,,
Closed,TKT-2558,Low,Chat,Purchasing and invoicing,Kristos Westoll,2023-07-08 05:06:51,2023-07-09 05:06:51,2023-07-08 05:08:51,2023-07-08 16:56:17,2023-07-08 05:07:02,6,3,Other,Tier 1,Austria,11.82,0,0,0,0,2021-10-18,Mid-Level,,
Closed,TKT-2559,Medium,Chat,Product setup,Adolpho Messingham,2023-07-09 17:02:18,2023-07-10 17:02:18,2023-07-09 17:04:18,2023-07-09 22:11:36,2023-07-09 17:03:42,2,2,Ready to use Software,Tier 2,France,5.16,1,0,0,0,2020-05-15,Mid-Level,,
Resolved,TKT-2566,Low,Phone,Feature request,Bernard Beckley,2023-07-09 14:19:39,2023-07-11 14:19:39,2023-07-09 14:21:39,2023-07-10 20:27:34,2023-07-09 14:20:01,1,,Custom software development,Tier 1,Austria,30.13,0,1,0,0,2019-11-20,Senior,,
Resolved,TKT-2567,Medium,Email,Pricing and licensing,Nicola Wane,2023-07-09 08:37:29,2023-07-11 08:37:29,2023-07-09 09:37:29,2023-07-10 14:27:25,2023-07-09 09:08:45,3,,Ready to use Software,Tier 1,Czech Republic,29.83,31,0,0,0,2021-03-12,Mid-Level,,
Resolved,TKT-2568,Low,Email,Purchasing and invoicing,Connor Danielovitch,2023-07-09 22:06:34,2023-07-11 22:06:34,2023-07-09 23:06:34,2023-07-10 16:37:39,2023-07-09 23:03:41,1,,Ready to use Software,Tier 1,Germany,18.52,57,1,0,0,2018-02-15,Senior,,
Closed,TKT-2569,Low,Chat,Product setup,Heather Urry,2023-07-10 06:08:41,2023-07-11 06:08:41,2023-07-10 06:10:41,2023-07-10 06:32:24,2023-07-10 06:09:09,60,2,Custom software development,Tier 2,United Kingdom,0.4,0,0,0,0,2022-09-25,Junior,,
Resolved,TKT-2570,Low,Email,Feature request,Michele Whyatt,2023-07-10 19:01:46,2023-07-12 19:01:46,2023-07-10 20:01:46,2023-07-10 20:14:49,2023-07-10 19:36:11,2,,Ready to use Software,Tier 2,Bulgaria,1.22,34,0,0,0,2022-04-10,Junior,,
Closed,TKT-2571,Medium,Email,Training request,Bernard Beckley,2023-07-10 18:34:35,2023-07-12 18:34:35,2023-07-10 19:34:35,2023-07-16 02:30:07,2023-07-10 18:52:17,9,1,Training and Consulting Services,Tier 1,Germany,127.93,18,0,1,0,2019-11-20,Senior,,
Closed,TKT-2572,Low,Email,Product setup,Nicola Wane,2023-07-10 05:59:09,2023-07-12 05:59:09,2023-07-10 06:59:09,2023-07-15 21:26:03,2023-07-10 06:13:24,3,4,Ready to use Software,Tier 1,Bulgaria,135.45,14,0,1,0,2021-03-12,Mid-Level,,
Resolved,TKT-2573,Low,Chat,Training request,Michele Whyatt,2023-07-10 14:32:40,2023-07-11 14:32:40,2023-07-10 14:34:40,2023-07-14 15:26:53,2023-07-10 14:34:17,2,,Training and Consulting Services,Tier 2,Bulgaria,96.9,2,0,1,0,2022-04-10,Junior,,
Closed,TKT-2574,Medium,Phone,Other,Connor Danielovitch,2023-07-10 04:02:53,2023-07-12 04:02:53,2023-07-10 04:04:53,2023-07-10 16:54:19,2023-07-10 04:04:07,2,4,Ready to use Software,Tier 1,Poland,12.86,1,0,0,0,2018-02-15,Senior,,
Closed,TKT-2575,Medium,Email,Bug report,Connor Danielovitch,2023-07-10 04:15:42,2023-07-12 04:15:42,2023-07-10 05:15:42,2023-07-11 01:11:46,2023-07-10 04:32:11,5,5,Ready to use Software,Tier 1,Republic of Ireland,20.93,16,0,0,0,2018-02-15,Senior,,
In Progress,TKT-2576,Low,Phone,Product setup,Nicola Wane,2023-07-10 17:17:26,2023-07-12 17:17:26,2023-07-10 17:19:26,,2023-07-10 17:20:57,5,,Other,Tier 1,Republic of Ireland,,4,0,,1,2021-03-12,Mid-Level,,
Resolved,TKT-2577,Medium,Chat,Feature request,Sheela Cutten,2023-07-10 07:34:10,2023-07-11 07:34:10,2023-07-10 07:36:10,2023-07-10 11:02:02,2023-07-10 07:36:47,6,,Ready to use Software,Tier 1,France,3.46,3,0,0,1,2019-07-10,Senior,,
Resolved,TKT-2578,Medium,Chat,Feature request,Michele Whyatt,2023-07-10 21:04:00,2023-07-11 21:04:00,2023-07-10 21:06:00,2023-07-11 01:00:14,2023-07-10 21:05:41,6,,Other,Tier 2,United Kingdom,3.94,2,0,0,0,2022-04-10,Junior,,
Resolved,TKT-2579,Low,Email,Product setup,Nicola Wane,2023-07-10 07:54:18,2023-07-12 07:54:18,2023-07-10 08:54:18,2023-07-11 01:19:09,2023-07-10 08:16:31,3,,Other,Tier 1,United Kingdom,17.41,22,0,0,0,2021-03-12,Mid-Level,,
Resolved,TKT-2580,Medium,Email,Feature request,Kristos Westoll,2023-07-10 11:07:20,2023-07-12 11:07:20,2023-07-10 12:07:20,2023-07-15 19:27:58,2023-07-10 11:44:31,2,,Ready to use Software,Tier 1,Germany,128.34,37,0,1,0,2021-10-18,Mid-Level,,
In Progress,TKT-2581,High,Chat,Training request,Connor Danielovitch,2023-07-11 10:05:38,2023-07-12 10:05:38,2023-07-11 10:07:38,,2023-07-11 10:06:23,2,,Training and Consulting Services,Tier 1,Italy,,1,0,,0,2018-02-15,Senior,,
Resolved,TKT-2582,Low,Email,Purchasing and invoicing,Michele Whyatt,2023-07-11 05:02:47,2023-07-13 05:02:47,2023-07-11 06:02:47,2023-07-12 15:21:49,2023-07-11 05:05:15,10,,Custom software development,Tier 2,Germany,34.32,2,0,0,0,2022-04-10,Junior,,
Closed,TKT-2583,High,Chat,Purchasing and invoicing,Sheela Cutten,2023-07-11 21:40:15,2023-07-12 21:40:15,2023-07-11 21:42:15,2023-07-12 13:40:37,2023-07-11 21:40:52,5,2,Other,Tier 1,Spain,16.01,1,0,0,0,2019-07-10,Senior,,
Closed,TKT-2584,Medium,Email,Purchasing and invoicing,Heather Urry,2023-07-11 22:04:08,2023-07-13 22:04:08,2023-07-11 23:04:08,2023-07-12 22:56:27,2023-07-11 23:02:17,10,3,Other,Tier 2,France,24.87,58,0,0,0,2022-09-25,Junior,,
Closed,TKT-2585,Low,Phone,Feature request,Sheela Cutten,2023-07-11 00:09:17,2023-07-13 00:09:17,2023-07-11 00:11:17,2023-07-12 07:52:55,2023-07-11 00:11:07,4,2,Ready to use Software,Tier 1,Germany,31.73,2,0,0,0,2019-07-10,Senior,,
Resolved,TKT-2586,Medium,Chat,Feature request,Connor Danielovitch,2023-07-11 01:59:56,2023-07-12 01:59:56,2023-07-11 02:01:56,2023-07-16 21:10:37,2023-07-11 02:01:37,3,,Ready to use Software,Tier 1,Germany,139.18,2,0,1,0,2018-02-15,Senior,,
Closed,TKT-2587,Low,Email,Bug report,Connor Danielovitch,2023-07-11 04:59:45,2023-07-13 04:59:45,2023-07-11 05:59:45,2023-07-12 19:18:22,2023-07-11 05:33:15,5,3,Custom software development,Tier 1,Poland,38.31,34,0,0,0,2018-02-15,Senior,,
In Progress,TKT-2588,Medium,Email,Product setup,Sheela Cutten,2023-07-11 01:35:33,2023-07-13 01:35:33,2023-07-11 02:35:33,,2023-07-11 02:27:02,10,,Custom software development,Tier 1,Slovenia,,51,0,,0,2019-07-10,Senior,,
Resolved,TKT-2589,Low,Chat,Feature request,Bernard Beckley,2023-07-11 03:05:44,2023-07-12 03:05:44,2023-07-11 03:07:44,2023-07-11 12:47:02,2023-07-11 03:06:30,6,,Ready to use Software,Tier 1,Germany,9.69,1,0,0,0,2019-11-20,Senior,,
Closed,TKT-2590,Medium,Email,Pricing and licensing,Sheela Cutten,2023-07-12 16:05:06,2023-07-14 16:05:06,2023-07-12 17:05:06,2023-07-17 17:37:53,2023-07-12 16:59:40,2,3,Custom software development,Tier 1,France,121.55,55,0,1,0,2019-07-10,Senior,,
In Progress,TKT-2591,Low,Email,Purchasing and invoicing,Bernard Beckley,2023-07-12 07:32:06,2023-07-14 07:32:06,2023-07-12 08:32:06,,2023-07-12 07:51:02,9,,Ready to use Software,Tier 1,Germany,,19,0,,0,2019-11-20,Senior,,
Closed,TKT-2592,Low,Chat,Product setup,Bernard Beckley,2023-07-12 16:04:48,2023-07-13 16:04:48,2023-07-12 16:06:48,2023-07-12 17:09:45,2023-07-12 16:07:27,6,3,Ready to use Software,Tier 1,United Kingdom,1.08,3,0,0,1,2019-11-20,Senior,,
Closed,TKT-2593,Low,Chat,Pricing and licensing,Michele Whyatt,2023-07-12 04:04:43,2023-07-13 04:04:43,2023-07-12 04:06:43,2023-07-12 13:15:22,2023-07-12 04:06:17,4,4,Ready to use Software,Tier 2,Italy,9.18,2,0,0,0,2022-04-10,Junior,,
In Progress,TKT-2594,Medium,Email,Purchasing and invoicing,Connor Danielovitch,2023-07-12 17:46:44,2023-07-14 17:46:44,2023-07-12 18:46:44,,2023-07-12 18:23:47,1,,Ready to use Software,Tier 1,United Kingdom,,37,1,,0,2018-02-15,Senior,,
Closed,TKT-2595,Low,Chat,Pricing and licensing,Bernard Beckley,2023-07-12 20:49:18,2023-07-13 20:49:18,2023-07-12 20:51:18,2023-07-13 11:18:21,2023-07-12 20:50:52,6,3,Ready to use Software,Tier 1,Poland,14.48,2,0,0,0,2019-11-20,Senior,,
Closed,TKT-2596,Medium,Phone,Pricing and licensing,Nicola Wane,2023-07-12 21:28:34,2023-07-14 21:28:34,2023-07-12 21:30:34,2023-07-18 11:17:15,2023-07-12 21:29:29,3,4,Ready to use Software,Tier 1,Italy,133.81,1,0,1,0,2021-03-12,Mid-Level,,
Closed,TKT-2597,Medium,Chat,Feature request,Sheela Cutten,2023-07-12 15:40:30,2023-07-13 15:40:30,2023-07-12 15:42:30,2023-07-13 01:03:49,2023-07-12 15:42:15,3,4,Ready to use Software,Tier 1,Slovenia,9.39,2,0,0,0,2019-07-10,Senior,,
Resolved,TKT-2598,Low,Chat,Feature request,Sheela Cutten,2023-07-12 17:30:29,2023-07-13 17:30:29,2023-07-12 17:32:29,2023-07-12 22:31:55,2023-07-12 17:34:43,60,,Ready to use Software,Tier 1,United Kingdom,5.02,4,0,0,1,2019-07-10,Senior,,
In Progress,TKT-2599,High,Phone,Product setup,Connor Danielovitch,2023-07-13 17:14:29,2023-07-15 17:14:29,2023-07-13 17:16:29,,2023-07-13 17:15:07,2,,Training and Consulting Services,Tier 1,Germany,,1,0,,0,2018-02-15,Senior,,
Resolved,TKT-2600,Medium,Phone,Pricing and licensing,Adolpho Messingham,2023-07-13 07:02:40,2023-07-15 07:02:40,2023-07-13 07:04:40,2023-07-13 21:58:45,2023-07-13 07:04:07,1,,Custom software development,Tier 2,Poland,14.93,1,1,0,0,2020-05-15,Mid-Level,,
Closed,TKT-2601,Medium,Chat,Bug report,Bernard Beckley,2023-07-13 07:09:10,2023-07-14 07:09:10,2023-07-13 07:11:10,2023-07-13 20:38:04,2023-07-13 07:09:20,6,3,Training and Consulting Services,Tier 1,United Kingdom,13.48,0,0,0,0,2019-11-20,Senior,,
Closed,TKT-2602,Medium,Chat,Pricing and licensing,Connor Danielovitch,2023-07-13 05:54:51,2023-07-14 05:54:51,2023-07-13 05:56:51,2023-07-18 17:20:27,2023-07-13 05:56:39,6,4,Ready to use Software,Tier 1,Bulgaria,131.43,2,0,1,0,2018-02-15,Senior,,
Resolved,TKT-2603,Medium,Email,Purchasing and invoicing,Bernard Beckley,2023-07-13 10:58:35,2023-07-15 10:58:35,2023-07-13 11:58:35,2023-07-14 13:21:05,2023-07-13 11:22:47,1,,Ready to use Software,Tier 1,Poland,26.38,24,1,0,0,2019-11-20,Senior,,
In Progress,TKT-2604,High,Email,Other,Adolpho Messingham,2023-07-14 16:19:04,2023-07-16 16:19:04,2023-07-14 17:19:04,,2023-07-14 16:33:49,10,,Ready to use Software,Tier 2,Poland,,15,0,,0,2020-05-15,Mid-Level,,
Closed,TKT-2605,Low,Chat,Feature request,Michele Whyatt,2023-07-14 19:58:41,2023-07-15 19:58:41,2023-07-14 20:00:41,2023-07-15 12:07:10,2023-07-14 19:58:50,6,4,Other,Tier 2,Poland,16.14,0,0,0,0,2022-04-10,Junior,,
Closed,TKT-2606,Medium,Chat,Pricing and licensing,Sheela Cutten,2023-07-14 17:35:23,2023-07-15 17:35:23,2023-07-14 17:37:23,2023-07-15 17:01:49,2023-07-14 17:36:13,2,4,Custom software development,Tier 1,United Kingdom,23.44,1,0,0,0,2019-07-10,Senior,,
Closed,TKT-2607,Low,Chat,Feature request,Kristos Westoll,2023-07-14 17:14:34,2023-07-15 17:14:34,2023-07-14 17:16:34,2023-07-15 03:26:57,2023-07-14 17:16:57,7,4,Ready to use Software,Tier 1,United Kingdom,10.21,2,0,0,1,2021-10-18,Mid-Level,,
Resolved,TKT-2608,Low,Email,Product setup,Nicola Wane,2023-07-14 13:34:59,2023-07-16 13:34:59,2023-07-14 14:34:59,2023-07-18 08:29:56,2023-07-14 14:11:28,10,,Custom software development,Tier 1,Slovenia,90.92,36,0,1,0,2021-03-12,Mid-Level,,
In Progress,TKT-2610,Medium,Email,Product setup,Connor Danielovitch,2023-07-14 22:52:14,2023-07-16 22:52:14,2023-07-14 23:52:14,,2023-07-14 23:10:30,10,,Training and Consulting Services,Tier 1,United Kingdom,,18,0,,0,2018-02-15,Senior,,
Resolved,TKT-2611,Low,Email,Pricing and licensing,Bernard Beckley,2023-07-14 11:31:32,2023-07-16 11:31:32,2023-07-14 12:31:32,2023-07-15 10:58:56,2023-07-14 15:46:26,2,,Ready to use Software,Tier 1,Greece,23.46,255,0,0,1,2019-11-20,Senior,,
Closed,TKT-2612,Low,Chat,Feature request,Nicola Wane,2023-07-14 03:21:31,2023-07-15 03:21:31,2023-07-14 03:23:31,2023-07-18 12:04:34,2023-07-14 03:23:00,6,4,Ready to use Software,Tier 1,France,104.72,1,0,1,0,2021-03-12,Mid-Level,,
Closed,TKT-2613,Medium,Email,Purchasing and invoicing,Bernard Beckley,2023-07-14 08:22:07,2023-07-16 08:22:07,2023-07-14 09:22:07,2023-07-14 15:32:52,2023-07-14 08:45:18,2,3,Other,Tier 1,United Kingdom,7.18,23,0,0,0,2019-11-20,Senior,,
Resolved,TKT-2619,Low,Email,Product setup,Kristos Westoll,2023-07-15 12:50:12,2023-07-17 12:50:12,2023-07-15 13:50:12,2023-07-19 19:58:23,2023-07-15 13:16:26,2,,Other,Tier 1,Italy,103.14,26,0,1,0,2021-10-18,Mid-Level,,
In Progress,TKT-2620,Low,Email,Pricing and licensing,Nicola Wane,2023-07-15 14:25:25,2023-07-17 14:25:25,2023-07-15 15:25:25,,2023-07-15 14:58:47,2,,Ready to use Software,Tier 1,Poland,,33,0,,0,2021-03-12,Mid-Level,,
Closed,TKT-2621,Low,Chat,Product setup,Heather Urry,2023-07-15 23:31:21,2023-07-16 23:31:21,2023-07-15 23:33:21,2023-07-16 20:19:54,2023-07-15 23:32:29,6,3,Training and Consulting Services,Tier 2,Germany,20.81,1,0,0,0,2022-09-25,Junior,,
Closed,TKT-2622,Medium,Email,Bug report,Kristos Westoll,2023-07-16 21:55:32,2023-07-18 21:55:32,2023-07-16 22:55:32,2023-07-17 13:43:45,2023-07-16 22:04:17,2,4,Ready to use Software,Tier 1,Italy,15.8,9,0,0,0,2021-10-18,Mid-Level,,
Closed,TKT-2632,Medium,Chat,Other,Connor Danielovitch,2023-07-16 17:54:40,2023-07-17 17:54:40,2023-07-16 17:56:40,2023-07-18 07:55:55,2023-07-16 17:55:43,3,5,Custom software development,Tier 1,Italy,38.02,1,0,1,0,2018-02-15,Senior,,
Closed,TKT-2633,Low,Email,Purchasing and invoicing,Connor Danielovitch,2023-07-17 12:33:06,2023-07-19 12:33:06,2023-07-17 13:33:06,2023-07-17 17:04:48,2023-07-17 13:08:24,9,3,Other,Tier 1,Slovenia,4.53,35,0,0,0,2018-02-15,Senior,,
In Progress,TKT-2634,Medium,Chat,Purchasing and invoicing,Connor Danielovitch,2023-07-17 13:46:45,2023-07-18 13:46:45,2023-07-17 13:48:45,,2023-07-17 13:48:07,9,,Ready to use Software,Tier 1,Poland,,1,0,,0,2018-02-15,Senior,,
In Progress,TKT-2635,High,Email,Product setup,Sheela Cutten,2023-07-17 09:30:38,2023-07-19 09:30:38,2023-07-17 10:30:38,,2023-07-17 09:31:48,10,,Other,Tier 1,Greece,,1,0,,0,2019-07-10,Senior,,
Closed,TKT-2636,Medium,Email,Product setup,Adolpho Messingham,2023-07-17 21:54:07,2023-07-19 21:54:07,2023-07-17 22:54:07,2023-07-19 15:45:21,2023-07-17 22:08:27,7,3,Ready to use Software,Tier 2,Italy,41.85,14,0,0,0,2020-05-15,Mid-Level,,
Closed,TKT-2637,Low,Email,Pricing and licensing,Adolpho Messingham,2023-07-17 04:29:36,2023-07-19 04:29:36,2023-07-17 05:29:36,2023-07-17 09:15:09,2023-07-17 04:52:33,2,5,Training and Consulting Services,Tier 2,Germany,4.76,23,0,0,0,2020-05-15,Mid-Level,,
Closed,TKT-2638,Low,Email,Product setup,Kristos Westoll,2023-07-17 16:26:17,2023-07-19 16:26:17,2023-07-17 17:26:17,2023-07-23 08:26:17,2023-07-17 17:14:39,2,2,Training and Consulting Services,Tier 1,United Kingdom,136,48,0,1,0,2021-10-18,Mid-Level,,
In Progress,TKT-2639,Medium,Email,Product setup,Kristos Westoll,2023-07-17 15:47:15,2023-07-19 15:47:15,2023-07-17 16:47:15,,2023-07-17 16:37:33,1,,Training and Consulting Services,Tier 1,United Kingdom,,50,1,,0,2021-10-18,Mid-Level,,
In Progress,TKT-2640,Medium,Email,Other,Kristos Westoll,2023-07-17 14:31:34,2023-07-19 14:31:34,2023-07-17 15:31:34,,2023-07-17 15:12:37,2,,Ready to use Software,Tier 1,Republic of Ireland,,41,0,,0,2021-10-18,Mid-Level,,
Resolved,TKT-2641,Low,Email,Pricing and licensing,Kristos Westoll,2023-07-17 15:53:10,2023-07-19 15:53:10,2023-07-17 16:53:10,2023-07-17 18:31:33,2023-07-17 16:35:59,7,,Ready to use Software,Tier 1,Italy,2.64,43,0,0,0,2021-10-18,Mid-Level,,
Closed,TKT-2642,Medium,Chat,Other,Connor Danielovitch,2023-07-18 02:49:14,2023-07-19 02:49:14,2023-07-18 02:51:14,2023-07-18 21:49:50,2023-07-18 02:50:24,2,4,Ready to use Software,Tier 1,Germany,19.01,1,0,0,0,2018-02-15,Senior,,
Resolved,TKT-2643,Low,Email,Feature request,Nicola Wane,2023-07-18 14:57:27,2023-07-20 14:57:27,2023-07-18 15:57:27,2023-07-19 00:00:04,2023-07-18 15:30:41,10,,Ready to use Software,Tier 1,Slovenia,9.04,33,0,0,0,2021-03-12,Mid-Level,,
Closed,TKT-2644,Medium,Chat,Purchasing and invoicing,Michele Whyatt,2023-07-18 16:29:27,2023-07-19 16:29:27,2023-07-18 16:31:27,2023-07-18 22:15:59,2023-07-18 16:30:24,6,3,Custom software development,Tier 2,Germany,5.78,1,0,0,0,2022-04-10,Junior,,
Closed,TKT-2645,Low,Email,Other,Bernard Beckley,2023-07-18 13:46:00,2023-07-20 13:46:00,2023-07-18 14:46:00,2023-07-18 18:31:11,2023-07-18 13:53:41,1,1,Other,Tier 1,United Kingdom,4.75,8,1,0,0,2019-11-20,Senior,,
Resolved,TKT-2646,Low,Email,Product setup,Connor Danielovitch,2023-07-18 07:16:47,2023-07-20 07:16:47,2023-07-18 08:16:47,2023-07-18 22:09:06,2023-07-18 07:51:02,4,,Custom software development,Tier 1,Germany,14.87,34,0,0,0,2018-02-15,Senior,,
Closed,TKT-2647,Low,Email,Product setup,Kristos Westoll,2023-07-18 17:01:00,2023-07-20 17:01:00,2023-07-18 18:01:00,2023-07-20 20:34:57,2023-07-18 17:07:22,2,2,Ready to use Software,Tier 1,Austria,51.57,6,0,1,0,2021-10-18,Mid-Level,,
In Progress,TKT-2648,High,Email,Purchasing and invoicing,Kristos Westoll,2023-07-18 04:21:06,2023-07-20 04:21:06,2023-07-18 05:21:06,,2023-07-18 04:46:42,2,,Other,Tier 1,Italy,,26,0,,0,2021-10-18,Mid-Level,,
In Progress,TKT-2649,Low,Email,Other,Adolpho Messingham,2023-07-18 05:16:14,2023-07-20 05:16:14,2023-07-18 06:16:14,,2023-07-18 05:29:31,3,,Custom software development,Tier 2,Italy,,13,0,,0,2020-05-15,Mid-Level,,
Closed,TKT-2650,Low,Email,Pricing and licensing,Nicola Wane,2023-07-18 07:18:05,2023-07-20 07:18:05,2023-07-18 08:18:05,2023-07-19 14:04:06,2023-07-18 07:47:46,3,5,Ready to use Software,Tier 1,Republic of Ireland,30.77,30,0,0,0,2021-03-12,Mid-Level,,
In Progress,TKT-2651,Low,Chat,Product setup,Connor Danielovitch,2023-07-19 20:24:58,2023-07-20 20:24:58,2023-07-19 20:26:58,,2023-07-19 20:26:39,2,,Custom software development,Tier 1,Spain,,2,0,,0,2018-02-15,Senior,,
Closed,TKT-2652,Low,Chat,Purchasing and invoicing,Connor Danielovitch,2023-07-19 03:50:42,2023-07-20 03:50:42,2023-07-19 03:52:42,2023-07-21 19:59:26,2023-07-19 03:52:35,6,3,Other,Tier 1,Germany,64.15,2,0,1,0,2018-02-15,Senior,,
Closed,TKT-2653,High,Chat,Pricing and licensing,Bernard Beckley,2023-07-19 00:38:21,2023-07-20 00:38:21,2023-07-19 00:40:21,2023-07-24 03:49:06,2023-07-19 00:42:42,7,5,Other,Tier 1,Austria,123.18,4,0,1,1,2019-11-20,Senior,,
Closed,TKT-2654,Medium,Chat,Feature request,Adolpho Messingham,2023-07-19 04:58:14,2023-07-20 04:58:14,2023-07-19 05:00:14,2023-07-19 09:48:52,2023-07-19 05:01:05,3,3,Custom software development,Tier 2,Italy,4.84,3,0,0,1,2020-05-15,Mid-Level,,
Resolved,TKT-2655,High,Email,Product setup,Kristos Westoll,2023-07-19 16:27:31,2023-07-21 16:27:31,2023-07-19 17:27:31,2023-07-20 10:35:34,2023-07-19 16:44:24,10,,Ready to use Software,Tier 1,Czech Republic,18.13,17,0,0,0,2021-10-18,Mid-Level,,
Closed,TKT-2656,Low,Email,Pricing and licensing,Sheela Cutten,2023-07-19 01:55:33,2023-07-21 01:55:33,2023-07-19 02:55:33,2023-07-20 22:30:48,2023-07-19 02:54:34,6,3,Ready to use Software,Tier 1,Italy,44.59,59,0,0,0,2019-07-10,Senior,,
Closed,TKT-2657,High,Chat,Product setup,Bernard Beckley,2023-07-19 11:40:11,2023-07-20 11:40:11,2023-07-19 11:42:11,2023-07-21 09:43:28,2023-07-19 11:41:05,2,5,Ready to use Software,Tier 1,Italy,46.05,1,0,1,0,2019-11-20,Senior,,
Resolved,TKT-2658,Medium,Chat,Product setup,Bernard Beckley,2023-07-19 07:01:23,2023-07-20 07:01:23,2023-07-19 07:03:23,2023-07-19 11:02:59,2023-07-19 07:02:11,8,,Ready to use Software,Tier 1,Spain,4.03,1,0,0,0,2019-11-20,Senior,,
Closed,TKT-2659,Medium,Chat,Feature request,Heather Urry,2023-07-19 21:29:08,2023-07-20 21:29:08,2023-07-19 21:31:08,2023-07-20 03:07:03,2023-07-19 21:30:48,9,4,Ready to use Software,Tier 2,France,5.63,2,0,0,0,2022-09-25,Junior,,
Resolved,TKT-2660,Low,Chat,Product setup,Michele Whyatt,2023-07-19 20:35:55,2023-07-20 20:35:55,2023-07-19 20:37:55,2023-07-20 03:19:48,2023-07-19 20:37:08,9,,Ready to use Software,Tier 2,Spain,6.73,1,0,0,0,2022-04-10,Junior,,
Closed,TKT-2661,Low,Email,Product setup,Michele Whyatt,2023-07-19 10:17:32,2023-07-21 10:17:32,2023-07-19 11:17:32,2023-07-20 20:43:40,2023-07-19 10:24:47,1,1,Ready to use Software,Tier 2,Poland,34.44,7,1,0,0,2022-04-10,Junior,,
Resolved,TKT-2662,Low,Chat,Pricing and licensing,Adolpho Messingham,2023-07-20 05:38:45,2023-07-21 05:38:45,2023-07-20 05:40:45,2023-07-21 04:17:46,2023-07-20 05:39:07,2,,Ready to use Software,Tier 2,Poland,22.65,0,0,0,0,2020-05-15,Mid-Level,,
Closed,TKT-2663,Low,Email,Training request,Bernard Beckley,2023-07-20 09:57:06,2023-07-22 09:57:06,2023-07-20 10:57:06,2023-07-24 08:53:58,2023-07-20 10:01:30,1,3,Training and Consulting Services,Tier 1,France,94.95,4,1,1,0,2019-11-20,Senior,,
Resolved,TKT-2664,Low,Email,Feature request,Sheela Cutten,2023-07-20 07:52:58,2023-07-22 07:52:58,2023-07-20 08:52:58,2023-07-20 19:28:56,2023-07-20 08:38:34,10,,Ready to use Software,Tier 1,Germany,11.6,46,0,0,0,2019-07-10,Senior,,
Resolved,TKT-2665,Low,Email,Feature request,Michele Whyatt,2023-07-20 23:02:26,2023-07-22 23:02:26,2023-07-21 00:02:26,2023-07-21 18:22:58,2023-07-20 23:37:52,6,,Other,Tier 2,Poland,19.34,35,0,0,0,2022-04-10,Junior,,
Closed,TKT-2667,Medium,Email,Pricing and licensing,Heather Urry,2023-07-20 00:51:47,2023-07-22 00:51:47,2023-07-20 01:51:47,2023-07-20 12:00:50,2023-07-20 01:20:38,4,5,Custom software development,Tier 2,France,11.15,29,0,0,0,2022-09-25,Junior,,
Resolved,TKT-2669,Medium,Email,Pricing and licensing,Connor Danielovitch,2023-07-20 05:31:42,2023-07-22 05:31:42,2023-07-20 06:31:42,2023-07-20 10:37:33,2023-07-20 11:05:20,2,,Custom software development,Tier 1,Germany,5.1,334,0,0,1,2018-02-15,Senior,,
In Progress,TKT-2670,Medium,Email,Feature request,Kristos Westoll,2023-07-20 08:29:44,2023-07-22 08:29:44,2023-07-20 09:29:44,,2023-07-20 09:24:29,6,,Ready to use Software,Tier 1,Poland,,55,0,,0,2021-10-18,Mid-Level,,
In Progress,TKT-2671,Low,Chat,Product setup,Kristos Westoll,2023-07-20 10:48:21,2023-07-21 10:48:21,2023-07-20 10:50:21,,2023-07-20 10:49:06,4,,Other,Tier 1,Greece,,1,0,,0,2021-10-18,Mid-Level,,
Closed,TKT-2672,Low,Chat,Product setup,Kristos Westoll,2023-07-20 03:48:19,2023-07-21 03:48:19,2023-07-20 03:50:19,2023-07-21 07:47:33,2023-07-20 03:50:13,5,2,Custom software development,Tier 1,Austria,27.99,2,0,1,0,2021-10-18,Mid-Level,,
Resolved,TKT-2673,Medium,Email,Pricing and licensing,Heather Urry,2023-07-20 15:35:25,2023-07-22 15:35:25,2023-07-20 16:35:25,2023-07-20 20:15:07,2023-07-20 15:57:36,1,,Ready to use Software,Tier 2,Italy,4.66,22,1,0,0,2022-09-25,Junior,,
Resolved,TKT-2674,Medium,Email,Other,Nicola Wane,2023-07-21 17:17:52,2023-07-23 17:17:52,2023-07-21 18:17:52,2023-07-23 07:02:34,2023-07-21 17:55:00,4,,Training and Consulting Services,Tier 1,Greece,37.75,37,0,0,0,2021-03-12,Mid-Level,,
Closed,TKT-2675,Medium,Chat,Bug report,Nicola Wane,2023-07-21 04:14:58,2023-07-22 04:14:58,2023-07-21 04:16:58,2023-07-23 17:12:33,2023-07-21 04:16:01,2,4,Ready to use Software,Tier 1,Poland,60.96,1,0,1,0,2021-03-12,Mid-Level,,
Resolved,TKT-2676,Medium,Email,Product setup,Kristos Westoll,2023-07-21 21:58:38,2023-07-23 21:58:38,2023-07-21 22:58:38,2023-07-21 23:49:28,2023-07-21 22:25:48,3,,Custom software development,Tier 1,Germany,1.85,27,0,0,0,2021-10-18,Mid-Level,,
Resolved,TKT-2677,Low,Chat,Feature request,Adolpho Messingham,2023-07-21 23:58:59,2023-07-22 23:58:59,2023-07-22 00:00:59,2023-07-22 22:48:30,2023-07-22 00:04:42,2,,Other,Tier 2,Germany,22.83,6,0,0,1,2020-05-15,Mid-Level,,
Closed,TKT-2678,Medium,Email,Pricing and licensing,Nicola Wane,2023-07-21 01:52:21,2023-07-23 01:52:21,2023-07-21 02:52:21,2023-07-22 20:39:50,2023-07-21 02:37:43,2,5,Other,Tier 1,United Kingdom,42.79,45,0,0,0,2021-03-12,Mid-Level,,
Resolved,TKT-2680,Medium,Chat,Product setup,Michele Whyatt,2023-07-21 08:59:53,2023-07-22 08:59:53,2023-07-21 09:01:53,2023-07-21 20:40:45,2023-07-21 09:00:17,9,,Ready to use Software,Tier 2,Czech Republic,11.68,0,0,0,0,2022-04-10,Junior,,
Closed,TKT-2681,High,Chat,Product setup,Nicola Wane,2023-07-22 09:55:59,2023-07-23 09:55:59,2023-07-22 09:57:59,2023-07-27 00:14:54,2023-07-22 09:57:44,4,4,Custom software development,Tier 1,Germany,110.32,2,0,1,0,2021-03-12,Mid-Level,,
Closed,TKT-2682,Low,Email,Product setup,Michele Whyatt,2023-07-22 07:28:38,2023-07-24 07:28:38,2023-07-22 08:28:38,2023-07-26 21:54:44,2023-07-22 08:10:23,1,2,Ready to use Software,Tier 2,Greece,110.44,42,1,1,0,2022-04-10,Junior,,
Closed,TKT-2683,Low,Chat,Feature request,Sheela Cutten,2023-07-22 02:02:02,2023-07-23 02:02:02,2023-07-22 02:04:02,2023-07-22 16:46:19,2023-07-22 02:02:14,9,3,Ready to use Software,Tier 1,Italy,14.74,0,0,0,0,2019-07-10,Senior,,
Closed,TKT-2694,Medium,Chat,Product setup,Kristos Westoll,2023-07-23 08:50:08,2023-07-24 08:50:08,2023-07-23 08:52:08,2023-07-23 22:33:02,2023-07-23 08:50:41,2,5,Ready to use Software,Tier 1,Italy,13.71,1,0,0,0,2021-10-18,Mid-Level,,
In Progress,TKT-2695,Medium,Chat,Product setup,Nicola Wane,2023-07-23 03:45:32,2023-07-24 03:45:32,2023-07-23 03:47:32,,2023-07-23 03:45:40,5,,Ready to use Software,Tier 1,Republic of Ireland,,0,0,,0,2021-03-12,Mid-Level,,
Resolved,TKT-2696,Low,Email,Bug report,Heather Urry,2023-07-23 22:55:17,2023-07-25 22:55:17,2023-07-23 23:55:17,2023-07-24 09:28:53,2023-07-23 23:21:53,10,,Other,Tier 2,Czech Republic,10.56,27,0,0,0,2022-09-25,Junior,,
Closed,TKT-2697,High,Email,Product setup,Sheela Cutten,2023-07-24 20:47:04,2023-07-26 20:47:04,2023-07-24 21:47:04,2023-07-25 15:24:37,2023-07-24 21:23:04,1,4,Ready to use Software,Tier 1,Italy,18.63,36,1,0,0,2019-07-10,Senior,,
Resolved,TKT-2698,Medium,Email,Other,Connor Danielovitch,2023-07-24 23:11:01,2023-07-26 23:11:01,2023-07-25 00:11:01,2023-07-26 09:41:59,2023-07-24 23:57:16,6,,Custom software development,Tier 1,Bulgaria,34.52,46,0,0,0,2018-02-15,Senior,,
In Progress,TKT-2699,Medium,Phone,Purchasing and invoicing,Nicola Wane,2023-07-24 08:12:56,2023-07-26 08:12:56,2023-07-24 08:14:56,,2023-07-24 08:13:05,3,,Other,Tier 1,Greece,,0,0,,0,2021-03-12,Mid-Level,,
In Progress,TKT-2700,Medium,Chat,Product setup,Kristos Westoll,2023-07-24 05:12:30,2023-07-25 05:12:30,2023-07-24 05:14:30,,2023-07-24 05:14:08,6,,Other,Tier 1,Italy,,2,0,,0,2021-10-18,Mid-Level,,
Closed,TKT-2701,High,Email,Product setup,Sheela Cutten,2023-07-24 22:56:30,2023-07-26 22:56:30,2023-07-24 23:56:30,2023-07-25 10:40:06,2023-07-24 23:42:24,4,4,Custom software development,Tier 1,Poland,11.73,46,0,0,0,2019-07-10,Senior,,
Closed,TKT-2702,Low,Chat,Purchasing and invoicing,Nicola Wane,2023-07-24 06:35:05,2023-07-25 06:35:05,2023-07-24 06:37:05,2023-07-29 20:10:33,2023-07-24 06:35:26,2,4,Ready to use Software,Tier 1,Germany,133.59,0,0,1,0,2021-03-12,Mid-Level,,
Closed,TKT-2703,Medium,Chat,Purchasing and invoicing,Heather Urry,2023-07-24 05:17:06,2023-07-25 05:17:06,2023-07-24 05:19:06,2023-07-28 22:09:28,2023-07-24 05:17:12,4,1,Ready to use Software,Tier 2,Slovenia,112.87,0,0,1,0,2022-09-25,Junior,,
Closed,TKT-2704,Low,Email,Purchasing and invoicing,Nicola Wane,2023-07-24 19:22:39,2023-07-26 19:22:39,2023-07-24 20:22:39,2023-07-26 10:18:26,2023-07-24 20:13:09,10,5,Other,Tier 1,Czech Republic,38.93,51,0,0,0,2021-03-12,Mid-Level,,
Closed,TKT-2705,High,Email,Feature request,Heather Urry,2023-07-25 19:01:01,2023-07-27 19:01:01,2023-07-25 20:01:01,2023-07-26 02:17:23,2023-07-25 19:52:42,1,5,Ready to use Software,Tier 2,Poland,7.27,52,1,0,0,2022-09-25,Junior,,
In Progress,TKT-2706,Medium,Phone,Pricing and licensing,Bernard Beckley,2023-07-25 05:19:24,2023-07-27 05:19:24,2023-07-25 05:21:24,,2023-07-25 05:20:06,5,,Ready to use Software,Tier 1,Poland,,1,0,,0,2019-11-20,Senior,,
In Progress,TKT-2707,High,Chat,Other,Nicola Wane,2023-07-25 08:24:38,2023-07-26 08:24:38,2023-07-25 08:26:38,,2023-07-25 08:24:49,5,,Custom software development,Tier 1,Spain,,0,0,,0,2021-03-12,Mid-Level,,
Resolved,TKT-2708,Medium,Chat,Feature request,Connor Danielovitch,2023-07-25 10:09:51,2023-07-26 10:09:51,2023-07-25 10:11:51,2023-07-31 03:44:39,2023-07-25 10:11:09,8,,Ready to use Software,Tier 1,Republic of Ireland,137.58,1,0,1,0,2018-02-15,Senior,,
Resolved,TKT-2709,Medium,Email,Purchasing and invoicing,Sheela Cutten,2023-07-25 12:41:56,2023-07-27 12:41:56,2023-07-25 13:41:56,2023-07-26 20:54:10,2023-07-25 13:13:23,5,,Ready to use Software,Tier 1,Germany,32.2,31,0,0,0,2019-07-10,Senior,,
Closed,TKT-2710,Low,Chat,Bug report,Sheela Cutten,2023-07-25 16:03:58,2023-07-26 16:03:58,2023-07-25 16:05:58,2023-07-25 17:00:32,2023-07-25 16:05:28,2,3,Ready to use Software,Tier 1,Germany,0.94,2,0,0,0,2019-07-10,Senior,,
Closed,TKT-2711,Medium,Chat,Training request,Kristos Westoll,2023-07-25 22:00:01,2023-07-26 22:00:01,2023-07-25 22:02:01,2023-07-26 20:00:16,2023-07-25 22:01:39,5,1,Training and Consulting Services,Tier 1,United Kingdom,22,2,0,0,0,2021-10-18,Mid-Level,,
Closed,TKT-2712,Medium,Phone,Pricing and licensing,Heather Urry,2023-07-26 05:17:19,2023-07-28 05:17:19,2023-07-26 05:19:19,2023-07-29 20:15:45,2023-07-26 05:20:39,1,5,Ready to use Software,Tier 2,Slovenia,86.97,3,1,1,1,2022-09-25,Junior,,
Resolved,TKT-2713,Low,Chat,Other,Bernard Beckley,2023-07-26 17:48:10,2023-07-27 17:48:10,2023-07-26 17:50:10,2023-07-27 16:00:45,2023-07-26 17:49:01,9,,Custom software development,Tier 1,Slovenia,22.21,1,0,0,0,2019-11-20,Senior,,
In Progress,TKT-2714,Medium,Email,Pricing and licensing,Nicola Wane,2023-07-26 17:37:56,2023-07-28 17:37:56,2023-07-26 18:37:56,,2023-07-26 18:36:15,6,,Training and Consulting Services,Tier 1,United Kingdom,,58,0,,0,2021-03-12,Mid-Level,,
Closed,TKT-2715,Low,Chat,Pricing and licensing,Nicola Wane,2023-07-26 11:56:52,2023-07-27 11:56:52,2023-07-26 11:58:52,2023-07-27 11:38:30,2023-07-26 11:59:03,2,5,Other,Tier 1,Germany,23.69,2,0,0,1,2021-03-12,Mid-Level,,
In Progress,TKT-2716,Low,Email,Product setup,Bernard Beckley,2023-07-26 06:23:09,2023-07-28 06:23:09,2023-07-26 07:23:09,,2023-07-26 06:28:24,3,,Training and Consulting Services,Tier 1,Poland,,5,0,,0,2019-11-20,Senior,,
Closed,TKT-2717,Low,Email,Product setup,Heather Urry,2023-07-26 10:12:34,2023-07-28 10:12:34,2023-07-26 11:12:34,2023-07-26 17:06:48,2023-07-26 10:57:30,2,3,Custom software development,Tier 2,United Kingdom,6.9,45,0,0,0,2022-09-25,Junior,,
Resolved,TKT-2718,Medium,Email,Purchasing and invoicing,Sheela Cutten,2023-07-26 10:23:04,2023-07-28 10:23:04,2023-07-26 11:23:04,2023-07-31 23:26:35,2023-07-26 11:22:52,1,,Ready to use Software,Tier 1,Bulgaria,133.06,60,1,1,0,2019-07-10,Senior,,
In Progress,TKT-2719,Low,Email,Purchasing and invoicing,Heather Urry,2023-07-26 14:24:32,2023-07-28 14:24:32,2023-07-26 15:24:32,,2023-07-26 14:48:57,1,,Custom software development,Tier 2,Spain,,24,1,,0,2022-09-25,Junior,,
Resolved,TKT-2720,Medium,Email,Product setup,Nicola Wane,2023-07-27 12:52:28,2023-07-29 12:52:28,2023-07-27 13:52:28,2023-07-27 13:13:20,2023-07-27 13:48:22,1,,Ready to use Software,Tier 1,Greece,0.35,56,1,0,0,2021-03-12,Mid-Level,,
Closed,TKT-2721,Low,Phone,Product setup,Sheela Cutten,2023-07-27 17:15:18,2023-07-29 17:15:18,2023-07-27 17:17:18,2023-07-29 08:12:02,2023-07-27 17:15:21,4,2,Custom software development,Tier 1,Bulgaria,38.95,0,0,0,0,2019-07-10,Senior,,
Closed,TKT-2722,Low,Chat,Training request,Connor Danielovitch,2023-07-27 22:45:55,2023-07-28 22:45:55,2023-07-27 22:47:55,2023-07-27 22:49:53,2023-07-27 22:50:25,5,4,Training and Consulting Services,Tier 1,Poland,0.07,5,0,0,1,2018-02-15,Senior,,
Resolved,TKT-2723,Medium,Email,Bug report,Sheela Cutten,2023-07-27 21:40:02,2023-07-29 21:40:02,2023-07-27 22:40:02,2023-07-28 14:02:17,2023-07-27 21:57:36,1,,Training and Consulting Services,Tier 1,Italy,16.37,18,1,0,0,2019-07-10,Senior,,
Closed,TKT-2724,High,Chat,Pricing and licensing,Nicola Wane,2023-07-27 01:06:34,2023-07-28 01:06:34,2023-07-27 01:08:34,2023-07-27 23:59:00,2023-07-27 01:07:56,6,3,Custom software development,Tier 1,Italy,22.87,1,0,0,0,2021-03-12,Mid-Level,,
Resolved,TKT-2725,Low,Email,Feature request,Sheela Cutten,2023-07-28 10:17:18,2023-07-30 10:17:18,2023-07-28 11:17:18,2023-08-01 23:24:17,2023-07-28 10:19:23,3,,Custom software development,Tier 1,United Kingdom,109.12,2,0,1,0,2019-07-10,Senior,,
Closed,TKT-2726,High,Email,Product setup,Sheela Cutten,2023-07-28 16:21:54,2023-07-30 16:21:54,2023-07-28 17:21:54,2023-07-29 16:38:43,2023-07-28 16:34:34,8,5,Custom software development,Tier 1,Germany,24.28,13,0,0,0,2019-07-10,Senior,,
Resolved,TKT-2728,Low,Email,Product setup,Nicola Wane,2023-07-28 04:55:49,2023-07-30 04:55:49,2023-07-28 05:55:49,2023-07-29 18:39:11,2023-07-28 09:10:05,8,,Custom software development,Tier 1,France,37.72,254,0,0,1,2021-03-12,Mid-Level,,
Closed,TKT-2729,Medium,Chat,Feature request,Connor Danielovitch,2023-07-28 05:07:43,2023-07-29 05:07:43,2023-07-28 05:09:43,2023-08-02 19:57:03,2023-07-28 05:08:56,5,3,Ready to use Software,Tier 1,Slovenia,134.82,1,0,1,0,2018-02-15,Senior,,
Resolved,TKT-2730,Low,Chat,Purchasing and invoicing,Kristos Westoll,2023-07-28 03:03:13,2023-07-29 03:03:13,2023-07-28 03:05:13,2023-07-28 16:24:57,2023-07-28 03:05:09,6,,Other,Tier 1,France,13.36,2,0,0,0,2021-10-18,Mid-Level,,
Resolved,TKT-2731,High,Email,Purchasing and invoicing,Kristos Westoll,2023-07-29 16:35:02,2023-07-31 16:35:02,2023-07-29 17:35:02,2023-07-30 17:23:46,2023-07-29 16:48:56,3,,Ready to use Software,Tier 1,Italy,24.81,14,0,0,0,2021-10-18,Mid-Level,,
Closed,TKT-2732,Medium,Email,Pricing and licensing,Nicola Wane,2023-07-29 16:26:33,2023-07-31 16:26:33,2023-07-29 17:26:33,2023-07-31 10:53:59,2023-07-29 16:39:43,5,5,Custom software development,Tier 1,Republic of Ireland,42.46,13,0,0,0,2021-03-12,Mid-Level,,
Closed,TKT-2734,Low,Chat,Other,Bernard Beckley,2023-07-29 12:07:53,2023-07-30 12:07:53,2023-07-29 12:09:53,2023-07-29 19:34:42,2023-07-29 12:08:16,6,4,Other,Tier 1,Slovenia,7.45,0,0,0,0,2019-11-20,Senior,,
Resolved,TKT-2746,High,Chat,Other,Bernard Beckley,2023-07-30 00:43:24,2023-07-31 00:43:24,2023-07-30 00:45:24,2023-07-30 07:47:27,2023-07-30 00:44:18,5,,Other,Tier 1,France,7.07,1,0,0,0,2019-11-20,Senior,,
Closed,TKT-2748,Low,Email,Other,Sheela Cutten,2023-07-30 21:40:00,2023-08-01 21:40:00,2023-07-30 22:40:00,2023-07-30 23:00:35,2023-07-30 21:51:19,3,1,Ready to use Software,Tier 1,Slovenia,1.34,11,0,0,0,2019-07-10,Senior,,
Closed,TKT-2749,Low,Email,Bug report,Kristos Westoll,2023-07-30 11:52:27,2023-08-01 11:52:27,2023-07-30 12:52:27,2023-07-31 04:41:34,2023-07-30 12:10:05,1,4,Custom software development,Tier 1,Slovenia,16.82,18,1,0,0,2021-10-18,Mid-Level,,
In Progress,TKT-2750,Medium,Email,Product setup,Michele Whyatt,2023-07-31 21:21:00,2023-08-02 21:21:00,2023-07-31 22:21:00,,2023-08-01 03:51:42,7,,Other,Tier 2,Slovenia,,391,0,,1,2022-04-10,Junior,,
Resolved,TKT-2751,Medium,Chat,Pricing and licensing,Nicola Wane,2023-07-31 00:14:49,2023-08-01 00:14:49,2023-07-31 00:16:49,2023-08-01 11:36:12,2023-07-31 00:14:55,6,,Custom software development,Tier 1,Czech Republic,35.36,0,0,1,0,2021-03-12,Mid-Level,,
Closed,TKT-2752,High,Chat,Training request,Connor Danielovitch,2023-07-31 09:46:25,2023-08-01 09:46:25,2023-07-31 09:48:25,2023-08-01 05:09:43,2023-07-31 09:47:54,6,4,Training and Consulting Services,Tier 1,Slovenia,19.39,1,0,0,0,2018-02-15,Senior,,
Resolved,TKT-2753,Low,Chat,Product setup,Connor Danielovitch,2023-07-31 19:50:06,2023-08-01 19:50:06,2023-07-31 19:52:06,2023-08-01 11:07:05,2023-07-31 19:53:51,9,,Ready to use Software,Tier 1,Czech Republic,15.28,4,0,0,1,2018-02-15,Senior,,
Closed,TKT-2754,Medium,Email,Product setup,Heather Urry,2023-07-31 04:29:20,2023-08-02 04:29:20,2023-07-31 05:29:20,2023-07-31 07:46:09,2023-07-31 04:39:50,6,4,Custom software development,Tier 2,Spain,3.28,10,0,0,0,2022-09-25,Junior,,
Closed,TKT-2755,Low,Email,Purchasing and invoicing,Sheela Cutten,2023-07-31 19:38:58,2023-08-02 19:38:58,2023-07-31 20:38:58,2023-08-01 18:05:11,2023-07-31 20:21:20,1,4,Ready to use Software,Tier 1,Austria,22.44,42,1,0,0,2019-07-10,Senior,,
Closed,TKT-2756,High,Email,Product setup,Nicola Wane,2023-07-31 15:54:19,2023-08-02 15:54:19,2023-07-31 16:54:19,2023-08-02 05:37:52,2023-07-31 16:49:59,3,3,Training and Consulting Services,Tier 1,Greece,37.73,56,0,0,0,2021-03-12,Mid-Level,,
Closed,TKT-2757,Medium,Chat,Other,Bernard Beckley,2023-07-31 15:07:17,2023-08-01 15:07:17,2023-07-31 15:09:17,2023-08-01 00:32:00,2023-07-31 15:07:33,2,2,Custom software development,Tier 1,Germany,9.41,0,0,0,0,2019-11-20,Senior,,
Closed,TKT-2758,Low,Chat,Pricing and licensing,Kristos Westoll,2023-07-31 19:18:02,2023-08-01 19:18:02,2023-07-31 19:20:02,2023-08-01 18:03:28,2023-07-31 19:19:36,2,2,Ready to use Software,Tier 1,Poland,22.76,2,0,0,0,2021-10-18,Mid-Level,,
Resolved,TKT-2759,Low,Email,Bug report,Nicola Wane,2023-07-31 18:58:53,2023-08-02 18:58:53,2023-07-31 19:58:53,2023-08-01 13:01:46,2023-07-31 19:18:25,8,,Ready to use Software,Tier 1,United Kingdom,18.05,20,0,0,0,2021-03-12,Mid-Level,,
Closed,TKT-2760,Medium,Chat,Pricing and licensing,Sheela Cutten,2023-07-31 08:56:35,2023-08-01 08:56:35,2023-07-31 08:58:35,2023-08-02 03:55:12,2023-07-31 08:57:35,6,5,Ready to use Software,Tier 1,Poland,42.98,1,0,1,0,2019-07-10,Senior,,
Closed,TKT-2761,Low,Email,Purchasing and invoicing,Connor Danielovitch,2023-07-31 09:43:34,2023-08-02 09:43:34,2023-07-31 10:43:34,2023-08-01 11:59:09,2023-07-31 09:47:05,8,4,Other,Tier 1,Bulgaria,26.26,4,0,0,0,2018-02-15,Senior,,
Closed,TKT-2762,Low,Chat,Feature request,Nicola Wane,2023-08-01 04:34:57,2023-08-02 04:34:57,2023-08-01 04:36:57,2023-08-02 01:36:45,2023-08-01 04:36:13,2,5,Ready to use Software,Tier 1,United Kingdom,21.03,1,0,0,0,2021-03-12,Mid-Level,,
Resolved,TKT-2763,Medium,Chat,Feature request,Heather Urry,2023-08-01 15:29:12,2023-08-02 15:29:12,2023-08-01 15:31:12,2023-08-01 21:25:57,2023-08-01 15:30:56,7,,Other,Tier 2,Poland,5.95,2,0,0,0,2022-09-25,Junior,,
Resolved,TKT-2764,Low,Email,Product setup,Nicola Wane,2023-08-01 20:01:50,2023-08-03 20:01:50,2023-08-01 21:01:50,2023-08-02 00:09:19,2023-08-01 20:45:24,1,,Other,Tier 1,France,4.12,44,1,0,0,2021-03-12,Mid-Level,,
In Progress,TKT-2765,High,Email,Product setup,Nicola Wane,2023-08-01 11:55:41,2023-08-03 11:55:41,2023-08-01 12:55:41,,2023-08-01 11:59:11,1,,Other,Tier 1,Italy,,3,1,,0,2021-03-12,Mid-Level,,
Resolved,TKT-2766,Low,Email,Pricing and licensing,Bernard Beckley,2023-08-01 03:21:52,2023-08-03 03:21:52,2023-08-01 04:21:52,2023-08-01 04:27:43,2023-08-01 04:08:43,4,,Custom software development,Tier 1,Greece,1.1,47,0,0,0,2019-11-20,Senior,,
Closed,TKT-2768,Medium,Email,Feature request,Adolpho Messingham,2023-08-01 04:44:54,2023-08-03 04:44:54,2023-08-01 05:44:54,2023-08-06 19:45:17,2023-08-01 05:34:43,8,3,Custom software development,Tier 2,Austria,135.01,50,0,1,0,2020-05-15,Mid-Level,,
Closed,TKT-2769,Medium,Email,Bug report,Adolpho Messingham,2023-08-02 07:41:06,2023-08-04 07:41:06,2023-08-02 08:41:06,2023-08-02 12:25:12,2023-08-02 07:46:46,2,3,Custom software development,Tier 2,Poland,4.73,6,0,0,0,2020-05-15,Mid-Level,,
Resolved,TKT-2771,Medium,Email,Pricing and licensing,Michele Whyatt,2023-08-02 11:18:10,2023-08-04 11:18:10,2023-08-02 12:18:10,2023-08-04 09:37:48,2023-08-02 11:32:09,3,,Ready to use Software,Tier 2,Republic of Ireland,46.33,14,0,0,0,2022-04-10,Junior,,
Closed,TKT-2772,Low,Email,Pricing and licensing,Kristos Westoll,2023-08-02 07:31:31,2023-08-04 07:31:31,2023-08-02 08:31:31,2023-08-04 05:46:21,2023-08-02 08:28:03,5,4,Ready to use Software,Tier 1,Spain,46.25,57,0,0,0,2021-10-18,Mid-Level,,
Closed,TKT-2774,Low,Email,Product setup,Michele Whyatt,2023-08-02 18:06:52,2023-08-04 18:06:52,2023-08-02 19:06:52,2023-08-07 07:01:14,2023-08-03 01:15:18,1,4,Custom software development,Tier 2,Spain,108.91,428,1,1,1,2022-04-10,Junior,,
Closed,TKT-2775,Low,Phone,Pricing and licensing,Bernard Beckley,2023-08-02 21:53:43,2023-08-04 21:53:43,2023-08-02 21:55:43,2023-08-07 03:50:14,2023-08-02 21:54:43,6,4,Ready to use Software,Tier 1,Slovenia,101.94,1,0,1,0,2019-11-20,Senior,,
Closed,TKT-2776,Medium,Chat,Bug report,Sheela Cutten,2023-08-02 02:37:15,2023-08-03 02:37:15,2023-08-02 02:39:15,2023-08-02 08:31:38,2023-08-02 02:42:09,4,4,Training and Consulting Services,Tier 1,United Kingdom,5.91,5,0,0,1,2019-07-10,Senior,,
Resolved,TKT-2777,Medium,Email,Pricing and licensing,Nicola Wane,2023-08-02 16:20:43,2023-08-04 16:20:43,2023-08-02 17:20:43,2023-08-04 08:57:41,2023-08-02 17:00:50,1,,Ready to use Software,Tier 1,Italy,40.62,40,1,0,0,2021-03-12,Mid-Level,,
Resolved,TKT-2778,High,Email,Purchasing and invoicing,Bernard Beckley,2023-08-02 15:53:02,2023-08-04 15:53:02,2023-08-02 16:53:02,2023-08-08 10:26:16,2023-08-02 16:32:43,7,,Other,Tier 1,Italy,138.55,40,0,1,0,2019-11-20,Senior,,
In Progress,TKT-2779,Medium,Phone,Product setup,Connor Danielovitch,2023-08-03 22:39:29,2023-08-05 22:39:29,2023-08-03 22:41:29,,2023-08-03 22:42:31,1,,Ready to use Software,Tier 1,Austria,,3,1,,1,2018-02-15,Senior,,
Closed,TKT-2780,High,Email,Feature request,Adolpho Messingham,2023-08-03 18:46:36,2023-08-05 18:46:36,2023-08-03 19:46:36,2023-08-05 11:59:41,2023-08-03 19:01:53,7,2,Ready to use Software,Tier 2,Poland,41.22,15,0,0,0,2020-05-15,Mid-Level,,
Resolved,TKT-2781,High,Chat,Bug report,Michele Whyatt,2023-08-03 00:14:42,2023-08-04 00:14:42,2023-08-03 00:16:42,2023-08-07 19:15:29,2023-08-03 00:15:22,6,,Custom software development,Tier 2,Germany,115.01,1,0,1,0,2022-04-10,Junior,,
Resolved,TKT-2782,High,Phone,Product setup,Adolpho Messingham,2023-08-03 15:31:59,2023-08-05 15:31:59,2023-08-03 15:33:59,2023-08-04 22:51:02,2023-08-03 15:32:08,1,,Custom software development,Tier 2,France,31.32,0,1,0,0,2020-05-15,Mid-Level,,
Resolved,TKT-2783,Low,Email,Purchasing and invoicing,Nicola Wane,2023-08-03 14:52:35,2023-08-05 14:52:35,2023-08-03 15:52:35,2023-08-04 04:16:18,2023-08-03 15:34:41,1,,Custom software development,Tier 1,France,13.4,42,1,0,0,2021-03-12,Mid-Level,,
Closed,TKT-2784,Medium,Chat,Feature request,Michele Whyatt,2023-08-03 12:37:19,2023-08-04 12:37:19,2023-08-03 12:39:19,2023-08-04 04:47:47,2023-08-03 12:38:53,6,4,Ready to use Software,Tier 2,Italy,16.17,2,0,0,0,2022-04-10,Junior,,
Closed,TKT-2785,Medium,Phone,Product setup,Michele Whyatt,2023-08-03 21:38:26,2023-08-05 21:38:26,2023-08-03 21:40:26,2023-08-05 14:52:32,2023-08-03 21:39:50,1,4,Custom software development,Tier 2,United Kingdom,41.24,1,1,0,0,2022-04-10,Junior,,
In Progress,TKT-2786,Medium,Chat,Pricing and licensing,Sheela Cutten,2023-08-03 21:33:45,2023-08-04 21:33:45,2023-08-03 21:35:45,,2023-08-03 21:35:05,60,,Ready to use Software,Tier 1,Germany,,1,0,,0,2019-07-10,Senior,,
Resolved,TKT-2787,Low,Phone,Feature request,Nicola Wane,2023-08-04 12:43:41,2023-08-06 12:43:41,2023-08-04 12:45:41,2023-08-07 02:10:39,2023-08-04 12:44:01,1,,Ready to use Software,Tier 1,France,61.45,0,1,1,0,2021-03-12,Mid-Level,,
Closed,TKT-2788,Low,Chat,Feature request,Michele Whyatt,2023-08-04 04:37:32,2023-08-05 04:37:32,2023-08-04 04:39:32,2023-08-04 14:07:43,2023-08-04 04:38:22,4,1,Ready to use Software,Tier 2,Italy,9.5,1,0,0,0,2022-04-10,Junior,,
In Progress,TKT-2789,High,Email,Product setup,Sheela Cutten,2023-08-04 18:15:36,2023-08-06 18:15:36,2023-08-04 19:15:36,,2023-08-04 18:50:58,6,,Other,Tier 1,Greece,,35,0,,0,2019-07-10,Senior,,
Closed,TKT-2790,Medium,Email,Product setup,Bernard Beckley,2023-08-04 03:20:18,2023-08-06 03:20:18,2023-08-04 04:20:18,2023-08-05 21:34:54,2023-08-04 04:17:25,8,1,Ready to use Software,Tier 1,Italy,42.24,57,0,0,0,2019-11-20,Senior,,
Resolved,TKT-2791,High,Email,Pricing and licensing,Bernard Beckley,2023-08-04 01:50:35,2023-08-06 01:50:35,2023-08-04 02:50:35,2023-08-05 20:31:50,2023-08-04 01:55:06,4,,Training and Consulting Services,Tier 1,France,42.69,5,0,0,0,2019-11-20,Senior,,
Closed,TKT-2792,Low,Phone,Bug report,Kristos Westoll,2023-08-05 00:41:24,2023-08-07 00:41:24,2023-08-05 00:43:24,2023-08-07 05:00:06,2023-08-05 00:42:23,3,1,Ready to use Software,Tier 1,Italy,52.31,1,0,1,0,2021-10-18,Mid-Level,,
Closed,TKT-2793,Medium,Email,Other,Nicola Wane,2023-08-05 02:24:07,2023-08-07 02:24:07,2023-08-05 03:24:07,2023-08-05 09:54:42,2023-08-05 08:21:21,9,4,Custom software development,Tier 1,United Kingdom,7.51,357,0,0,1,2021-03-12,Mid-Level,,
Closed,TKT-2794,Medium,Chat,Product setup,Nicola Wane,2023-08-05 01:58:57,2023-08-06 01:58:57,2023-08-05 02:00:57,2023-08-05 10:23:44,2023-08-05 01:59:43,5,5,Training and Consulting Services,Tier 1,Poland,8.41,1,0,0,0,2021-03-12,Mid-Level,,
Closed,TKT-2806,Low,Email,Feature request,Nicola Wane,2023-08-06 11:09:06,2023-08-08 11:09:06,2023-08-06 12:09:06,2023-08-06 15:34:42,2023-08-06 11:43:40,8,5,Ready to use Software,Tier 1,Italy,4.43,35,0,0,0,2021-03-12,Mid-Level,,
Resolved,TKT-2807,High,Email,Other,Connor Danielovitch,2023-08-06 12:50:33,2023-08-08 12:50:33,2023-08-06 13:50:33,2023-08-07 15:01:37,2023-08-06 13:17:36,1,,Custom software development,Tier 1,Slovenia,26.18,27,1,0,0,2018-02-15,Senior,,
Resolved,TKT-2808,High,Email,Bug report,Connor Danielovitch,2023-08-06 10:37:40,2023-08-08 10:37:40,2023-08-06 11:37:40,2023-08-11 17:38:25,2023-08-06 11:23:39,10,,Custom software development,Tier 1,United Kingdom,127.01,46,0,1,0,2018-02-15,Senior,,
Closed,TKT-2809,Low,Email,Purchasing and invoicing,Nicola Wane,2023-08-06 13:52:11,2023-08-08 13:52:11,2023-08-06 14:52:11,2023-08-08 07:57:43,2023-08-06 14:21:28,3,5,Ready to use Software,Tier 1,Czech Republic,42.09,29,0,0,0,2021-03-12,Mid-Level,,
Closed,TKT-2810,Low,Email,Product setup,Nicola Wane,2023-08-06 17:58:30,2023-08-08 17:58:30,2023-08-06 18:58:30,2023-08-06 21:30:36,2023-08-06 18:37:11,2,5,Other,Tier 1,Czech Republic,3.53,39,0,0,0,2021-03-12,Mid-Level,,
Closed,TKT-2811,Low,Email,Pricing and licensing,Bernard Beckley,2023-08-06 13:38:15,2023-08-08 13:38:15,2023-08-06 14:38:15,2023-08-11 13:43:29,2023-08-06 13:45:10,2,5,Ready to use Software,Tier 1,France,120.09,7,0,1,0,2019-11-20,Senior,,
Resolved,TKT-2812,High,Email,Purchasing and invoicing,Connor Danielovitch,2023-08-07 12:46:44,2023-08-09 12:46:44,2023-08-07 13:46:44,2023-08-07 20:36:58,2023-08-07 19:12:47,1,,Other,Tier 1,Bulgaria,7.84,386,1,0,1,2018-02-15,Senior,,
In Progress,TKT-2813,Low,Email,Bug report,Michele Whyatt,2023-08-07 11:15:32,2023-08-09 11:15:32,2023-08-07 12:15:32,,2023-08-07 11:23:32,10,,Other,Tier 2,Germany,,8,0,,0,2022-04-10,Junior,,
Resolved,TKT-2814,Low,Email,Training request,Kristos Westoll,2023-08-07 19:44:12,2023-08-09 19:44:12,2023-08-07 20:44:12,2023-08-09 03:49:21,2023-08-07 20:37:18,2,,Training and Consulting Services,Tier 1,Germany,32.09,53,0,0,0,2021-10-18,Mid-Level,,
Closed,TKT-2815,Low,Email,Feature request,Nicola Wane,2023-08-07 23:34:02,2023-08-09 23:34:02,2023-08-08 00:34:02,2023-08-08 07:04:35,2023-08-07 23:38:24,1,3,Ready to use Software,Tier 1,Poland,7.51,4,1,0,0,2021-03-12,Mid-Level,,
In Progress,TKT-2816,Medium,Chat,Bug report,Sheela Cutten,2023-08-07 15:10:55,2023-08-08 15:10:55,2023-08-07 15:12:55,,2023-08-07 15:13:08,6,,Custom software development,Tier 1,Slovenia,,2,0,,1,2019-07-10,Senior,,
Closed,TKT-2817,Medium,Email,Purchasing and invoicing,Sheela Cutten,2023-08-07 22:29:00,2023-08-09 22:29:00,2023-08-07 23:29:00,2023-08-11 16:11:22,2023-08-07 23:12:19,4,5,Ready to use Software,Tier 1,France,89.71,43,0,1,0,2019-07-10,Senior,,
Closed,TKT-2818,Low,Email,Purchasing and invoicing,Sheela Cutten,2023-08-08 09:40:50,2023-08-10 09:40:50,2023-08-08 10:40:50,2023-08-10 00:51:58,2023-08-08 10:16:35,3,5,Training and Consulting Services,Tier 1,Poland,39.19,36,0,0,0,2019-07-10,Senior,,
Resolved,TKT-2819,Low,Phone,Purchasing and invoicing,Connor Danielovitch,2023-08-08 21:09:26,2023-08-10 21:09:26,2023-08-08 21:11:26,2023-08-10 18:00:32,2023-08-08 21:11:16,1,,Ready to use Software,Tier 1,Bulgaria,44.85,2,1,0,0,2018-02-15,Senior,,
Resolved,TKT-2820,Medium,Chat,Other,Bernard Beckley,2023-08-08 22:35:28,2023-08-09 22:35:28,2023-08-08 22:37:28,2023-08-09 16:47:07,2023-08-08 22:37:02,6,,Custom software development,Tier 1,Bulgaria,18.19,2,0,0,0,2019-11-20,Senior,,
Closed,TKT-2821,Medium,Chat,Training request,Kristos Westoll,2023-08-08 00:50:57,2023-08-09 00:50:57,2023-08-08 00:52:57,2023-08-08 18:27:15,2023-08-08 00:52:28,6,4,Training and Consulting Services,Tier 1,Poland,17.6,2,0,0,0,2021-10-18,Mid-Level,,
Closed,TKT-2822,Low,Phone,Product setup,Nicola Wane,2023-08-08 07:51:46,2023-08-10 07:51:46,2023-08-08 07:53:46,2023-08-11 20:40:54,2023-08-08 07:53:28,4,1,Training and Consulting Services,Tier 1,Italy,84.82,2,0,1,0,2021-03-12,Mid-Level,,
Closed,TKT-2823,High,Email,Feature request,Adolpho Messingham,2023-08-08 01:22:34,2023-08-10 01:22:34,2023-08-08 02:22:34,2023-08-09 00:36:45,2023-08-08 01:45:22,1,3,Ready to use Software,Tier 2,Germany,23.24,23,1,0,0,2020-05-15,Mid-Level,,
Closed,TKT-2824,Low,Email,Purchasing and invoicing,Bernard Beckley,2023-08-08 05:42:37,2023-08-10 05:42:37,2023-08-08 06:42:37,2023-08-09 06:53:10,2023-08-08 05:49:22,2,5,Ready to use Software,Tier 1,Slovenia,25.18,7,0,0,0,2019-11-20,Senior,,
Resolved,TKT-2825,Medium,Chat,Product setup,Connor Danielovitch,2023-08-09 20:32:09,2023-08-10 20:32:09,2023-08-09 20:34:09,2023-08-09 23:05:15,2023-08-09 20:32:35,8,,Ready to use Software,Tier 1,Italy,2.55,0,0,0,0,2018-02-15,Senior,,
In Progress,TKT-2826,Medium,Email,Pricing and licensing,Connor Danielovitch,2023-08-09 08:55:35,2023-08-11 08:55:35,2023-08-09 09:55:35,,2023-08-09 09:13:26,3,,Custom software development,Tier 1,Slovenia,,18,0,,0,2018-02-15,Senior,,
Resolved,TKT-2827,High,Email,Bug report,Bernard Beckley,2023-08-09 11:05:57,2023-08-11 11:05:57,2023-08-09 12:05:57,2023-08-13 11:52:58,2023-08-09 12:04:39,2,,Custom software development,Tier 1,Spain,96.78,59,0,1,0,2019-11-20,Senior,,
Closed,TKT-2828,Low,Email,Feature request,Michele Whyatt,2023-08-09 17:25:41,2023-08-11 17:25:41,2023-08-09 18:25:41,2023-08-14 15:55:02,2023-08-09 17:36:41,4,3,Other,Tier 2,Italy,118.49,11,0,1,0,2022-04-10,Junior,,
Resolved,TKT-2829,High,Chat,Pricing and licensing,Nicola Wane,2023-08-09 06:58:57,2023-08-10 06:58:57,2023-08-09 07:00:57,2023-08-09 19:11:32,2023-08-09 06:59:11,6,,Ready to use Software,Tier 1,Republic of Ireland,12.21,0,0,0,0,2021-03-12,Mid-Level,,
Closed,TKT-2830,Low,Chat,Feature request,Sheela Cutten,2023-08-09 09:11:08,2023-08-10 09:11:08,2023-08-09 09:13:08,2023-08-09 14:03:15,2023-08-09 09:15:02,6,3,Custom software development,Tier 1,France,4.87,4,0,0,1,2019-07-10,Senior,,
Resolved,TKT-2831,High,Chat,Bug report,Adolpho Messingham,2023-08-09 17:11:17,2023-08-10 17:11:17,2023-08-09 17:13:17,2023-08-10 08:53:20,2023-08-09 17:11:58,6,,Custom software development,Tier 2,Bulgaria,15.7,1,0,0,0,2020-05-15,Mid-Level,,
In Progress,TKT-2832,Low,Email,Bug report,Heather Urry,2023-08-09 03:50:28,2023-08-11 03:50:28,2023-08-09 04:50:28,,2023-08-09 04:21:26,10,,Custom software development,Tier 2,United Kingdom,,31,0,,0,2022-09-25,Junior,,
Closed,TKT-2833,Low,Email,Product setup,Michele Whyatt,2023-08-09 00:29:00,2023-08-11 00:29:00,2023-08-09 01:29:00,2023-08-09 21:58:23,2023-08-09 01:03:47,5,4,Ready to use Software,Tier 2,Czech Republic,21.49,35,0,0,0,2022-04-10,Junior,,
Closed,TKT-2834,Low,Phone,Other,Heather Urry,2023-08-10 18:52:16,2023-08-12 18:52:16,2023-08-10 18:54:16,2023-08-14 17:33:54,2023-08-10 18:53:30,2,4,Ready to use Software,Tier 2,Spain,94.69,1,0,1,0,2022-09-25,Junior,,
In Progress,TKT-2835,High,Email,Other,Adolpho Messingham,2023-08-10 20:17:52,2023-08-12 20:17:52,2023-08-10 21:17:52,,2023-08-10 20:19:33,6,,Ready to use Software,Tier 2,Bulgaria,,2,0,,0,2020-05-15,Mid-Level,,
Closed,TKT-2836,Low,Email,Purchasing and invoicing,Kristos Westoll,2023-08-10 22:15:02,2023-08-12 22:15:02,2023-08-10 23:15:02,2023-08-11 14:48:45,2023-08-10 23:05:08,2,4,Custom software development,Tier 1,Germany,16.56,50,0,0,0,2021-10-18,Mid-Level,,
Resolved,TKT-2837,Medium,Email,Pricing and licensing,Kristos Westoll,2023-08-11 16:51:17,2023-08-13 16:51:17,2023-08-11 17:51:17,2023-08-12 17:03:52,2023-08-11 17:49:37,5,,Custom software development,Tier 1,Republic of Ireland,24.21,58,0,0,0,2021-10-18,Mid-Level,,
Closed,TKT-2838,Medium,Phone,Purchasing and invoicing,Kristos Westoll,2023-08-11 04:48:56,2023-08-13 04:48:56,2023-08-11 04:50:56,2023-08-14 01:33:01,2023-08-11 04:50:25,6,2,Training and Consulting Services,Tier 1,Greece,68.73,1,0,1,0,2021-10-18,Mid-Level,,
Closed,TKT-2839,Medium,Email,Feature request,Sheela Cutten,2023-08-11 23:20:44,2023-08-13 23:20:44,2023-08-12 00:20:44,2023-08-13 11:02:02,2023-08-11 23:24:20,6,4,Ready to use Software,Tier 1,Czech Republic,35.69,4,0,0,0,2019-07-10,Senior,,
Closed,TKT-2840,Low,Chat,Product setup,Sheela Cutten,2023-08-11 23:26:09,2023-08-12 23:26:09,2023-08-11 23:28:09,2023-08-12 21:43:34,2023-08-11 23:27:40,5,5,Other,Tier 1,Germany,22.29,2,0,0,0,2019-07-10,Senior,,
Closed,TKT-2841,High,Chat,Purchasing and invoicing,Nicola Wane,2023-08-11 15:00:10,2023-08-12 15:00:10,2023-08-11 15:02:10,2023-08-12 09:56:29,2023-08-11 15:00:45,5,4,Ready to use Software,Tier 1,Poland,18.94,1,0,0,0,2021-03-12,Mid-Level,,
Closed,TKT-2842,High,Email,Purchasing and invoicing,Connor Danielovitch,2023-08-12 08:58:38,2023-08-14 08:58:38,2023-08-12 09:58:38,2023-08-17 20:19:13,2023-08-12 09:58:36,7,3,Custom software development,Tier 1,Greece,131.34,60,0,1,0,2018-02-15,Senior,,
In Progress,TKT-2843,Medium,Email,Feature request,Adolpho Messingham,2023-08-12 04:28:51,2023-08-14 04:28:51,2023-08-12 05:28:51,,2023-08-12 05:20:19,10,,Other,Tier 2,Republic of Ireland,,51,0,,0,2020-05-15,Mid-Level,,
Closed,TKT-2844,Medium,Chat,Purchasing and invoicing,Michele Whyatt,2023-08-12 14:25:33,2023-08-13 14:25:33,2023-08-12 14:27:33,2023-08-12 20:44:27,2023-08-12 14:26:08,5,5,Ready to use Software,Tier 2,France,6.31,1,0,0,0,2022-04-10,Junior,,
In Progress,TKT-2845,Low,Phone,Feature request,Sheela Cutten,2023-08-12 01:08:42,2023-08-14 01:08:42,2023-08-12 01:10:42,,2023-08-12 01:13:15,3,,Ready to use Software,Tier 1,Germany,,5,0,,1,2019-07-10,Senior,,
Closed,TKT-2855,High,Chat,Feature request,Bernard Beckley,2023-08-13 04:29:18,2023-08-14 04:29:18,2023-08-13 04:31:18,2023-08-13 08:30:03,2023-08-13 04:29:57,6,4,Ready to use Software,Tier 1,Greece,4.01,1,0,0,0,2019-11-20,Senior,,
Closed,TKT-2856,Low,Email,Pricing and licensing,Heather Urry,2023-08-14 13:58:32,2023-08-16 13:58:32,2023-08-14 14:58:32,2023-08-15 05:15:34,2023-08-14 14:21:50,3,3,Ready to use Software,Tier 2,Bulgaria,15.28,23,0,0,0,2022-09-25,Junior,,
Closed,TKT-2857,Medium,Email,Feature request,Michele Whyatt,2023-08-14 19:11:08,2023-08-16 19:11:08,2023-08-14 20:11:08,2023-08-16 15:22:09,2023-08-14 19:40:00,5,5,Other,Tier 2,Italy,44.18,29,0,0,0,2022-04-10,Junior,,
Closed,TKT-2858,High,Email,Product setup,Adolpho Messingham,2023-08-14 07:57:39,2023-08-16 07:57:39,2023-08-14 08:57:39,2023-08-16 02:51:09,2023-08-14 08:27:11,2,1,Ready to use Software,Tier 2,Italy,42.89,30,0,0,0,2020-05-15,Mid-Level,,
Closed,TKT-2859,Low,Chat,Bug report,Bernard Beckley,2023-08-14 16:56:36,2023-08-15 16:56:36,2023-08-14 16:58:36,2023-08-16 00:14:42,2023-08-14 16:58:10,5,5,Training and Consulting Services,Tier 1,Germany,31.3,2,0,1,0,2019-11-20,Senior,,
Resolved,TKT-2860,Medium,Chat,Other,Nicola Wane,2023-08-14 16:34:25,2023-08-15 16:34:25,2023-08-14 16:36:25,2023-08-18 10:45:01,2023-08-14 16:36:07,6,,Other,Tier 1,Austria,90.18,2,0,1,0,2021-03-12,Mid-Level,,
Resolved,TKT-2861,Low,Email,Other,Sheela Cutten,2023-08-14 12:56:01,2023-08-16 12:56:01,2023-08-14 13:56:01,2023-08-14 16:32:04,2023-08-14 16:01:14,1,,Other,Tier 1,Slovenia,3.6,185,1,0,1,2019-07-10,Senior,,
In Progress,TKT-2862,Medium,Email,Feature request,Connor Danielovitch,2023-08-14 02:02:34,2023-08-16 02:02:34,2023-08-14 03:02:34,,2023-08-14 02:26:40,5,,Ready to use Software,Tier 1,Germany,,24,0,,0,2018-02-15,Senior,,
Closed,TKT-2863,Medium,Phone,Pricing and licensing,Nicola Wane,2023-08-14 21:53:06,2023-08-16 21:53:06,2023-08-14 21:55:06,2023-08-16 05:24:50,2023-08-14 21:54:22,1,1,Custom software development,Tier 1,Poland,31.53,1,1,0,0,2021-03-12,Mid-Level,,
Resolved,TKT-2864,High,Phone,Pricing and licensing,Connor Danielovitch,2023-08-14 16:03:00,2023-08-16 16:03:00,2023-08-14 16:05:00,2023-08-19 22:24:47,2023-08-14 16:04:58,6,,Ready to use Software,Tier 1,Greece,126.36,2,0,1,0,2018-02-15,Senior,,
Closed,TKT-2865,Low,Email,Product setup,Nicola Wane,2023-08-15 06:38:25,2023-08-17 06:38:25,2023-08-15 07:38:25,2023-08-16 15:02:32,2023-08-15 06:40:28,5,4,Ready to use Software,Tier 1,Spain,32.4,2,0,0,0,2021-03-12,Mid-Level,,
Closed,TKT-2866,Low,Email,Feature request,Adolpho Messingham,2023-08-15 20:32:14,2023-08-17 20:32:14,2023-08-15 21:32:14,2023-08-16 20:00:45,2023-08-15 21:23:19,1,1,Ready to use Software,Tier 2,Italy,23.48,51,1,0,0,2020-05-15,Mid-Level,,
In Progress,TKT-2867,Low,Phone,Pricing and licensing,Bernard Beckley,2023-08-15 19:42:47,2023-08-17 19:42:47,2023-08-15 19:44:47,,2023-08-15 19:43:27,3,,Custom software development,Tier 1,Austria,,1,0,,0,2019-11-20,Senior,,
Resolved,TKT-2868,Low,Email,Training request,Kristos Westoll,2023-08-15 22:59:05,2023-08-17 22:59:05,2023-08-15 23:59:05,2023-08-17 15:56:15,2023-08-15 23:01:17,10,,Training and Consulting Services,Tier 1,Poland,40.95,2,0,0,0,2021-10-18,Mid-Level,,
Resolved,TKT-2869,Low,Email,Other,Kristos Westoll,2023-08-15 06:18:13,2023-08-17 06:18:13,2023-08-15 07:18:13,2023-08-16 01:18:45,2023-08-15 06:57:30,3,,Other,Tier 1,Italy,19.01,39,0,0,0,2021-10-18,Mid-Level,,
Closed,TKT-2870,High,Phone,Pricing and licensing,Connor Danielovitch,2023-08-15 21:06:22,2023-08-17 21:06:22,2023-08-15 21:08:22,2023-08-16 02:11:56,2023-08-15 21:08:07,2,5,Custom software development,Tier 1,Germany,5.09,2,0,0,0,2018-02-15,Senior,,
Closed,TKT-2871,High,Email,Feature request,Sheela Cutten,2023-08-15 07:04:55,2023-08-17 07:04:55,2023-08-15 08:04:55,2023-08-17 04:51:21,2023-08-15 07:20:22,5,3,Ready to use Software,Tier 1,Greece,45.77,15,0,0,0,2019-07-10,Senior,,
In Progress,TKT-2872,Medium,Email,Pricing and licensing,Sheela Cutten,2023-08-15 21:39:32,2023-08-17 21:39:32,2023-08-15 22:39:32,,2023-08-16 03:00:34,6,,Ready to use Software,Tier 1,Greece,,321,0,,1,2019-07-10,Senior,,
Closed,TKT-2873,Low,Email,Product setup,Nicola Wane,2023-08-15 02:44:06,2023-08-17 02:44:06,2023-08-15 03:44:06,2023-08-15 22:23:14,2023-08-15 03:05:19,4,2,Ready to use Software,Tier 1,Poland,19.65,21,0,0,0,2021-03-12,Mid-Level,,
In Progress,TKT-2874,Medium,Phone,Product setup,Michele Whyatt,2023-08-15 02:20:17,2023-08-17 02:20:17,2023-08-15 02:22:17,,2023-08-15 02:21:50,7,,Training and Consulting Services,Tier 2,Poland,,2,0,,0,2022-04-10,Junior,,
Resolved,TKT-2875,Low,Chat,Purchasing and invoicing,Sheela Cutten,2023-08-15 06:57:33,2023-08-16 06:57:33,2023-08-15 06:59:33,2023-08-15 10:55:01,2023-08-15 06:58:38,5,,Ready to use Software,Tier 1,Slovenia,3.96,1,0,0,0,2019-07-10,Senior,,
Closed,TKT-2876,Medium,Email,Purchasing and invoicing,Bernard Beckley,2023-08-15 22:36:53,2023-08-17 22:36:53,2023-08-15 23:36:53,2023-08-16 21:50:35,2023-08-15 23:16:03,4,4,Ready to use Software,Tier 1,Germany,23.23,39,0,0,0,2019-11-20,Senior,,
Resolved,TKT-2877,Low,Email,Pricing and licensing,Connor Danielovitch,2023-08-15 22:21:29,2023-08-17 22:21:29,2023-08-15 23:21:29,2023-08-21 15:04:31,2023-08-15 23:08:49,1,,Custom software development,Tier 1,Poland,136.72,47,1,1,0,2018-02-15,Senior,,
Closed,TKT-2878,Low,Chat,Feature request,Adolpho Messingham,2023-08-15 02:33:23,2023-08-16 02:33:23,2023-08-15 02:35:23,2023-08-20 08:28:01,2023-08-15 02:35:15,9,1,Other,Tier 2,Bulgaria,125.91,2,0,1,0,2020-05-15,Mid-Level,,
Closed,TKT-2879,Low,Phone,Pricing and licensing,Connor Danielovitch,2023-08-15 22:12:35,2023-08-17 22:12:35,2023-08-15 22:14:35,2023-08-17 05:31:26,2023-08-15 22:16:50,2,3,Custom software development,Tier 1,Republic of Ireland,31.31,4,0,0,1,2018-02-15,Senior,,
Closed,TKT-2881,High,Email,Purchasing and invoicing,Nicola Wane,2023-08-16 18:24:27,2023-08-18 18:24:27,2023-08-16 19:24:27,2023-08-17 05:56:15,2023-08-16 18:31:12,2,5,Custom software development,Tier 1,Republic of Ireland,11.53,7,0,0,0,2021-03-12,Mid-Level,,
In Progress,TKT-2883,Medium,Email,Pricing and licensing,Bernard Beckley,2023-08-16 02:17:56,2023-08-18 02:17:56,2023-08-16 03:17:56,,2023-08-16 02:39:57,2,,Ready to use Software,Tier 1,Republic of Ireland,,22,0,,0,2019-11-20,Senior,,
In Progress,TKT-2885,Medium,Email,Bug report,Michele Whyatt,2023-08-16 03:47:10,2023-08-18 03:47:10,2023-08-16 04:47:10,,2023-08-16 04:30:31,2,,Training and Consulting Services,Tier 2,Slovenia,,43,0,,0,2022-04-10,Junior,,
Resolved,TKT-2886,Low,Chat,Bug report,Heather Urry,2023-08-16 16:29:03,2023-08-17 16:29:03,2023-08-16 16:31:03,2023-08-16 18:16:42,2023-08-16 16:30:12,5,,Ready to use Software,Tier 2,Italy,1.79,1,0,0,0,2022-09-25,Junior,,
Closed,TKT-2887,High,Email,Feature request,Heather Urry,2023-08-17 05:41:13,2023-08-19 05:41:13,2023-08-17 06:41:13,2023-08-18 18:18:39,2023-08-17 06:37:31,9,5,Other,Tier 2,Poland,36.62,56,0,0,0,2022-09-25,Junior,,
In Progress,TKT-2888,Medium,Chat,Purchasing and invoicing,Nicola Wane,2023-08-17 10:40:47,2023-08-18 10:40:47,2023-08-17 10:42:47,,2023-08-17 10:41:38,6,,Custom software development,Tier 1,Poland,,1,0,,0,2021-03-12,Mid-Level,,
In Progress,TKT-2889,Low,Chat,Feature request,Nicola Wane,2023-08-17 15:50:32,2023-08-18 15:50:32,2023-08-17 15:52:32,,2023-08-17 15:51:00,4,,Custom software development,Tier 1,United Kingdom,,0,0,,0,2021-03-12,Mid-Level,,
In Progress,TKT-2890,Low,Chat,Pricing and licensing,Kristos Westoll,2023-08-17 07:17:22,2023-08-18 07:17:22,2023-08-17 07:19:22,,2023-08-17 07:18:26,9,,Custom software development,Tier 1,Italy,,1,0,,0,2021-10-18,Mid-Level,,
Closed,TKT-2891,Medium,Chat,Pricing and licensing,Connor Danielovitch,2023-08-17 14:57:40,2023-08-18 14:57:40,2023-08-17 14:59:40,2023-08-18 10:18:11,2023-08-17 14:57:57,6,4,Training and Consulting Services,Tier 1,France,19.34,0,0,0,0,2018-02-15,Senior,,
Closed,TKT-2892,Medium,Email,Product setup,Sheela Cutten,2023-08-18 20:56:43,2023-08-20 20:56:43,2023-08-18 21:56:43,2023-08-23 06:58:47,2023-08-18 21:22:50,1,3,Ready to use Software,Tier 1,France,106.03,26,1,1,0,2019-07-10,Senior,,
Resolved,TKT-2893,Low,Email,Pricing and licensing,Bernard Beckley,2023-08-18 02:50:04,2023-08-20 02:50:04,2023-08-18 03:50:04,2023-08-18 14:29:53,2023-08-18 05:36:33,6,,Custom software development,Tier 1,Greece,11.66,166,0,0,1,2019-11-20,Senior,,
Resolved,TKT-2894,Low,Email,Pricing and licensing,Nicola Wane,2023-08-18 22:39:00,2023-08-20 22:39:00,2023-08-18 23:39:00,2023-08-19 00:54:55,2023-08-18 23:08:04,1,,Custom software development,Tier 1,Italy,2.27,29,1,0,0,2021-03-12,Mid-Level,,
Resolved,TKT-2896,Medium,Email,Pricing and licensing,Connor Danielovitch,2023-08-18 20:57:09,2023-08-20 20:57:09,2023-08-18 21:57:09,2023-08-19 16:28:04,2023-08-18 21:06:06,1,,Custom software development,Tier 1,Czech Republic,19.52,9,1,0,0,2018-02-15,Senior,,
Resolved,TKT-2897,High,Chat,Purchasing and invoicing,Bernard Beckley,2023-08-18 23:15:59,2023-08-19 23:15:59,2023-08-18 23:17:59,2023-08-19 14:45:31,2023-08-18 23:16:04,5,,Ready to use Software,Tier 1,Bulgaria,15.49,0,0,0,0,2019-11-20,Senior,,
Closed,TKT-2899,Low,Email,Product setup,Sheela Cutten,2023-08-18 18:46:47,2023-08-20 18:46:47,2023-08-18 19:46:47,2023-08-19 01:51:24,2023-08-18 18:51:31,5,4,Ready to use Software,Tier 1,United Kingdom,7.08,5,0,0,0,2019-07-10,Senior,,
Resolved,TKT-2900,Low,Email,Pricing and licensing,Bernard Beckley,2023-08-19 15:51:41,2023-08-21 15:51:41,2023-08-19 16:51:41,2023-08-21 13:15:51,2023-08-19 16:21:55,10,,Ready to use Software,Tier 1,United Kingdom,45.4,30,0,0,0,2019-11-20,Senior,,
Closed,TKT-2901,Low,Email,Pricing and licensing,Kristos Westoll,2023-08-19 10:37:55,2023-08-21 10:37:55,2023-08-19 11:37:55,2023-08-19 15:35:03,2023-08-19 11:25:50,6,2,Ready to use Software,Tier 1,Germany,4.95,48,0,0,0,2021-10-18,Mid-Level,,
In Progress,TKT-2912,Medium,Email,Other,Nicola Wane,2023-08-20 00:54:54,2023-08-22 00:54:54,2023-08-20 01:54:54,,2023-08-20 01:42:09,1,,Ready to use Software,Tier 1,Poland,,47,1,,0,2021-03-12,Mid-Level,,
Closed,TKT-2913,Medium,Email,Purchasing and invoicing,Sheela Cutten,2023-08-21 02:02:11,2023-08-23 02:02:11,2023-08-21 03:02:11,2023-08-25 09:02:53,2023-08-21 02:20:56,2,2,Other,Tier 1,Poland,103.01,19,0,1,0,2019-07-10,Senior,,
Closed,TKT-2914,Low,Chat,Product setup,Sheela Cutten,2023-08-21 05:14:23,2023-08-22 05:14:23,2023-08-21 05:16:23,2023-08-22 06:49:08,2023-08-21 05:14:31,4,4,Training and Consulting Services,Tier 1,Greece,25.58,0,0,1,0,2019-07-10,Senior,,
Resolved,TKT-2915,Medium,Email,Product setup,Kristos Westoll,2023-08-21 10:03:05,2023-08-23 10:03:05,2023-08-21 11:03:05,2023-08-22 06:06:50,2023-08-21 10:29:22,6,,Training and Consulting Services,Tier 1,Czech Republic,20.06,26,0,0,0,2021-10-18,Mid-Level,,
Closed,TKT-2916,Low,Chat,Pricing and licensing,Sheela Cutten,2023-08-21 03:51:19,2023-08-22 03:51:19,2023-08-21 03:53:19,2023-08-21 09:38:24,2023-08-21 03:52:25,5,3,Custom software development,Tier 1,Spain,5.78,1,0,0,0,2019-07-10,Senior,,
Open,TKT-2917,Medium,Email,Product setup,Kristos Westoll,2023-08-21 03:01:38,2023-08-23 03:01:38,2023-08-21 04:01:38,,,,,Ready to use Software,Tier 1,Germany,,,,,,2021-10-18,Mid-Level,,
Closed,TKT-2920,High,Email,Pricing and licensing,Bernard Beckley,2023-08-21 02:49:00,2023-08-23 02:49:00,2023-08-21 03:49:00,2023-08-21 05:07:33,2023-08-21 03:09:57,6,4,Custom software development,Tier 1,Spain,2.31,21,0,0,0,2019-11-20,Senior,,
In Progress,TKT-2921,High,Email,Feature request,Connor Danielovitch,2023-08-21 07:26:33,2023-08-23 07:26:33,2023-08-21 08:26:33,,2023-08-21 07:55:48,4,,Ready to use Software,Tier 1,Italy,,29,0,,0,2018-02-15,Senior,,
In Progress,TKT-2922,Medium,Chat,Training request,Bernard Beckley,2023-08-21 07:51:18,2023-08-22 07:51:18,2023-08-21 07:53:18,,2023-08-21 07:53:13,2,,Training and Consulting Services,Tier 1,Germany,,2,0,,0,2019-11-20,Senior,,
Resolved,TKT-2923,High,Email,Other,Kristos Westoll,2023-08-22 04:27:03,2023-08-24 04:27:03,2023-08-22 05:27:03,2023-08-23 06:39:22,2023-08-22 05:06:17,9,,Training and Consulting Services,Tier 1,United Kingdom,26.21,39,0,0,0,2021-10-18,Mid-Level,,
Resolved,TKT-2924,High,Email,Product setup,Michele Whyatt,2023-08-22 19:29:31,2023-08-24 19:29:31,2023-08-22 20:29:31,2023-08-24 06:07:35,2023-08-22 19:56:24,7,,Other,Tier 2,Germany,34.63,27,0,0,0,2022-04-10,Junior,,
Resolved,TKT-2926,Low,Email,Bug report,Adolpho Messingham,2023-08-22 13:47:01,2023-08-24 13:47:01,2023-08-22 14:47:01,2023-08-23 00:31:16,2023-08-22 14:33:22,1,,Ready to use Software,Tier 2,Germany,10.74,46,1,0,0,2020-05-15,Mid-Level,,
Closed,TKT-2927,Low,Email,Bug report,Connor Danielovitch,2023-08-22 15:20:45,2023-08-24 15:20:45,2023-08-22 16:20:45,2023-08-27 01:55:44,2023-08-22 15:30:23,1,5,Custom software development,Tier 1,United Kingdom,106.58,10,1,1,0,2018-02-15,Senior,,
Resolved,TKT-2928,Low,Email,Feature request,Nicola Wane,2023-08-22 07:32:33,2023-08-24 07:32:33,2023-08-22 08:32:33,2023-08-24 00:56:04,2023-08-22 08:04:05,8,,Other,Tier 1,Czech Republic,41.39,32,0,0,0,2021-03-12,Mid-Level,,
Closed,TKT-2929,Medium,Chat,Purchasing and invoicing,Kristos Westoll,2023-08-22 02:24:14,2023-08-23 02:24:14,2023-08-22 02:26:14,2023-08-22 22:18:07,2023-08-22 02:26:10,5,5,Training and Consulting Services,Tier 1,Spain,19.9,2,0,0,0,2021-10-18,Mid-Level,,
Closed,TKT-2930,Low,Chat,Bug report,Sheela Cutten,2023-08-22 23:11:45,2023-08-23 23:11:45,2023-08-22 23:13:45,2023-08-25 03:55:24,2023-08-22 23:11:46,60,3,Custom software development,Tier 1,Poland,52.73,0,0,1,0,2019-07-10,Senior,,
Closed,TKT-2931,Medium,Chat,Training request,Kristos Westoll,2023-08-22 03:00:56,2023-08-23 03:00:56,2023-08-22 03:02:56,2023-08-22 11:26:29,2023-08-22 03:02:12,2,5,Training and Consulting Services,Tier 1,Republic of Ireland,8.43,1,0,0,0,2021-10-18,Mid-Level,,
Closed,TKT-2932,Low,Email,Pricing and licensing,Bernard Beckley,2023-08-22 18:07:13,2023-08-24 18:07:13,2023-08-22 19:07:13,2023-08-23 19:04:48,2023-08-22 18:10:59,1,4,Custom software development,Tier 1,Italy,24.96,4,1,0,0,2019-11-20,Senior,,
Closed,TKT-2933,High,Email,Purchasing and invoicing,Sheela Cutten,2023-08-22 18:04:49,2023-08-24 18:04:49,2023-08-22 19:04:49,2023-08-24 06:31:46,2023-08-22 18:10:15,4,3,Other,Tier 1,Slovenia,36.45,5,0,0,0,2019-07-10,Senior,,
Closed,TKT-2934,High,Phone,Bug report,Bernard Beckley,2023-08-22 04:28:36,2023-08-24 04:28:36,2023-08-22 04:30:36,2023-08-22 19:31:06,2023-08-22 04:31:49,2,3,Ready to use Software,Tier 1,Germany,15.04,3,0,0,1,2019-11-20,Senior,,
Resolved,TKT-2935,Medium,Chat,Pricing and licensing,Nicola Wane,2023-08-23 14:28:02,2023-08-24 14:28:02,2023-08-23 14:30:02,2023-08-28 04:44:55,2023-08-23 14:28:32,8,,Custom software development,Tier 1,Republic of Ireland,110.28,0,0,1,0,2021-03-12,Mid-Level,,
Closed,TKT-2936,Low,Email,Product setup,Adolpho Messingham,2023-08-23 17:19:57,2023-08-25 17:19:57,2023-08-23 18:19:57,2023-08-25 13:45:47,2023-08-23 18:17:06,2,3,Other,Tier 2,Greece,44.43,57,0,0,0,2020-05-15,Mid-Level,,
Resolved,TKT-2937,Low,Email,Pricing and licensing,Connor Danielovitch,2023-08-23 12:29:57,2023-08-25 12:29:57,2023-08-23 13:29:57,2023-08-24 00:34:10,2023-08-23 13:29:42,9,,Custom software development,Tier 1,Austria,12.07,60,0,0,0,2018-02-15,Senior,,
Resolved,TKT-2938,Low,Chat,Purchasing and invoicing,Adolpho Messingham,2023-08-23 09:04:37,2023-08-24 09:04:37,2023-08-23 09:06:37,2023-08-24 04:20:45,2023-08-23 09:06:32,5,,Custom software development,Tier 2,Italy,19.27,2,0,0,0,2020-05-15,Mid-Level,,
Resolved,TKT-2939,Low,Email,Feature request,Kristos Westoll,2023-08-23 10:00:28,2023-08-25 10:00:28,2023-08-23 11:00:28,2023-08-23 20:05:52,2023-08-23 10:31:49,4,,Ready to use Software,Tier 1,Czech Republic,10.09,31,0,0,0,2021-10-18,Mid-Level,,
In Progress,TKT-2940,Medium,Chat,Product setup,Bernard Beckley,2023-08-23 06:34:06,2023-08-24 06:34:06,2023-08-23 06:36:06,,2023-08-23 06:34:34,5,,Ready to use Software,Tier 1,France,,0,0,,0,2019-11-20,Senior,,
In Progress,TKT-2941,Low,Email,Product setup,Kristos Westoll,2023-08-23 02:51:32,2023-08-25 02:51:32,2023-08-23 03:51:32,,2023-08-23 04:03:56,8,,Training and Consulting Services,Tier 1,Greece,,72,0,,1,2021-10-18,Mid-Level,,
Resolved,TKT-2942,Medium,Email,Pricing and licensing,Kristos Westoll,2023-08-23 09:34:18,2023-08-25 09:34:18,2023-08-23 10:34:18,2023-08-28 10:56:14,2023-08-23 09:35:53,1,,Ready to use Software,Tier 1,France,121.37,2,1,1,0,2021-10-18,Mid-Level,,
Closed,TKT-2943,Medium,Email,Training request,Kristos Westoll,2023-08-23 00:12:56,2023-08-25 00:12:56,2023-08-23 01:12:56,2023-08-26 18:56:39,2023-08-23 00:34:26,5,1,Training and Consulting Services,Tier 1,Republic of Ireland,90.73,21,0,1,0,2021-10-18,Mid-Level,,
Closed,TKT-2944,Low,Chat,Pricing and licensing,Bernard Beckley,2023-08-23 19:12:17,2023-08-24 19:12:17,2023-08-23 19:14:17,2023-08-24 07:12:15,2023-08-23 19:14:11,9,1,Custom software development,Tier 1,Italy,12,2,0,0,0,2019-11-20,Senior,,
Resolved,TKT-2945,High,Chat,Bug report,Connor Danielovitch,2023-08-23 18:56:26,2023-08-24 18:56:26,2023-08-23 18:58:26,2023-08-23 23:23:29,2023-08-23 18:57:39,7,,Ready to use Software,Tier 1,France,4.45,1,0,0,0,2018-02-15,Senior,,
Closed,TKT-2946,Low,Phone,Product setup,Michele Whyatt,2023-08-24 01:23:22,2023-08-26 01:23:22,2023-08-24 01:25:22,2023-08-25 14:20:48,2023-08-24 01:23:47,7,4,Ready to use Software,Tier 2,Greece,36.96,0,0,0,0,2022-04-10,Junior,,
Closed,TKT-2947,Medium,Email,Pricing and licensing,Kristos Westoll,2023-08-24 17:27:43,2023-08-26 17:27:43,2023-08-24 18:27:43,2023-08-26 03:40:22,2023-08-24 17:51:53,3,1,Custom software development,Tier 1,Germany,34.21,24,0,0,0,2021-10-18,Mid-Level,,
Closed,TKT-2948,Medium,Chat,Product setup,Michele Whyatt,2023-08-24 16:51:43,2023-08-25 16:51:43,2023-08-24 16:53:43,2023-08-25 08:09:05,2023-08-24 16:52:03,6,1,Training and Consulting Services,Tier 2,Republic of Ireland,15.29,0,0,0,0,2022-04-10,Junior,,
Resolved,TKT-2949,Low,Chat,Bug report,Adolpho Messingham,2023-08-24 09:50:49,2023-08-25 09:50:49,2023-08-24 09:52:49,2023-08-25 17:01:38,2023-08-24 09:53:13,9,,Custom software development,Tier 2,Slovenia,31.18,2,0,1,1,2020-05-15,Mid-Level,,
Closed,TKT-2950,Low,Chat,Product setup,Kristos Westoll,2023-08-24 08:02:10,2023-08-25 08:02:10,2023-08-24 08:04:10,2023-08-24 18:43:58,2023-08-24 08:03:47,8,2,Ready to use Software,Tier 1,Spain,10.7,2,0,0,0,2021-10-18,Mid-Level,,
Resolved,TKT-2951,High,Email,Product setup,Nicola Wane,2023-08-24 18:11:52,2023-08-26 18:11:52,2023-08-24 19:11:52,2023-08-28 03:52:45,2023-08-24 18:39:54,8,,Training and Consulting Services,Tier 1,Germany,81.68,28,0,1,0,2021-03-12,Mid-Level,,
Closed,TKT-2952,Medium,Email,Product setup,Connor Danielovitch,2023-08-24 07:11:36,2023-08-26 07:11:36,2023-08-24 08:11:36,2023-08-26 03:09:55,2023-08-24 07:58:25,3,4,Other,Tier 1,Slovenia,43.97,47,0,0,0,2018-02-15,Senior,,
In Progress,TKT-2953,Low,Phone,Product setup,Bernard Beckley,2023-08-24 06:44:24,2023-08-26 06:44:24,2023-08-24 06:46:24,,2023-08-24 06:46:05,3,,Ready to use Software,Tier 1,Czech Republic,,2,0,,0,2019-11-20,Senior,,
Closed,TKT-2954,High,Email,Bug report,Kristos Westoll,2023-08-24 00:09:49,2023-08-26 00:09:49,2023-08-24 01:09:49,2023-08-24 01:16:24,2023-08-24 05:49:01,9,2,Ready to use Software,Tier 1,Germany,1.11,339,0,0,1,2021-10-18,Mid-Level,,
Resolved,TKT-2955,High,Email,Purchasing and invoicing,Bernard Beckley,2023-08-24 04:59:59,2023-08-26 04:59:59,2023-08-24 05:59:59,2023-08-25 10:26:24,2023-08-24 05:10:38,9,,Other,Tier 1,Czech Republic,29.44,11,0,0,0,2019-11-20,Senior,,
Closed,TKT-2956,Medium,Chat,Product setup,Connor Danielovitch,2023-08-24 03:29:42,2023-08-25 03:29:42,2023-08-24 03:31:42,2023-08-24 20:36:37,2023-08-24 08:07:33,2,4,Training and Consulting Services,Tier 1,Bulgaria,17.12,278,0,0,1,2018-02-15,Senior,,
Closed,TKT-2957,Low,Email,Pricing and licensing,Sheela Cutten,2023-08-25 18:54:17,2023-08-27 18:54:17,2023-08-25 19:54:17,2023-08-27 00:36:23,2023-08-25 19:10:38,1,3,Training and Consulting Services,Tier 1,Czech Republic,29.7,16,1,0,0,2019-07-10,Senior,,
Closed,TKT-2958,Low,Chat,Pricing and licensing,Kristos Westoll,2023-08-25 19:31:27,2023-08-26 19:31:27,2023-08-25 19:33:27,2023-08-31 12:37:19,2023-08-25 19:32:56,6,4,Ready to use Software,Tier 1,Slovenia,137.1,1,0,1,0,2021-10-18,Mid-Level,,
Resolved,TKT-2959,Low,Email,Pricing and licensing,Nicola Wane,2023-08-25 21:09:36,2023-08-27 21:09:36,2023-08-25 22:09:36,2023-08-26 10:21:37,2023-08-25 21:50:24,2,,Custom software development,Tier 1,United Kingdom,13.2,41,0,0,0,2021-03-12,Mid-Level,,
Resolved,TKT-2960,Low,Email,Feature request,Adolpho Messingham,2023-08-25 20:56:12,2023-08-27 20:56:12,2023-08-25 21:56:12,2023-08-25 22:37:28,2023-08-25 21:21:58,9,,Other,Tier 2,Germany,1.69,26,0,0,0,2020-05-15,Mid-Level,,
Resolved,TKT-2961,Low,Email,Product setup,Bernard Beckley,2023-08-25 22:55:35,2023-08-27 22:55:35,2023-08-25 23:55:35,2023-08-26 20:02:32,2023-08-25 23:18:33,3,,Training and Consulting Services,Tier 1,Italy,21.12,23,0,0,0,2019-11-20,Senior,,
Resolved,TKT-2962,Low,Chat,Bug report,Connor Danielovitch,2023-08-26 01:17:34,2023-08-27 01:17:34,2023-08-26 01:19:34,2023-08-26 15:47:49,2023-08-26 01:18:44,9,,Custom software development,Tier 1,Germany,14.5,1,0,0,0,2018-02-15,Senior,,
Closed,TKT-2974,Medium,Chat,Product setup,Bernard Beckley,2023-08-27 12:53:28,2023-08-28 12:53:28,2023-08-27 12:55:28,2023-08-27 16:18:23,2023-08-27 12:54:21,60,3,Ready to use Software,Tier 1,United Kingdom,3.42,1,0,0,0,2019-11-20,Senior,,
Closed,TKT-2975,High,Email,Purchasing and invoicing,Connor Danielovitch,2023-08-27 12:42:24,2023-08-29 12:42:24,2023-08-27 13:42:24,2023-08-28 22:19:13,2023-08-27 13:08:21,6,5,Custom software development,Tier 1,Germany,33.61,26,0,0,0,2018-02-15,Senior,,
In Progress,TKT-2976,Medium,Chat,Bug report,Heather Urry,2023-08-28 12:32:47,2023-08-29 12:32:47,2023-08-28 12:34:47,,2023-08-28 12:34:29,8,,Ready to use Software,Tier 2,Bulgaria,,2,0,,0,2022-09-25,Junior,,
Resolved,TKT-2977,Low,Phone,Purchasing and invoicing,Nicola Wane,2023-08-28 21:46:09,2023-08-30 21:46:09,2023-08-28 21:48:09,2023-08-29 20:48:50,2023-08-28 21:47:20,1,,Custom software development,Tier 1,France,23.04,1,1,0,0,2021-03-12,Mid-Level,,
In Progress,TKT-2978,Low,Email,Feature request,Connor Danielovitch,2023-08-28 12:12:43,2023-08-30 12:12:43,2023-08-28 13:12:43,,2023-08-28 12:19:40,3,,Custom software development,Tier 1,Spain,,7,0,,0,2018-02-15,Senior,,
Resolved,TKT-2979,Low,Chat,Product setup,Nicola Wane,2023-08-28 05:34:03,2023-08-29 05:34:03,2023-08-28 05:36:03,2023-08-29 12:19:38,2023-08-28 05:34:24,7,,Other,Tier 1,Italy,30.76,0,0,1,0,2021-03-12,Mid-Level,,
Closed,TKT-2980,Medium,Email,Training request,Bernard Beckley,2023-08-28 01:24:31,2023-08-30 01:24:31,2023-08-28 02:24:31,2023-08-29 08:50:13,2023-08-28 02:03:11,9,4,Training and Consulting Services,Tier 1,Republic of Ireland,31.43,39,0,0,0,2019-11-20,Senior,,
Resolved,TKT-2981,High,Chat,Pricing and licensing,Kristos Westoll,2023-08-28 09:07:20,2023-08-29 09:07:20,2023-08-28 09:09:20,2023-08-29 07:38:16,2023-08-28 09:12:47,2,,Ready to use Software,Tier 1,Bulgaria,22.52,5,0,0,1,2021-10-18,Mid-Level,,
In Progress,TKT-2982,Medium,Email,Product setup,Connor Danielovitch,2023-08-28 10:05:38,2023-08-30 10:05:38,2023-08-28 11:05:38,,2023-08-28 10:21:38,10,,Ready to use Software,Tier 1,Spain,,16,0,,0,2018-02-15,Senior,,
In Progress,TKT-2983,Low,Phone,Other,Bernard Beckley,2023-08-28 19:45:35,2023-08-30 19:45:35,2023-08-28 19:47:35,,2023-08-28 19:50:55,5,,Training and Consulting Services,Tier 1,Germany,,5,0,,1,2019-11-20,Senior,,
Closed,TKT-2984,Low,Email,Product setup,Bernard Beckley,2023-08-29 08:29:05,2023-08-31 08:29:05,2023-08-29 09:29:05,2023-08-31 00:22:22,2023-08-29 08:55:18,6,4,Ready to use Software,Tier 1,Slovenia,39.89,26,0,0,0,2019-11-20,Senior,,
In Progress,TKT-2985,Low,Email,Pricing and licensing,Adolpho Messingham,2023-08-29 06:58:39,2023-08-31 06:58:39,2023-08-29 07:58:39,,2023-08-29 07:15:24,1,,Ready to use Software,Tier 2,Bulgaria,,17,1,,0,2020-05-15,Mid-Level,,
Closed,TKT-2986,Low,Email,Pricing and licensing,Connor Danielovitch,2023-08-29 11:45:15,2023-08-31 11:45:15,2023-08-29 12:45:15,2023-08-31 07:00:13,2023-08-29 11:59:05,2,3,Ready to use Software,Tier 1,Poland,43.25,14,0,0,0,2018-02-15,Senior,,
Resolved,TKT-2987,Medium,Chat,Bug report,Nicola Wane,2023-08-29 05:25:56,2023-08-30 05:25:56,2023-08-29 05:27:56,2023-08-31 05:38:12,2023-08-29 05:26:50,8,,Custom software development,Tier 1,Poland,48.2,1,0,1,0,2021-03-12,Mid-Level,,
Resolved,TKT-2988,Medium,Chat,Training request,Connor Danielovitch,2023-08-29 08:19:53,2023-08-30 08:19:53,2023-08-29 08:21:53,2023-08-29 20:58:18,2023-08-29 08:25:33,2,,Training and Consulting Services,Tier 1,Italy,12.64,6,0,0,1,2018-02-15,Senior,,
Resolved,TKT-2989,High,Email,Product setup,Adolpho Messingham,2023-08-29 05:38:56,2023-08-31 05:38:56,2023-08-29 06:38:56,2023-08-29 12:09:42,2023-08-29 05:58:09,6,,Ready to use Software,Tier 2,Italy,6.51,19,0,0,0,2020-05-15,Mid-Level,,
Closed,TKT-2990,Medium,Email,Other,Nicola Wane,2023-08-29 22:00:38,2023-08-31 22:00:38,2023-08-29 23:00:38,2023-08-30 06:38:55,2023-08-29 22:48:25,9,2,Ready to use Software,Tier 1,Austria,8.64,48,0,0,0,2021-03-12,Mid-Level,,
Closed,TKT-2991,Medium,Email,Feature request,Heather Urry,2023-08-30 21:41:11,2023-09-01 21:41:11,2023-08-30 22:41:11,2023-09-01 06:32:20,2023-08-30 22:33:12,3,5,Ready to use Software,Tier 2,United Kingdom,32.85,52,0,0,0,2022-09-25,Junior,,
Closed,TKT-2992,Low,Phone,Purchasing and invoicing,Sheela Cutten,2023-08-30 17:06:02,2023-09-01 17:06:02,2023-08-30 17:08:02,2023-08-31 18:10:36,2023-08-30 17:07:11,3,3,Ready to use Software,Tier 1,United Kingdom,25.08,1,0,0,0,2019-07-10,Senior,,
Closed,TKT-2993,Medium,Email,Pricing and licensing,Bernard Beckley,2023-08-30 10:31:49,2023-09-01 10:31:49,2023-08-30 11:31:49,2023-09-02 00:27:52,2023-08-30 11:27:57,1,3,Ready to use Software,Tier 1,Austria,61.93,56,1,1,0,2019-11-20,Senior,,
Closed,TKT-2994,Low,Chat,Product setup,Adolpho Messingham,2023-08-30 23:45:05,2023-08-31 23:45:05,2023-08-30 23:47:05,2023-09-04 04:57:09,2023-08-30 23:46:52,6,5,Ready to use Software,Tier 2,Republic of Ireland,101.2,2,0,1,0,2020-05-15,Mid-Level,,
Closed,TKT-2995,High,Email,Feature request,Adolpho Messingham,2023-08-30 12:44:26,2023-09-01 12:44:26,2023-08-30 13:44:26,2023-08-30 21:25:57,2023-08-30 13:13:59,2,4,Other,Tier 2,Bulgaria,8.69,30,0,0,0,2020-05-15,Mid-Level,,
Closed,TKT-2996,Low,Chat,Bug report,Heather Urry,2023-08-30 09:09:49,2023-08-31 09:09:49,2023-08-30 09:11:49,2023-08-30 09:48:24,2023-08-30 09:10:43,6,1,Training and Consulting Services,Tier 2,Poland,0.64,1,0,0,0,2022-09-25,Junior,,
In Progress,TKT-2997,Low,Chat,Purchasing and invoicing,Kristos Westoll,2023-08-30 19:32:54,2023-08-31 19:32:54,2023-08-30 19:34:54,,2023-08-30 19:33:09,6,,Other,Tier 1,Austria,,0,0,,0,2021-10-18,Mid-Level,,
Resolved,TKT-2998,Low,Chat,Pricing and licensing,Kristos Westoll,2023-08-30 04:21:13,2023-08-31 04:21:13,2023-08-30 04:23:13,2023-08-31 02:01:37,2023-08-30 04:21:44,7,,Ready to use Software,Tier 1,Republic of Ireland,21.67,1,0,0,0,2021-10-18,Mid-Level,,
Resolved,TKT-2999,Low,Email,Feature request,Nicola Wane,2023-08-30 05:34:14,2023-09-01 05:34:14,2023-08-30 06:34:14,2023-09-02 04:34:12,2023-08-30 05:52:40,1,,Ready to use Software,Tier 1,Italy,71,18,1,1,0,2021-03-12,Mid-Level,,
In Progress,TKT-3000,Low,Phone,Product setup,Nicola Wane,2023-08-31 02:16:21,2023-09-02 02:16:21,2023-08-31 02:18:21,,2023-08-31 02:18:19,1,,Other,Tier 1,Slovenia,,2,1,,0,2021-03-12,Mid-Level,,
Closed,TKT-3001,Low,Email,Feature request,Michele Whyatt,2023-08-31 17:03:27,2023-09-02 17:03:27,2023-08-31 18:03:27,2023-09-01 20:34:28,2023-08-31 22:45:14,5,4,Ready to use Software,Tier 2,Poland,27.52,342,0,0,1,2022-04-10,Junior,,
Resolved,TKT-3002,Medium,Email,Product setup,Connor Danielovitch,2023-08-31 22:11:35,2023-09-02 22:11:35,2023-08-31 23:11:35,2023-09-02 22:06:58,2023-08-31 22:32:56,1,,Ready to use Software,Tier 1,Czech Republic,47.92,21,1,0,0,2018-02-15,Senior,,
Resolved,TKT-3003,Low,Phone,Product setup,Bernard Beckley,2023-08-31 16:32:43,2023-09-02 16:32:43,2023-08-31 16:34:43,2023-09-01 05:33:45,2023-08-31 16:34:37,1,,Ready to use Software,Tier 1,Germany,13.02,2,1,0,0,2019-11-20,Senior,,
In Progress,TKT-3004,High,Chat,Pricing and licensing,Sheela Cutten,2023-08-31 17:52:50,2023-09-01 17:52:50,2023-08-31 17:54:50,,2023-08-31 17:54:36,2,,Custom software development,Tier 1,Austria,,2,0,,0,2019-07-10,Senior,,
Closed,TKT-3005,Medium,Chat,Other,Connor Danielovitch,2023-08-31 06:04:03,2023-09-01 06:04:03,2023-08-31 06:06:03,2023-09-01 03:26:40,2023-08-31 06:05:49,6,3,Ready to use Software,Tier 1,United Kingdom,21.38,2,0,0,0,2018-02-15,Senior,,
Closed,TKT-3006,Medium,Email,Feature request,Nicola Wane,2023-08-31 08:10:53,2023-09-02 08:10:53,2023-08-31 09:10:53,2023-09-05 03:26:59,2023-08-31 08:48:28,4,5,Ready to use Software,Tier 1,Republic of Ireland,115.27,38,0,1,0,2021-03-12,Mid-Level,,
Closed,TKT-3007,High,Email,Feature request,Michele Whyatt,2023-08-31 18:47:17,2023-09-02 18:47:17,2023-08-31 19:47:17,2023-09-01 15:09:03,2023-08-31 19:02:07,2,4,Ready to use Software,Tier 2,Poland,20.36,15,0,0,0,2022-04-10,Junior,,
Closed,TKT-3008,High,Email,Pricing and licensing,Bernard Beckley,2023-09-01 21:09:41,2023-09-03 21:09:41,2023-09-01 22:09:41,2023-09-02 13:06:10,2023-09-01 21:28:35,2,5,Custom software development,Tier 1,United Kingdom,15.94,19,0,0,0,2019-11-20,Senior,,
Closed,TKT-3009,Medium,Email,Bug report,Bernard Beckley,2023-09-01 23:33:18,2023-09-03 23:33:18,2023-09-02 00:33:18,2023-09-06 10:42:38,2023-09-02 00:10:51,4,3,Custom software development,Tier 1,Spain,107.16,38,0,1,0,2019-11-20,Senior,,
Resolved,TKT-3010,Low,Email,Pricing and licensing,Bernard Beckley,2023-09-01 20:08:06,2023-09-03 20:08:06,2023-09-01 21:08:06,2023-09-02 21:15:19,2023-09-01 20:28:44,2,,Custom software development,Tier 1,Austria,25.12,21,0,0,0,2019-11-20,Senior,,
Resolved,TKT-3011,Medium,Phone,Product setup,Connor Danielovitch,2023-09-01 11:39:17,2023-09-03 11:39:17,2023-09-01 11:41:17,2023-09-01 17:16:53,2023-09-01 11:40:57,1,,Other,Tier 1,Italy,5.63,2,1,0,0,2018-02-15,Senior,,
Resolved,TKT-3012,Low,Email,Product setup,Kristos Westoll,2023-09-01 11:16:05,2023-09-03 11:16:05,2023-09-01 12:16:05,2023-09-01 23:46:04,2023-09-01 11:51:10,1,,Training and Consulting Services,Tier 1,France,12.5,35,1,0,0,2021-10-18,Mid-Level,,
Resolved,TKT-3013,Low,Email,Pricing and licensing,Connor Danielovitch,2023-09-01 04:42:18,2023-09-03 04:42:18,2023-09-01 05:42:18,2023-09-02 06:13:10,2023-09-01 05:03:29,1,,Ready to use Software,Tier 1,United Kingdom,25.51,21,1,0,0,2018-02-15,Senior,,
Closed,TKT-3014,High,Email,Product setup,Nicola Wane,2023-09-01 14:27:41,2023-09-03 14:27:41,2023-09-01 15:27:41,2023-09-01 17:35:30,2023-09-01 15:21:21,2,1,Other,Tier 1,United Kingdom,3.13,54,0,0,0,2021-03-12,Mid-Level,,
Closed,TKT-3015,Medium,Email,Pricing and licensing,Sheela Cutten,2023-09-01 15:08:51,2023-09-03 15:08:51,2023-09-01 16:08:51,2023-09-04 10:33:14,2023-09-01 15:51:55,2,3,Ready to use Software,Tier 1,Poland,67.41,43,0,1,0,2019-07-10,Senior,,
Resolved,TKT-3020,Medium,Email,Pricing and licensing,Connor Danielovitch,2023-09-02 17:49:22,2023-09-04 17:49:22,2023-09-02 18:49:22,2023-09-07 13:37:28,2023-09-02 18:28:42,5,,Ready to use Software,Tier 1,Austria,115.8,39,0,1,0,2018-02-15,Senior,,
Closed,TKT-3021,Medium,Chat,Pricing and licensing,Sheela Cutten,2023-09-02 02:22:49,2023-09-03 02:22:49,2023-09-02 02:24:49,2023-09-04 20:20:28,2023-09-02 02:23:51,7,5,Custom software development,Tier 1,Poland,65.96,1,0,1,0,2019-07-10,Senior,,
Closed,TKT-3022,High,Chat,Pricing and licensing,Connor Danielovitch,2023-09-03 16:18:23,2023-09-04 16:18:23,2023-09-03 16:20:23,2023-09-04 07:07:23,2023-09-03 16:18:48,2,4,Custom software development,Tier 1,Slovenia,14.82,0,0,0,0,2018-02-15,Senior,,
Resolved,TKT-3023,Medium,Chat,Feature request,Sheela Cutten,2023-09-03 08:27:59,2023-09-04 08:27:59,2023-09-03 08:29:59,2023-09-03 16:02:16,2023-09-03 08:29:36,9,,Custom software development,Tier 1,Poland,7.57,2,0,0,0,2019-07-10,Senior,,
Resolved,TKT-3024,Medium,Chat,Product setup,Adolpho Messingham,2023-09-03 14:17:38,2023-09-04 14:17:38,2023-09-03 14:19:38,2023-09-08 08:46:18,2023-09-03 14:19:03,6,,Custom software development,Tier 2,France,114.48,1,0,1,0,2020-05-15,Mid-Level,,
Closed,TKT-3025,Low,Email,Bug report,Kristos Westoll,2023-09-03 11:23:01,2023-09-05 11:23:01,2023-09-03 12:23:01,2023-09-04 17:15:40,2023-09-03 11:48:06,6,1,Custom software development,Tier 1,Republic of Ireland,29.88,25,0,0,0,2021-10-18,Mid-Level,,
Closed,TKT-3026,Low,Chat,Feature request,Sheela Cutten,2023-09-04 20:05:09,2023-09-05 20:05:09,2023-09-04 20:07:09,2023-09-04 22:39:17,2023-09-04 20:05:40,4,5,Other,Tier 1,Germany,2.57,1,0,0,0,2019-07-10,Senior,,
Resolved,TKT-3027,Low,Chat,Product setup,Connor Danielovitch,2023-09-04 22:18:03,2023-09-05 22:18:03,2023-09-04 22:20:03,2023-09-05 12:33:37,2023-09-04 22:19:18,2,,Ready to use Software,Tier 1,Germany,14.26,1,0,0,0,2018-02-15,Senior,,
Closed,TKT-3028,Low,Phone,Product setup,Kristos Westoll,2023-09-04 01:34:53,2023-09-06 01:34:53,2023-09-04 01:36:53,2023-09-06 13:01:41,2023-09-04 01:40:51,3,5,Ready to use Software,Tier 1,Italy,59.45,6,0,1,1,2021-10-18,Mid-Level,,
Closed,TKT-3029,Low,Email,Feature request,Michele Whyatt,2023-09-04 23:39:26,2023-09-06 23:39:26,2023-09-05 00:39:26,2023-09-06 16:11:46,2023-09-04 23:48:28,7,1,Other,Tier 2,Italy,40.54,9,0,0,0,2022-04-10,Junior,,
Resolved,TKT-3030,Low,Chat,Feature request,Kristos Westoll,2023-09-04 10:55:40,2023-09-05 10:55:40,2023-09-04 10:57:40,2023-09-05 03:16:41,2023-09-04 10:56:32,5,,Custom software development,Tier 1,United Kingdom,16.35,1,0,0,0,2021-10-18,Mid-Level,,
In Progress,TKT-3031,Low,Chat,Purchasing and invoicing,Heather Urry,2023-09-04 10:51:23,2023-09-05 10:51:23,2023-09-04 10:53:23,,2023-09-04 10:52:24,5,,Ready to use Software,Tier 2,Czech Republic,,1,0,,0,2022-09-25,Junior,,
Resolved,TKT-3032,Low,Email,Feature request,Bernard Beckley,2023-09-04 15:27:00,2023-09-06 15:27:00,2023-09-04 16:27:00,2023-09-05 20:58:54,2023-09-04 15:45:33,7,,Ready to use Software,Tier 1,Czech Republic,29.53,19,0,0,0,2019-11-20,Senior,,
Closed,TKT-3033,High,Chat,Purchasing and invoicing,Connor Danielovitch,2023-09-05 06:07:30,2023-09-06 06:07:30,2023-09-05 06:09:30,2023-09-06 02:35:53,2023-09-05 06:09:10,5,5,Other,Tier 1,United Kingdom,20.47,2,0,0,0,2018-02-15,Senior,,
Closed,TKT-3034,Low,Chat,Product setup,Kristos Westoll,2023-09-05 03:58:35,2023-09-06 03:58:35,2023-09-05 04:00:35,2023-09-09 07:52:41,2023-09-05 03:59:03,6,1,Ready to use Software,Tier 1,Spain,99.9,0,0,1,0,2021-10-18,Mid-Level,,
Closed,TKT-3035,Medium,Chat,Pricing and licensing,Connor Danielovitch,2023-09-05 14:43:52,2023-09-06 14:43:52,2023-09-05 14:45:52,2023-09-06 02:18:09,2023-09-05 14:44:37,6,4,Custom software development,Tier 1,Bulgaria,11.57,1,0,0,0,2018-02-15,Senior,,
Closed,TKT-3036,Low,Email,Feature request,Connor Danielovitch,2023-09-06 16:42:58,2023-09-08 16:42:58,2023-09-06 17:42:58,2023-09-09 17:34:18,2023-09-06 17:23:58,6,3,Custom software development,Tier 1,Germany,72.86,41,0,1,0,2018-02-15,Senior,,
Closed,TKT-3037,Medium,Email,Feature request,Michele Whyatt,2023-09-06 17:04:33,2023-09-08 17:04:33,2023-09-06 18:04:33,2023-09-08 11:12:20,2023-09-06 17:42:34,1,5,Ready to use Software,Tier 2,France,42.13,38,1,0,0,2022-04-10,Junior,,
Resolved,TKT-3038,Low,Chat,Bug report,Bernard Beckley,2023-09-06 02:29:17,2023-09-07 02:29:17,2023-09-06 02:31:17,2023-09-06 12:41:40,2023-09-06 02:30:36,5,,Ready to use Software,Tier 1,Italy,10.21,1,0,0,0,2019-11-20,Senior,,
Closed,TKT-3039,Low,Chat,Pricing and licensing,Connor Danielovitch,2023-09-06 15:30:44,2023-09-07 15:30:44,2023-09-06 15:32:44,2023-09-07 02:04:08,2023-09-06 15:31:51,8,4,Custom software development,Tier 1,Germany,10.56,1,0,0,0,2018-02-15,Senior,,
Closed,TKT-3040,Medium,Email,Product setup,Michele Whyatt,2023-09-06 23:22:01,2023-09-08 23:22:01,2023-09-07 00:22:01,2023-09-09 23:58:03,2023-09-06 23:45:20,3,4,Custom software development,Tier 2,Germany,72.6,23,0,1,0,2022-04-10,Junior,,
In Progress,TKT-3041,Medium,Email,Purchasing and invoicing,Heather Urry,2023-09-06 02:31:53,2023-09-08 02:31:53,2023-09-06 03:31:53,,2023-09-07 06:24:37,5,,Ready to use Software,Tier 2,Slovenia,,1673,0,,1,2022-09-25,Junior,,
Resolved,TKT-3042,Medium,Email,Other,Kristos Westoll,2023-09-06 06:16:22,2023-09-08 06:16:22,2023-09-06 07:16:22,2023-09-10 23:23:00,2023-09-06 06:46:59,5,,Ready to use Software,Tier 1,Poland,113.11,31,0,1,0,2021-10-18,Mid-Level,,
Closed,TKT-3043,Medium,Chat,Pricing and licensing,Kristos Westoll,2023-09-07 10:11:05,2023-09-08 10:11:05,2023-09-07 10:13:05,2023-09-07 18:21:56,2023-09-07 10:12:23,6,2,Custom software development,Tier 1,United Kingdom,8.18,1,0,0,0,2021-10-18,Mid-Level,,
Closed,TKT-3044,Medium,Chat,Other,Bernard Beckley,2023-09-07 00:48:48,2023-09-08 00:48:48,2023-09-07 00:50:48,2023-09-07 20:48:25,2023-09-07 00:50:00,6,5,Ready to use Software,Tier 1,France,19.99,1,0,0,0,2019-11-20,Senior,,
Closed,TKT-3045,Low,Phone,Purchasing and invoicing,Nicola Wane,2023-09-07 10:33:10,2023-09-09 10:33:10,2023-09-07 10:35:10,2023-09-08 02:19:44,2023-09-07 10:34:03,1,5,Training and Consulting Services,Tier 1,Italy,15.78,1,1,0,0,2021-03-12,Mid-Level,,
Closed,TKT-3046,Low,Email,Pricing and licensing,Connor Danielovitch,2023-09-07 14:17:03,2023-09-09 14:17:03,2023-09-07 15:17:03,2023-09-07 14:56:00,2023-09-07 14:40:32,2,4,Custom software development,Tier 1,United Kingdom,0.65,23,0,0,0,2018-02-15,Senior,,
Closed,TKT-3047,Low,Phone,Pricing and licensing,Michele Whyatt,2023-09-07 02:32:34,2023-09-09 02:32:34,2023-09-07 02:34:34,2023-09-08 04:10:45,2023-09-07 02:32:35,1,3,Ready to use Software,Tier 2,Czech Republic,25.64,0,1,0,0,2022-04-10,Junior,,
Closed,TKT-3048,Low,Chat,Other,Connor Danielovitch,2023-09-07 08:39:28,2023-09-08 08:39:28,2023-09-07 08:41:28,2023-09-08 07:24:14,2023-09-07 08:41:13,9,5,Custom software development,Tier 1,Slovenia,22.75,2,0,0,0,2018-02-15,Senior,,
Resolved,TKT-3049,Medium,Chat,Bug report,Michele Whyatt,2023-09-07 11:21:45,2023-09-08 11:21:45,2023-09-07 11:23:45,2023-09-12 20:35:51,2023-09-07 11:22:48,5,,Ready to use Software,Tier 2,Slovenia,129.24,1,0,1,0,2022-04-10,Junior,,
In Progress,TKT-3050,Medium,Chat,Product setup,Connor Danielovitch,2023-09-08 06:40:11,2023-09-09 06:40:11,2023-09-08 06:42:11,,2023-09-08 06:41:05,6,,Other,Tier 1,Poland,,1,0,,0,2018-02-15,Senior,,
Closed,TKT-3051,Low,Chat,Feature request,Adolpho Messingham,2023-09-08 09:52:38,2023-09-09 09:52:38,2023-09-08 09:54:38,2023-09-09 04:34:42,2023-09-08 09:54:37,5,4,Ready to use Software,Tier 2,Poland,18.7,2,0,0,0,2020-05-15,Mid-Level,,
Resolved,TKT-3052,Medium,Email,Other,Heather Urry,2023-09-08 08:22:08,2023-09-10 08:22:08,2023-09-08 09:22:08,2023-09-13 10:23:22,2023-09-08 09:08:48,5,,Ready to use Software,Tier 2,United Kingdom,122.02,47,0,1,0,2022-09-25,Junior,,
Closed,TKT-3053,High,Email,Other,Michele Whyatt,2023-09-08 22:51:17,2023-09-10 22:51:17,2023-09-08 23:51:17,2023-09-10 16:49:02,2023-09-08 23:27:09,7,4,Ready to use Software,Tier 2,Poland,41.96,36,0,0,0,2022-04-10,Junior,,
In Progress,TKT-3054,Low,Chat,Pricing and licensing,Connor Danielovitch,2023-09-08 20:21:49,2023-09-09 20:21:49,2023-09-08 20:23:49,,2023-09-08 20:21:56,6,,Other,Tier 1,United Kingdom,,0,0,,0,2018-02-15,Senior,,
In Progress,TKT-3055,Low,Phone,Other,Michele Whyatt,2023-09-09 13:21:44,2023-09-11 13:21:44,2023-09-09 13:23:44,,2023-09-09 13:22:12,2,,Ready to use Software,Tier 2,United Kingdom,,0,0,,0,2022-04-10,Junior,,
In Progress,TKT-3056,Low,Email,Product setup,Nicola Wane,2023-09-09 15:22:52,2023-09-11 15:22:52,2023-09-09 16:22:52,,2023-09-09 15:32:09,3,,Ready to use Software,Tier 1,Spain,,9,0,,0,2021-03-12,Mid-Level,,
Resolved,TKT-3057,Low,Chat,Feature request,Nicola Wane,2023-09-09 07:08:07,2023-09-10 07:08:07,2023-09-09 07:10:07,2023-09-09 14:46:44,2023-09-09 07:08:28,2,,Ready to use Software,Tier 1,Slovenia,7.64,0,0,0,0,2021-03-12,Mid-Level,,
Closed,TKT-3058,High,Phone,Feature request,Nicola Wane,2023-09-09 06:14:30,2023-09-11 06:14:30,2023-09-09 06:16:30,2023-09-10 19:59:49,2023-09-09 06:15:53,3,2,Custom software development,Tier 1,Greece,37.76,1,0,0,0,2021-03-12,Mid-Level,,
In Progress,TKT-3068,High,Chat,Product setup,Adolpho Messingham,2023-09-10 09:12:48,2023-09-11 09:12:48,2023-09-10 09:14:48,,2023-09-10 09:14:34,6,,Custom software development,Tier 2,Poland,,2,0,,0,2020-05-15,Mid-Level,,
Closed,TKT-3069,Medium,Chat,Bug report,Sheela Cutten,2023-09-10 03:13:55,2023-09-11 03:13:55,2023-09-10 03:15:55,2023-09-10 05:16:13,2023-09-10 03:19:46,9,5,Custom software development,Tier 1,Germany,2.04,6,0,0,1,2019-07-10,Senior,,
Resolved,TKT-3070,Medium,Chat,Product setup,Bernard Beckley,2023-09-10 20:22:38,2023-09-11 20:22:38,2023-09-10 20:24:38,2023-09-11 13:21:40,2023-09-10 20:24:13,60,,Ready to use Software,Tier 1,Bulgaria,16.98,2,0,0,0,2019-11-20,Senior,,
Resolved,TKT-3071,Low,Chat,Purchasing and invoicing,Connor Danielovitch,2023-09-10 06:36:03,2023-09-11 06:36:03,2023-09-10 06:38:03,2023-09-11 01:00:26,2023-09-10 06:36:14,5,,Ready to use Software,Tier 1,Spain,18.41,0,0,0,0,2018-02-15,Senior,,
In Progress,TKT-3072,Medium,Chat,Product setup,Nicola Wane,2023-09-11 12:01:46,2023-09-12 12:01:46,2023-09-11 12:03:46,,2023-09-11 12:02:31,6,,Ready to use Software,Tier 1,Greece,,1,0,,0,2021-03-12,Mid-Level,,
Closed,TKT-3073,Low,Email,Pricing and licensing,Nicola Wane,2023-09-11 06:29:45,2023-09-13 06:29:45,2023-09-11 07:29:45,2023-09-16 18:25:51,2023-09-11 07:09:56,2,5,Ready to use Software,Tier 1,Czech Republic,131.93,40,0,1,0,2021-03-12,Mid-Level,,
Closed,TKT-3074,Low,Chat,Purchasing and invoicing,Connor Danielovitch,2023-09-11 05:40:59,2023-09-12 05:40:59,2023-09-11 05:42:59,2023-09-11 21:48:05,2023-09-11 05:41:12,9,5,Training and Consulting Services,Tier 1,Greece,16.12,0,0,0,0,2018-02-15,Senior,,
Resolved,TKT-3075,Medium,Email,Other,Kristos Westoll,2023-09-11 23:52:07,2023-09-13 23:52:07,2023-09-12 00:52:07,2023-09-17 03:02:18,2023-09-12 00:29:59,1,,Ready to use Software,Tier 1,Austria,123.17,38,1,1,0,2021-10-18,Mid-Level,,
Resolved,TKT-3076,High,Chat,Pricing and licensing,Sheela Cutten,2023-09-11 07:01:21,2023-09-12 07:01:21,2023-09-11 07:03:21,2023-09-11 14:15:28,2023-09-11 07:02:06,4,,Custom software development,Tier 1,Italy,7.24,1,0,0,0,2019-07-10,Senior,,
Resolved,TKT-3077,Low,Email,Bug report,Heather Urry,2023-09-11 00:39:37,2023-09-13 00:39:37,2023-09-11 01:39:37,2023-09-11 21:09:09,2023-09-11 01:36:09,5,,Custom software development,Tier 2,France,20.49,57,0,0,0,2022-09-25,Junior,,
Closed,TKT-3078,Low,Email,Feature request,Adolpho Messingham,2023-09-11 01:52:30,2023-09-13 01:52:30,2023-09-11 02:52:30,2023-09-11 18:22:18,2023-09-11 02:47:23,3,5,Ready to use Software,Tier 2,France,16.5,55,0,0,0,2020-05-15,Mid-Level,,
Closed,TKT-3079,Low,Email,Feature request,Bernard Beckley,2023-09-11 16:12:48,2023-09-13 16:12:48,2023-09-11 17:12:48,2023-09-15 04:22:40,2023-09-11 17:22:54,2,4,Ready to use Software,Tier 1,United Kingdom,84.16,70,0,1,1,2019-11-20,Senior,,
Closed,TKT-3080,Low,Chat,Training request,Connor Danielovitch,2023-09-12 15:14:55,2023-09-13 15:14:55,2023-09-12 15:16:55,2023-09-12 17:40:37,2023-09-12 15:16:10,7,5,Training and Consulting Services,Tier 1,Germany,2.43,1,0,0,0,2018-02-15,Senior,,
Resolved,TKT-3081,High,Chat,Feature request,Bernard Beckley,2023-09-12 23:05:55,2023-09-13 23:05:55,2023-09-12 23:07:55,2023-09-13 09:25:52,2023-09-12 23:10:40,2,,Ready to use Software,Tier 1,Germany,10.33,5,0,0,1,2019-11-20,Senior,,
Resolved,TKT-3082,Low,Chat,Feature request,Adolpho Messingham,2023-09-12 13:30:51,2023-09-13 13:30:51,2023-09-12 13:32:51,2023-09-14 06:04:13,2023-09-12 13:30:54,6,,Other,Tier 2,France,40.56,0,0,1,0,2020-05-15,Mid-Level,,
Closed,TKT-3083,Medium,Chat,Pricing and licensing,Sheela Cutten,2023-09-12 01:42:27,2023-09-13 01:42:27,2023-09-12 01:44:27,2023-09-12 10:53:40,2023-09-12 01:43:06,4,4,Custom software development,Tier 1,Poland,9.19,1,0,0,0,2019-07-10,Senior,,
Closed,TKT-3084,Low,Email,Bug report,Adolpho Messingham,2023-09-12 21:51:21,2023-09-14 21:51:21,2023-09-12 22:51:21,2023-09-14 17:06:18,2023-09-12 22:12:14,10,4,Training and Consulting Services,Tier 2,France,43.25,21,0,0,0,2020-05-15,Mid-Level,,
Closed,TKT-3085,High,Chat,Purchasing and invoicing,Connor Danielovitch,2023-09-12 05:30:01,2023-09-13 05:30:01,2023-09-12 05:32:01,2023-09-12 14:05:41,2023-09-12 05:30:20,6,5,Training and Consulting Services,Tier 1,Greece,8.59,0,0,0,0,2018-02-15,Senior,,
In Progress,TKT-3086,Low,Chat,Feature request,Kristos Westoll,2023-09-12 07:10:41,2023-09-13 07:10:41,2023-09-12 07:12:41,,2023-09-12 07:10:51,5,,Custom software development,Tier 1,Spain,,0,0,,0,2021-10-18,Mid-Level,,
Resolved,TKT-3087,Low,Email,Pricing and licensing,Nicola Wane,2023-09-13 08:10:13,2023-09-15 08:10:13,2023-09-13 09:10:13,2023-09-14 20:28:32,2023-09-13 08:17:35,6,,Ready to use Software,Tier 1,Czech Republic,36.31,7,0,0,0,2021-03-12,Mid-Level,,
Resolved,TKT-3088,Low,Email,Product setup,Bernard Beckley,2023-09-13 07:27:37,2023-09-15 07:27:37,2023-09-13 08:27:37,2023-09-15 04:46:52,2023-09-13 07:52:04,2,,Ready to use Software,Tier 1,Poland,45.32,24,0,0,0,2019-11-20,Senior,,
Resolved,TKT-3089,High,Email,Pricing and licensing,Connor Danielovitch,2023-09-13 22:49:49,2023-09-15 22:49:49,2023-09-13 23:49:49,2023-09-15 12:53:26,2023-09-13 23:39:44,1,,Ready to use Software,Tier 1,Spain,38.06,50,1,0,0,2018-02-15,Senior,,
Closed,TKT-3090,Medium,Email,Pricing and licensing,Nicola Wane,2023-09-13 18:38:56,2023-09-15 18:38:56,2023-09-13 19:38:56,2023-09-18 02:53:51,2023-09-13 19:31:26,3,2,Ready to use Software,Tier 1,Czech Republic,104.25,53,0,1,0,2021-03-12,Mid-Level,,
Closed,TKT-3091,Medium,Email,Bug report,Nicola Wane,2023-09-13 05:38:34,2023-09-15 05:38:34,2023-09-13 06:38:34,2023-09-14 07:09:31,2023-09-13 05:48:28,2,1,Custom software development,Tier 1,France,25.52,10,0,0,0,2021-03-12,Mid-Level,,
Closed,TKT-3092,Medium,Chat,Other,Nicola Wane,2023-09-14 02:24:22,2023-09-15 02:24:22,2023-09-14 02:26:22,2023-09-15 00:20:31,2023-09-14 02:30:21,9,4,Ready to use Software,Tier 1,Austria,21.94,6,0,0,1,2021-03-12,Mid-Level,,
Closed,TKT-3093,Low,Email,Feature request,Adolpho Messingham,2023-09-14 16:22:03,2023-09-16 16:22:03,2023-09-14 17:22:03,2023-09-16 12:27:22,2023-09-14 17:18:30,9,2,Ready to use Software,Tier 2,Poland,44.09,56,0,0,0,2020-05-15,Mid-Level,,
Resolved,TKT-3094,Low,Email,Pricing and licensing,Connor Danielovitch,2023-09-14 01:53:12,2023-09-16 01:53:12,2023-09-14 02:53:12,2023-09-14 21:40:06,2023-09-14 02:04:37,1,,Custom software development,Tier 1,United Kingdom,19.78,11,1,0,0,2018-02-15,Senior,,
In Progress,TKT-3095,Low,Email,Purchasing and invoicing,Bernard Beckley,2023-09-14 12:58:10,2023-09-16 12:58:10,2023-09-14 13:58:10,,2023-09-14 13:27:52,2,,Other,Tier 1,Poland,,30,0,,0,2019-11-20,Senior,,
Closed,TKT-3096,Low,Email,Purchasing and invoicing,Connor Danielovitch,2023-09-15 02:21:22,2023-09-17 02:21:22,2023-09-15 03:21:22,2023-09-15 14:11:00,2023-09-15 02:33:22,2,5,Custom software development,Tier 1,Poland,11.83,12,0,0,0,2018-02-15,Senior,,
In Progress,TKT-3097,Low,Chat,Feature request,Nicola Wane,2023-09-15 23:13:37,2023-09-16 23:13:37,2023-09-15 23:15:37,,2023-09-15 23:13:57,60,,Ready to use Software,Tier 1,Poland,,0,0,,0,2021-03-12,Mid-Level,,
Closed,TKT-3098,High,Chat,Pricing and licensing,Adolpho Messingham,2023-09-15 09:52:42,2023-09-16 09:52:42,2023-09-15 09:54:42,2023-09-19 06:30:03,2023-09-15 09:52:49,6,4,Training and Consulting Services,Tier 2,Slovenia,92.62,0,0,1,0,2020-05-15,Mid-Level,,
Closed,TKT-3099,Medium,Chat,Purchasing and invoicing,Nicola Wane,2023-09-15 02:34:04,2023-09-16 02:34:04,2023-09-15 02:36:04,2023-09-15 22:05:19,2023-09-15 02:34:47,5,2,Ready to use Software,Tier 1,Austria,19.52,1,0,0,0,2021-03-12,Mid-Level,,
Resolved,TKT-3100,Medium,Phone,Pricing and licensing,Kristos Westoll,2023-09-15 12:12:26,2023-09-17 12:12:26,2023-09-15 12:14:26,2023-09-15 19:33:44,2023-09-15 12:13:40,1,,Other,Tier 1,United Kingdom,7.35,1,1,0,0,2021-10-18,Mid-Level,,
Closed,TKT-3101,High,Chat,Pricing and licensing,Sheela Cutten,2023-09-15 07:31:17,2023-09-16 07:31:17,2023-09-15 07:33:17,2023-09-20 16:16:51,2023-09-15 07:31:29,6,3,Training and Consulting Services,Tier 1,Germany,128.76,0,0,1,0,2019-07-10,Senior,,
Closed,TKT-3102,Medium,Chat,Product setup,Sheela Cutten,2023-09-15 09:48:58,2023-09-16 09:48:58,2023-09-15 09:50:58,2023-09-15 20:28:44,2023-09-15 09:50:47,6,4,Ready to use Software,Tier 1,Poland,10.66,2,0,0,0,2019-07-10,Senior,,
Closed,TKT-3103,Low,Phone,Pricing and licensing,Michele Whyatt,2023-09-15 13:32:04,2023-09-17 13:32:04,2023-09-15 13:34:04,2023-09-16 11:18:42,2023-09-15 13:34:25,6,5,Ready to use Software,Tier 2,Czech Republic,21.78,2,0,0,1,2022-04-10,Junior,,
Resolved,TKT-3104,Low,Chat,Purchasing and invoicing,Sheela Cutten,2023-09-16 21:36:50,2023-09-17 21:36:50,2023-09-16 21:38:50,2023-09-19 21:43:44,2023-09-16 21:38:37,6,,Other,Tier 1,Republic of Ireland,72.11,2,0,1,0,2019-07-10,Senior,,
Closed,TKT-3105,Low,Email,Product setup,Heather Urry,2023-09-16 03:27:45,2023-09-18 03:27:45,2023-09-16 04:27:45,2023-09-16 11:23:54,2023-09-16 04:11:40,2,1,Ready to use Software,Tier 2,Spain,7.94,44,0,0,0,2022-09-25,Junior,,
Resolved,TKT-3120,High,Chat,Product setup,Kristos Westoll,2023-09-17 04:00:18,2023-09-18 04:00:18,2023-09-17 04:02:18,2023-09-17 19:22:26,2023-09-17 04:01:33,5,,Other,Tier 1,United Kingdom,15.37,1,0,0,0,2021-10-18,Mid-Level,,
Closed,TKT-3122,Medium,Email,Product setup,Kristos Westoll,2023-09-17 07:39:25,2023-09-19 07:39:25,2023-09-17 08:39:25,2023-09-18 19:40:13,2023-09-17 08:29:39,9,1,Ready to use Software,Tier 1,Italy,36.01,50,0,0,0,2021-10-18,Mid-Level,,
Closed,TKT-3124,Low,Email,Bug report,Nicola Wane,2023-09-18 21:59:50,2023-09-20 21:59:50,2023-09-18 22:59:50,2023-09-19 02:32:02,2023-09-18 22:30:58,2,5,Ready to use Software,Tier 1,Czech Republic,4.54,31,0,0,0,2021-03-12,Mid-Level,,
Closed,TKT-3125,High,Chat,Purchasing and invoicing,Heather Urry,2023-09-18 18:47:16,2023-09-19 18:47:16,2023-09-18 18:49:16,2023-09-18 23:03:29,2023-09-18 18:47:20,5,3,Training and Consulting Services,Tier 2,Bulgaria,4.27,0,0,0,0,2022-09-25,Junior,,
Closed,TKT-3126,Low,Email,Other,Kristos Westoll,2023-09-18 02:37:37,2023-09-20 02:37:37,2023-09-18 03:37:37,2023-09-19 17:43:58,2023-09-18 02:57:42,7,1,Ready to use Software,Tier 1,Bulgaria,39.11,20,0,0,0,2021-10-18,Mid-Level,,
Closed,TKT-3127,Medium,Email,Other,Sheela Cutten,2023-09-18 10:26:53,2023-09-20 10:26:53,2023-09-18 11:26:53,2023-09-20 01:50:52,2023-09-18 11:12:26,3,2,Custom software development,Tier 1,Austria,39.4,46,0,0,0,2019-07-10,Senior,,
Closed,TKT-3128,Medium,Chat,Pricing and licensing,Nicola Wane,2023-09-18 19:11:54,2023-09-19 19:11:54,2023-09-18 19:13:54,2023-09-22 10:01:30,2023-09-18 19:11:57,6,3,Custom software development,Tier 1,Germany,86.83,0,0,1,0,2021-03-12,Mid-Level,,
Resolved,TKT-3130,High,Email,Product setup,Michele Whyatt,2023-09-18 22:00:02,2023-09-20 22:00:02,2023-09-18 23:00:02,2023-09-20 01:54:30,2023-09-18 22:12:46,2,,Training and Consulting Services,Tier 2,Austria,27.91,13,0,0,0,2022-04-10,Junior,,
Closed,TKT-3132,Low,Chat,Training request,Nicola Wane,2023-09-18 06:51:24,2023-09-19 06:51:24,2023-09-18 06:53:24,2023-09-21 03:38:35,2023-09-18 06:54:55,9,2,Training and Consulting Services,Tier 1,Germany,68.79,4,0,1,1,2021-03-12,Mid-Level,,
Closed,TKT-3133,Medium,Email,Product setup,Sheela Cutten,2023-09-18 11:31:34,2023-09-20 11:31:34,2023-09-18 12:31:34,2023-09-18 20:58:58,2023-09-18 15:25:30,3,5,Ready to use Software,Tier 1,Slovenia,9.46,234,0,0,1,2019-07-10,Senior,,
Closed,TKT-3134,High,Email,Other,Bernard Beckley,2023-09-18 14:49:08,2023-09-20 14:49:08,2023-09-18 15:49:08,2023-09-20 17:39:53,2023-09-18 14:51:21,2,4,Training and Consulting Services,Tier 1,Bulgaria,50.85,2,0,1,0,2019-11-20,Senior,,
In Progress,TKT-3135,Low,Email,Product setup,Sheela Cutten,2023-09-19 11:41:28,2023-09-21 11:41:28,2023-09-19 12:41:28,,2023-09-19 11:59:26,10,,Other,Tier 1,Italy,,18,0,,0,2019-07-10,Senior,,
Closed,TKT-3136,High,Email,Feature request,Michele Whyatt,2023-09-19 07:00:57,2023-09-21 07:00:57,2023-09-19 08:00:57,2023-09-20 20:49:38,2023-09-19 07:57:24,2,4,Ready to use Software,Tier 2,Spain,37.81,56,0,0,0,2022-04-10,Junior,,
Resolved,TKT-3137,Medium,Chat,Pricing and licensing,Connor Danielovitch,2023-09-19 05:34:04,2023-09-20 05:34:04,2023-09-19 05:36:04,2023-09-20 03:17:58,2023-09-19 05:34:37,2,,Ready to use Software,Tier 1,Poland,21.73,1,0,0,0,2018-02-15,Senior,,
Closed,TKT-3138,High,Email,Pricing and licensing,Michele Whyatt,2023-09-20 01:36:50,2023-09-22 01:36:50,2023-09-20 02:36:50,2023-09-21 04:46:41,2023-09-20 01:52:16,1,1,Custom software development,Tier 2,Republic of Ireland,27.16,15,1,0,0,2022-04-10,Junior,,
Closed,TKT-3139,Low,Email,Other,Heather Urry,2023-09-20 05:23:18,2023-09-22 05:23:18,2023-09-20 06:23:18,2023-09-22 01:56:51,2023-09-20 06:23:18,1,1,Training and Consulting Services,Tier 2,Czech Republic,44.56,60,1,0,0,2022-09-25,Junior,,
Resolved,TKT-3141,Low,Phone,Feature request,Heather Urry,2023-09-20 11:15:58,2023-09-22 11:15:58,2023-09-20 11:17:58,2023-09-20 13:19:07,2023-09-20 11:20:18,1,,Other,Tier 2,Republic of Ireland,2.05,4,1,0,1,2022-09-25,Junior,,
In Progress,TKT-3142,Medium,Chat,Product setup,Heather Urry,2023-09-20 15:41:51,2023-09-21 15:41:51,2023-09-20 15:43:51,,2023-09-20 15:42:55,5,,Other,Tier 2,Germany,,1,0,,0,2022-09-25,Junior,,
Closed,TKT-3143,Low,Chat,Feature request,Michele Whyatt,2023-09-20 00:42:32,2023-09-21 00:42:32,2023-09-20 00:44:32,2023-09-20 20:25:12,2023-09-20 00:44:02,8,3,Other,Tier 2,Bulgaria,19.71,1,0,0,0,2022-04-10,Junior,,
Closed,TKT-3144,Medium,Email,Purchasing and invoicing,Nicola Wane,2023-09-21 15:52:27,2023-09-23 15:52:27,2023-09-21 16:52:27,2023-09-22 00:53:21,2023-09-21 16:50:21,2,2,Ready to use Software,Tier 1,Spain,9.01,58,0,0,0,2021-03-12,Mid-Level,,
Resolved,TKT-3145,Medium,Chat,Product setup,Heather Urry,2023-09-21 22:13:48,2023-09-22 22:13:48,2023-09-21 22:15:48,2023-09-22 04:20:05,2023-09-21 22:15:37,60,,Custom software development,Tier 2,Germany,6.1,2,0,0,0,2022-09-25,Junior,,
Closed,TKT-3146,High,Email,Pricing and licensing,Sheela Cutten,2023-09-21 23:10:40,2023-09-23 23:10:40,2023-09-22 00:10:40,2023-09-23 15:42:23,2023-09-22 00:06:17,2,3,Training and Consulting Services,Tier 1,Greece,40.53,56,0,0,0,2019-07-10,Senior,,
Closed,TKT-3147,Medium,Phone,Feature request,Adolpho Messingham,2023-09-21 14:23:24,2023-09-23 14:23:24,2023-09-21 14:25:24,2023-09-22 10:27:57,2023-09-21 14:24:50,6,5,Other,Tier 2,Austria,20.08,1,0,0,0,2020-05-15,Mid-Level,,
Closed,TKT-3148,Medium,Email,Pricing and licensing,Connor Danielovitch,2023-09-21 07:49:40,2023-09-23 07:49:40,2023-09-21 08:49:40,2023-09-26 01:47:18,2023-09-21 08:20:44,1,3,Ready to use Software,Tier 1,Germany,113.96,31,1,1,0,2018-02-15,Senior,,
Closed,TKT-3149,Low,Phone,Feature request,Sheela Cutten,2023-09-21 19:00:10,2023-09-23 19:00:10,2023-09-21 19:02:10,2023-09-22 18:38:30,2023-09-21 19:01:53,1,2,Other,Tier 1,United Kingdom,23.64,2,1,0,0,2019-07-10,Senior,,
Closed,TKT-3150,Low,Phone,Pricing and licensing,Heather Urry,2023-09-21 16:36:25,2023-09-23 16:36:25,2023-09-21 16:38:25,2023-09-24 17:45:03,2023-09-21 16:37:34,1,4,Training and Consulting Services,Tier 2,France,73.14,1,1,1,0,2022-09-25,Junior,,
Closed,TKT-3151,Medium,Phone,Feature request,Connor Danielovitch,2023-09-21 10:25:35,2023-09-23 10:25:35,2023-09-21 10:27:35,2023-09-23 08:50:54,2023-09-21 10:29:59,1,5,Ready to use Software,Tier 1,Germany,46.42,4,1,0,1,2018-02-15,Senior,,
Closed,TKT-3152,Medium,Chat,Pricing and licensing,Michele Whyatt,2023-09-22 01:23:47,2023-09-23 01:23:47,2023-09-22 01:25:47,2023-09-22 15:35:25,2023-09-22 01:29:29,5,4,Custom software development,Tier 2,Italy,14.19,6,0,0,1,2022-04-10,Junior,,
Closed,TKT-3153,Low,Chat,Bug report,Connor Danielovitch,2023-09-22 15:53:36,2023-09-23 15:53:36,2023-09-22 15:55:36,2023-09-25 16:13:57,2023-09-22 15:53:57,8,5,Ready to use Software,Tier 1,United Kingdom,72.34,0,0,1,0,2018-02-15,Senior,,
Closed,TKT-3154,Low,Email,Pricing and licensing,Nicola Wane,2023-09-22 04:05:12,2023-09-24 04:05:12,2023-09-22 05:05:12,2023-09-22 22:10:31,2023-09-22 04:48:27,1,1,Custom software development,Tier 1,Germany,18.09,43,1,0,0,2021-03-12,Mid-Level,,
Resolved,TKT-3155,Low,Phone,Product setup,Nicola Wane,2023-09-22 05:52:08,2023-09-24 05:52:08,2023-09-22 05:54:08,2023-09-22 20:15:41,2023-09-22 05:53:50,3,,Training and Consulting Services,Tier 1,France,14.39,2,0,0,0,2021-03-12,Mid-Level,,
Closed,TKT-3156,High,Phone,Other,Heather Urry,2023-09-22 23:23:44,2023-09-24 23:23:44,2023-09-22 23:25:44,2023-09-23 01:05:47,2023-09-22 23:24:16,3,5,Ready to use Software,Tier 2,United Kingdom,1.7,1,0,0,0,2022-09-25,Junior,,
Resolved,TKT-3157,Medium,Chat,Purchasing and invoicing,Bernard Beckley,2023-09-22 21:49:23,2023-09-23 21:49:23,2023-09-22 21:51:23,2023-09-23 06:59:06,2023-09-22 21:50:19,8,,Ready to use Software,Tier 1,Republic of Ireland,9.16,1,0,0,0,2019-11-20,Senior,,
Closed,TKT-3158,Low,Chat,Pricing and licensing,Kristos Westoll,2023-09-22 19:56:13,2023-09-23 19:56:13,2023-09-22 19:58:13,2023-09-28 15:01:59,2023-09-22 19:56:38,2,5,Custom software development,Tier 1,Poland,139.1,0,0,1,0,2021-10-18,Mid-Level,,
Resolved,TKT-3159,Medium,Email,Product setup,Adolpho Messingham,2023-09-22 01:37:21,2023-09-24 01:37:21,2023-09-22 02:37:21,2023-09-25 10:33:14,2023-09-22 01:50:38,6,,Custom software development,Tier 2,France,80.93,13,0,1,0,2020-05-15,Mid-Level,,
Closed,TKT-3160,Medium,Phone,Purchasing and invoicing,Bernard Beckley,2023-09-22 09:32:02,2023-09-24 09:32:02,2023-09-22 09:34:02,2023-09-24 05:36:07,2023-09-22 09:32:42,1,3,Ready to use Software,Tier 1,Germany,44.07,1,1,0,0,2019-11-20,Senior,,
Resolved,TKT-3161,Low,Chat,Product setup,Connor Danielovitch,2023-09-22 00:55:01,2023-09-23 00:55:01,2023-09-22 00:57:01,2023-09-22 14:14:26,2023-09-22 00:55:41,6,,Training and Consulting Services,Tier 1,Spain,13.32,1,0,0,0,2018-02-15,Senior,,
Closed,TKT-3162,Low,Email,Pricing and licensing,Kristos Westoll,2023-09-23 16:45:45,2023-09-25 16:45:45,2023-09-23 17:45:45,2023-09-27 05:04:33,2023-09-23 16:55:13,5,1,Ready to use Software,Tier 1,Spain,84.31,9,0,1,0,2021-10-18,Mid-Level,,
Closed,TKT-3163,Low,Email,Feature request,Michele Whyatt,2023-09-23 00:34:40,2023-09-25 00:34:40,2023-09-23 01:34:40,2023-09-24 23:12:17,2023-09-23 01:32:33,10,4,Other,Tier 2,Greece,46.63,58,0,0,0,2022-04-10,Junior,,
Closed,TKT-3164,Low,Email,Purchasing and invoicing,Michele Whyatt,2023-09-23 01:32:55,2023-09-25 01:32:55,2023-09-23 02:32:55,2023-09-24 07:19:52,2023-09-23 02:00:10,1,4,Ready to use Software,Tier 2,United Kingdom,29.78,27,1,0,0,2022-04-10,Junior,,
In Progress,TKT-3178,Low,Email,Product setup,Bernard Beckley,2023-09-24 19:44:22,2023-09-26 19:44:22,2023-09-24 20:44:22,,2023-09-24 20:33:09,7,,Other,Tier 1,Germany,,49,0,,0,2019-11-20,Senior,,
Closed,TKT-3179,Medium,Chat,Pricing and licensing,Michele Whyatt,2023-09-24 03:25:42,2023-09-25 03:25:42,2023-09-24 03:27:42,2023-09-25 01:19:16,2023-09-24 03:27:06,60,5,Custom software development,Tier 2,United Kingdom,21.89,1,0,0,0,2022-04-10,Junior,,
In Progress,TKT-3180,Low,Chat,Pricing and licensing,Connor Danielovitch,2023-09-24 21:16:42,2023-09-25 21:16:42,2023-09-24 21:18:42,,2023-09-24 21:18:30,8,,Custom software development,Tier 1,Germany,,2,0,,0,2018-02-15,Senior,,
Closed,TKT-3181,Low,Chat,Product setup,Adolpho Messingham,2023-09-25 10:35:13,2023-09-26 10:35:13,2023-09-25 10:37:13,2023-09-26 02:54:58,2023-09-25 10:36:36,7,4,Training and Consulting Services,Tier 2,Italy,16.33,1,0,0,0,2020-05-15,Mid-Level,,
Closed,TKT-3182,High,Email,Feature request,Nicola Wane,2023-09-25 15:13:39,2023-09-27 15:13:39,2023-09-25 16:13:39,2023-09-26 19:59:34,2023-09-25 15:40:03,2,5,Custom software development,Tier 1,Austria,28.77,26,0,0,0,2021-03-12,Mid-Level,,
In Progress,TKT-3183,High,Email,Purchasing and invoicing,Kristos Westoll,2023-09-25 01:25:06,2023-09-27 01:25:06,2023-09-25 02:25:06,,2023-09-25 01:27:56,2,,Training and Consulting Services,Tier 1,Italy,,3,0,,0,2021-10-18,Mid-Level,,
Resolved,TKT-3184,Medium,Chat,Purchasing and invoicing,Heather Urry,2023-09-25 03:28:54,2023-09-26 03:28:54,2023-09-25 03:30:54,2023-09-25 14:49:07,2023-09-25 03:30:36,2,,Other,Tier 2,United Kingdom,11.34,2,0,0,0,2022-09-25,Junior,,
Resolved,TKT-3185,Low,Phone,Purchasing and invoicing,Kristos Westoll,2023-09-25 03:57:29,2023-09-27 03:57:29,2023-09-25 03:59:29,2023-09-27 19:05:47,2023-09-25 04:03:16,1,,Custom software development,Tier 1,Slovenia,63.14,6,1,1,1,2021-10-18,Mid-Level,,
Resolved,TKT-3186,Low,Phone,Product setup,Nicola Wane,2023-09-25 05:24:37,2023-09-27 05:24:37,2023-09-25 05:26:37,2023-09-25 17:23:43,2023-09-25 05:25:35,4,,Ready to use Software,Tier 1,Spain,11.98,1,0,0,0,2021-03-12,Mid-Level,,
Closed,TKT-3187,Medium,Chat,Bug report,Kristos Westoll,2023-09-25 15:07:49,2023-09-26 15:07:49,2023-09-25 15:09:49,2023-09-26 04:31:54,2023-09-25 15:09:37,6,1,Custom software development,Tier 1,Poland,13.4,2,0,0,0,2021-10-18,Mid-Level,,
Closed,TKT-3188,Low,Phone,Feature request,Sheela Cutten,2023-09-25 09:47:27,2023-09-27 09:47:27,2023-09-25 09:49:27,2023-09-25 18:31:03,2023-09-25 09:47:36,1,4,Custom software development,Tier 1,Bulgaria,8.73,0,1,0,0,2019-07-10,Senior,,
Resolved,TKT-3189,Low,Chat,Pricing and licensing,Bernard Beckley,2023-09-25 15:40:01,2023-09-26 15:40:01,2023-09-25 15:42:01,2023-09-26 06:33:03,2023-09-25 15:41:08,4,,Custom software development,Tier 1,Poland,14.88,1,0,0,0,2019-11-20,Senior,,
Closed,TKT-3190,Low,Email,Purchasing and invoicing,Connor Danielovitch,2023-09-26 22:51:15,2023-09-28 22:51:15,2023-09-26 23:51:15,2023-09-27 07:56:17,2023-09-26 23:07:18,1,3,Custom software development,Tier 1,Republic of Ireland,9.08,16,1,0,0,2018-02-15,Senior,,
Closed,TKT-3191,Medium,Email,Pricing and licensing,Kristos Westoll,2023-09-26 15:34:41,2023-09-28 15:34:41,2023-09-26 16:34:41,2023-10-01 09:36:11,2023-09-26 16:24:50,1,5,Other,Tier 1,Bulgaria,114.02,50,1,1,0,2021-10-18,Mid-Level,,
Closed,TKT-3192,Medium,Email,Product setup,Bernard Beckley,2023-09-26 17:16:49,2023-09-28 17:16:49,2023-09-26 18:16:49,2023-09-27 06:30:47,2023-09-26 17:53:49,7,1,Ready to use Software,Tier 1,Bulgaria,13.23,37,0,0,0,2019-11-20,Senior,,
Closed,TKT-3193,Low,Phone,Feature request,Michele Whyatt,2023-09-26 11:00:11,2023-09-28 11:00:11,2023-09-26 11:02:11,2023-09-28 03:55:07,2023-09-26 11:00:21,6,4,Other,Tier 2,Bulgaria,40.92,0,0,0,0,2022-04-10,Junior,,
In Progress,TKT-3194,Low,Email,Product setup,Connor Danielovitch,2023-09-26 12:56:07,2023-09-28 12:56:07,2023-09-26 13:56:07,,2023-09-26 13:15:00,2,,Ready to use Software,Tier 1,Czech Republic,,19,0,,0,2018-02-15,Senior,,
Resolved,TKT-3196,Medium,Email,Other,Michele Whyatt,2023-09-27 01:56:05,2023-09-29 01:56:05,2023-09-27 02:56:05,2023-09-28 04:08:42,2023-09-27 02:42:28,2,,Custom software development,Tier 2,Spain,26.21,46,0,0,0,2022-04-10,Junior,,
In Progress,TKT-3197,Low,Email,Feature request,Nicola Wane,2023-09-27 22:45:17,2023-09-29 22:45:17,2023-09-27 23:45:17,,2023-09-27 23:26:04,5,,Ready to use Software,Tier 1,United Kingdom,,41,0,,0,2021-03-12,Mid-Level,,
Closed,TKT-3198,Low,Chat,Bug report,Bernard Beckley,2023-09-27 05:29:59,2023-09-28 05:29:59,2023-09-27 05:31:59,2023-09-30 12:01:12,2023-09-27 05:33:14,7,1,Ready to use Software,Tier 1,United Kingdom,78.52,3,0,1,1,2019-11-20,Senior,,
Closed,TKT-3200,High,Chat,Pricing and licensing,Michele Whyatt,2023-09-27 06:14:51,2023-09-28 06:14:51,2023-09-27 06:16:51,2023-09-27 21:31:15,2023-09-27 06:19:46,2,5,Ready to use Software,Tier 2,Greece,15.27,5,0,0,1,2022-04-10,Junior,,
Closed,TKT-3201,Medium,Chat,Pricing and licensing,Adolpho Messingham,2023-09-27 05:52:12,2023-09-28 05:52:12,2023-09-27 05:54:12,2023-10-03 04:32:54,2023-09-27 05:54:09,2,5,Training and Consulting Services,Tier 2,Poland,142.68,2,0,1,0,2020-05-15,Mid-Level,,
Resolved,TKT-3202,High,Chat,Product setup,Bernard Beckley,2023-09-27 09:00:12,2023-09-28 09:00:12,2023-09-27 09:02:12,2023-09-28 01:56:50,2023-09-27 09:01:38,6,,Ready to use Software,Tier 1,Bulgaria,16.94,1,0,0,0,2019-11-20,Senior,,
In Progress,TKT-3203,Low,Chat,Pricing and licensing,Kristos Westoll,2023-09-27 10:58:40,2023-09-28 10:58:40,2023-09-27 11:00:40,,2023-09-27 11:00:24,6,,Custom software development,Tier 1,France,,2,0,,0,2021-10-18,Mid-Level,,
Closed,TKT-3204,Low,Email,Bug report,Heather Urry,2023-09-27 00:18:02,2023-09-29 00:18:02,2023-09-27 01:18:02,2023-09-28 05:08:58,2023-09-27 00:49:10,9,4,Training and Consulting Services,Tier 2,Poland,28.85,31,0,0,0,2022-09-25,Junior,,
Closed,TKT-3205,Low,Email,Purchasing and invoicing,Sheela Cutten,2023-09-27 14:36:20,2023-09-29 14:36:20,2023-09-27 15:36:20,2023-09-29 04:48:30,2023-09-27 15:13:43,3,3,Training and Consulting Services,Tier 1,France,38.2,37,0,0,0,2019-07-10,Senior,,
In Progress,TKT-3206,Medium,Chat,Product setup,Kristos Westoll,2023-09-28 11:38:17,2023-09-29 11:38:17,2023-09-28 11:40:17,,2023-09-28 11:40:12,2,,Ready to use Software,Tier 1,Slovenia,,2,0,,0,2021-10-18,Mid-Level,,
Closed,TKT-3207,Low,Chat,Purchasing and invoicing,Kristos Westoll,2023-09-28 02:28:25,2023-09-29 02:28:25,2023-09-28 02:30:25,2023-09-28 10:03:25,2023-09-28 02:33:31,5,4,Custom software development,Tier 1,Poland,7.58,5,0,0,1,2021-10-18,Mid-Level,,
Resolved,TKT-3208,Medium,Email,Other,Kristos Westoll,2023-09-28 08:07:52,2023-09-30 08:07:52,2023-09-28 09:07:52,2023-09-29 11:54:37,2023-09-28 08:43:25,8,,Other,Tier 1,Bulgaria,27.78,36,0,0,0,2021-10-18,Mid-Level,,
Closed,TKT-3209,High,Email,Product setup,Bernard Beckley,2023-09-28 14:43:00,2023-09-30 14:43:00,2023-09-28 15:43:00,2023-10-02 21:26:33,2023-09-28 15:12:19,1,3,Other,Tier 1,Italy,102.73,29,1,1,0,2019-11-20,Senior,,
Closed,TKT-3210,Low,Email,Pricing and licensing,Bernard Beckley,2023-09-28 18:54:26,2023-09-30 18:54:26,2023-09-28 19:54:26,2023-10-01 16:54:07,2023-09-28 18:56:28,1,1,Custom software development,Tier 1,Poland,69.99,2,1,1,0,2019-11-20,Senior,,
Closed,TKT-3211,Medium,Chat,Training request,Sheela Cutten,2023-09-28 07:43:20,2023-09-29 07:43:20,2023-09-28 07:45:20,2023-09-28 11:39:35,2023-09-28 07:43:58,6,3,Training and Consulting Services,Tier 1,Italy,3.94,1,0,0,0,2019-07-10,Senior,,
In Progress,TKT-3212,Medium,Chat,Pricing and licensing,Nicola Wane,2023-09-28 18:52:08,2023-09-29 18:52:08,2023-09-28 18:54:08,,2023-09-28 18:52:17,4,,Custom software development,Tier 1,Greece,,0,0,,0,2021-03-12,Mid-Level,,
Closed,TKT-3214,Low,Email,Purchasing and invoicing,Kristos Westoll,2023-09-29 01:39:42,2023-10-01 01:39:42,2023-09-29 02:39:42,2023-09-29 18:55:59,2023-09-29 02:14:57,1,2,Other,Tier 1,France,17.27,35,1,0,0,2021-10-18,Mid-Level,,
Closed,TKT-3215,Low,Email,Product setup,Connor Danielovitch,2023-09-29 23:41:14,2023-10-01 23:41:14,2023-09-30 00:41:14,2023-09-30 00:24:52,2023-09-30 00:14:08,9,5,Ready to use Software,Tier 1,United Kingdom,0.73,33,0,0,0,2018-02-15,Senior,,
Resolved,TKT-3216,High,Email,Product setup,Kristos Westoll,2023-09-29 09:45:58,2023-10-01 09:45:58,2023-09-29 10:45:58,2023-09-30 14:43:47,2023-09-29 10:37:03,1,,Training and Consulting Services,Tier 1,Bulgaria,28.96,51,1,0,0,2021-10-18,Mid-Level,,
Closed,TKT-3218,Medium,Email,Pricing and licensing,Kristos Westoll,2023-09-30 01:21:38,2023-10-02 01:21:38,2023-09-30 02:21:38,2023-10-04 22:54:08,2023-09-30 01:59:58,8,5,Ready to use Software,Tier 1,Greece,117.54,38,0,1,0,2021-10-18,Mid-Level,,
Resolved,TKT-3219,Low,Phone,Pricing and licensing,Kristos Westoll,2023-09-30 02:53:40,2023-10-02 02:53:40,2023-09-30 02:55:40,2023-10-05 12:12:59,2023-09-30 02:59:14,1,,Other,Tier 1,Italy,129.32,6,1,1,1,2021-10-18,Mid-Level,,
Closed,TKT-3220,Low,Email,Feature request,Heather Urry,2023-09-30 16:21:10,2023-10-02 16:21:10,2023-09-30 17:21:10,2023-09-30 20:48:13,2023-09-30 17:09:32,6,1,Ready to use Software,Tier 2,France,4.45,48,0,0,0,2022-09-25,Junior,,
Resolved,TKT-3228,Low,Phone,Pricing and licensing,Bernard Beckley,2023-10-01 12:32:53,2023-10-03 12:32:53,2023-10-01 12:34:53,2023-10-03 12:04:42,2023-10-01 12:34:07,5,,Ready to use Software,Tier 1,Italy,47.53,1,0,0,0,2019-11-20,Senior,,
Resolved,TKT-3229,Low,Phone,Product setup,Connor Danielovitch,2023-10-02 02:28:15,2023-10-04 02:28:15,2023-10-02 02:30:15,2023-10-06 10:24:06,2023-10-02 02:29:17,4,,Custom software development,Tier 1,United Kingdom,103.93,1,0,1,0,2018-02-15,Senior,,
Resolved,TKT-3230,Medium,Email,Pricing and licensing,Kristos Westoll,2023-10-02 18:04:18,2023-10-04 18:04:18,2023-10-02 19:04:18,2023-10-02 18:39:21,2023-10-02 21:28:49,1,,Training and Consulting Services,Tier 1,Republic of Ireland,0.58,205,1,0,1,2021-10-18,Mid-Level,,
Resolved,TKT-3231,High,Chat,Feature request,Nicola Wane,2023-10-02 08:19:12,2023-10-03 08:19:12,2023-10-02 08:21:12,2023-10-03 02:05:09,2023-10-02 08:19:59,60,,Ready to use Software,Tier 1,Italy,17.77,1,0,0,0,2021-03-12,Mid-Level,,
Resolved,TKT-3232,Low,Chat,Product setup,Heather Urry,2023-10-02 20:30:48,2023-10-03 20:30:48,2023-10-02 20:32:48,2023-10-03 05:55:23,2023-10-02 20:32:39,2,,Training and Consulting Services,Tier 2,Spain,9.41,2,0,0,0,2022-09-25,Junior,,
Closed,TKT-3233,Medium,Phone,Other,Kristos Westoll,2023-10-02 06:05:57,2023-10-04 06:05:57,2023-10-02 06:07:57,2023-10-04 01:30:26,2023-10-02 06:06:45,5,2,Ready to use Software,Tier 1,Poland,43.41,1,0,0,0,2021-10-18,Mid-Level,,
Resolved,TKT-3234,Low,Email,Product setup,Sheela Cutten,2023-10-02 23:15:59,2023-10-04 23:15:59,2023-10-03 00:15:59,2023-10-06 06:21:35,2023-10-02 23:55:47,8,,Ready to use Software,Tier 1,United Kingdom,79.09,40,0,1,0,2019-07-10,Senior,,
Closed,TKT-3235,Medium,Phone,Other,Sheela Cutten,2023-10-02 03:14:09,2023-10-04 03:14:09,2023-10-02 03:16:09,2023-10-03 05:36:35,2023-10-02 03:19:15,2,3,Custom software development,Tier 1,Austria,26.37,5,0,0,1,2019-07-10,Senior,,
Resolved,TKT-3236,Medium,Email,Bug report,Heather Urry,2023-10-03 01:21:20,2023-10-05 01:21:20,2023-10-03 02:21:20,2023-10-04 08:40:50,2023-10-03 01:49:33,1,,Ready to use Software,Tier 2,Greece,31.32,28,1,0,0,2022-09-25,Junior,,
Closed,TKT-3237,Medium,Chat,Training request,Sheela Cutten,2023-10-03 08:47:28,2023-10-04 08:47:28,2023-10-03 08:49:28,2023-10-04 08:40:20,2023-10-03 08:50:33,5,4,Training and Consulting Services,Tier 1,Poland,23.88,3,0,0,1,2019-07-10,Senior,,
Resolved,TKT-3238,Low,Chat,Pricing and licensing,Nicola Wane,2023-10-03 02:51:22,2023-10-04 02:51:22,2023-10-03 02:53:22,2023-10-04 00:17:38,2023-10-03 02:53:08,8,,Custom software development,Tier 1,Italy,21.44,2,0,0,0,2021-03-12,Mid-Level,,
Closed,TKT-3239,High,Email,Product setup,Heather Urry,2023-10-03 02:21:32,2023-10-05 02:21:32,2023-10-03 03:21:32,2023-10-04 19:30:32,2023-10-03 02:38:44,1,3,Custom software development,Tier 2,Spain,41.15,17,1,0,0,2022-09-25,Junior,,
Resolved,TKT-3240,Low,Chat,Feature request,Michele Whyatt,2023-10-03 22:55:49,2023-10-04 22:55:49,2023-10-03 22:57:49,2023-10-07 15:01:05,2023-10-03 22:56:58,2,,Other,Tier 2,United Kingdom,88.09,1,0,1,0,2022-04-10,Junior,,
In Progress,TKT-3241,Medium,Email,Pricing and licensing,Connor Danielovitch,2023-10-03 16:05:53,2023-10-05 16:05:53,2023-10-03 17:05:53,,2023-10-03 16:53:53,1,,Ready to use Software,Tier 1,Slovenia,,48,1,,0,2018-02-15,Senior,,
Closed,TKT-3242,High,Chat,Purchasing and invoicing,Heather Urry,2023-10-03 12:16:58,2023-10-04 12:16:58,2023-10-03 12:18:58,2023-10-08 01:25:15,2023-10-03 12:18:22,2,4,Ready to use Software,Tier 2,Poland,109.14,1,0,1,0,2022-09-25,Junior,,
In Progress,TKT-3243,Medium,Email,Product setup,Adolpho Messingham,2023-10-04 01:11:12,2023-10-06 01:11:12,2023-10-04 02:11:12,,2023-10-04 01:17:30,4,,Other,Tier 2,United Kingdom,,6,0,,0,2020-05-15,Mid-Level,,
Closed,TKT-3244,Low,Email,Product setup,Kristos Westoll,2023-10-04 21:18:44,2023-10-06 21:18:44,2023-10-04 22:18:44,2023-10-05 03:01:25,2023-10-04 22:10:40,9,2,Custom software development,Tier 1,Germany,5.71,52,0,0,0,2021-10-18,Mid-Level,,
Closed,TKT-3245,High,Email,Other,Connor Danielovitch,2023-10-04 03:45:47,2023-10-06 03:45:47,2023-10-04 04:45:47,2023-10-05 13:18:38,2023-10-04 04:19:30,8,3,Ready to use Software,Tier 1,Greece,33.55,34,0,0,0,2018-02-15,Senior,,
Closed,TKT-3246,Low,Email,Product setup,Bernard Beckley,2023-10-04 13:30:44,2023-10-06 13:30:44,2023-10-04 14:30:44,2023-10-08 04:12:00,2023-10-04 14:12:43,7,3,Ready to use Software,Tier 1,Czech Republic,86.69,42,0,1,0,2019-11-20,Senior,,
Resolved,TKT-3247,Low,Chat,Product setup,Adolpho Messingham,2023-10-04 00:32:04,2023-10-05 00:32:04,2023-10-04 00:34:04,2023-10-04 11:25:15,2023-10-04 00:33:57,2,,Custom software development,Tier 2,United Kingdom,10.89,2,0,0,0,2020-05-15,Mid-Level,,
Resolved,TKT-3248,Medium,Email,Product setup,Nicola Wane,2023-10-04 07:03:44,2023-10-06 07:03:44,2023-10-04 08:03:44,2023-10-04 15:51:43,2023-10-04 07:28:29,1,,Training and Consulting Services,Tier 1,Bulgaria,8.8,25,1,0,0,2021-03-12,Mid-Level,,
Resolved,TKT-3249,Medium,Email,Product setup,Kristos Westoll,2023-10-04 09:31:24,2023-10-06 09:31:24,2023-10-04 10:31:24,2023-10-05 22:59:18,2023-10-04 09:48:33,10,,Ready to use Software,Tier 1,Spain,37.46,17,0,0,0,2021-10-18,Mid-Level,,
In Progress,TKT-3250,Low,Email,Product setup,Nicola Wane,2023-10-05 05:10:40,2023-10-07 05:10:40,2023-10-05 06:10:40,,2023-10-05 05:41:14,1,,Training and Consulting Services,Tier 1,United Kingdom,,31,1,,0,2021-03-12,Mid-Level,,
Resolved,TKT-3251,High,Phone,Other,Bernard Beckley,2023-10-05 16:45:56,2023-10-07 16:45:56,2023-10-05 16:47:56,2023-10-06 07:56:18,2023-10-05 16:47:09,3,,Other,Tier 1,Poland,15.17,1,0,0,0,2019-11-20,Senior,,
Closed,TKT-3252,High,Email,Product setup,Connor Danielovitch,2023-10-05 04:06:05,2023-10-07 04:06:05,2023-10-05 05:06:05,2023-10-10 13:03:57,2023-10-05 04:19:48,4,5,Ready to use Software,Tier 1,Poland,128.96,14,0,1,0,2018-02-15,Senior,,
Closed,TKT-3253,Low,Email,Pricing and licensing,Kristos Westoll,2023-10-05 12:30:40,2023-10-07 12:30:40,2023-10-05 13:30:40,2023-10-06 04:48:44,2023-10-05 12:59:34,6,4,Ready to use Software,Tier 1,Slovenia,16.3,29,0,0,0,2021-10-18,Mid-Level,,
Resolved,TKT-3254,High,Email,Feature request,Sheela Cutten,2023-10-05 21:48:09,2023-10-07 21:48:09,2023-10-05 22:48:09,2023-10-07 07:49:17,2023-10-05 22:32:04,3,,Ready to use Software,Tier 1,France,34.02,44,0,0,0,2019-07-10,Senior,,
In Progress,TKT-3255,Low,Email,Pricing and licensing,Adolpho Messingham,2023-10-05 06:04:33,2023-10-07 06:04:33,2023-10-05 07:04:33,,2023-10-05 06:16:41,1,,Ready to use Software,Tier 2,Italy,,12,1,,0,2020-05-15,Mid-Level,,
Closed,TKT-3256,Low,Chat,Training request,Kristos Westoll,2023-10-05 06:44:05,2023-10-06 06:44:05,2023-10-05 06:46:05,2023-10-09 18:23:04,2023-10-05 06:45:27,6,4,Training and Consulting Services,Tier 1,Austria,107.65,1,0,1,0,2021-10-18,Mid-Level,,
Resolved,TKT-3257,Medium,Email,Feature request,Michele Whyatt,2023-10-06 03:18:41,2023-10-08 03:18:41,2023-10-06 04:18:41,2023-10-06 08:11:07,2023-10-06 03:38:39,1,,Other,Tier 2,United Kingdom,4.87,20,1,0,0,2022-04-10,Junior,,
Closed,TKT-3258,Low,Phone,Pricing and licensing,Michele Whyatt,2023-10-06 08:01:52,2023-10-08 08:01:52,2023-10-06 08:03:52,2023-10-07 00:10:29,2023-10-06 08:03:15,2,3,Ready to use Software,Tier 2,Italy,16.14,1,0,0,0,2022-04-10,Junior,,
Closed,TKT-3259,Medium,Email,Pricing and licensing,Nicola Wane,2023-10-06 21:17:46,2023-10-08 21:17:46,2023-10-06 22:17:46,2023-10-08 19:30:54,2023-10-06 21:24:07,9,2,Custom software development,Tier 1,Spain,46.22,6,0,0,0,2021-03-12,Mid-Level,,
In Progress,TKT-3260,Medium,Chat,Training request,Sheela Cutten,2023-10-06 14:38:41,2023-10-07 14:38:41,2023-10-06 14:40:41,,2023-10-06 14:39:33,5,,Training and Consulting Services,Tier 1,United Kingdom,,1,0,,0,2019-07-10,Senior,,
Closed,TKT-3261,Low,Chat,Feature request,Nicola Wane,2023-10-06 07:23:29,2023-10-07 07:23:29,2023-10-06 07:25:29,2023-10-06 16:18:50,2023-10-06 07:24:39,6,3,Custom software development,Tier 1,Italy,8.92,1,0,0,0,2021-03-12,Mid-Level,,
Resolved,TKT-3262,Low,Phone,Product setup,Bernard Beckley,2023-10-06 05:55:08,2023-10-08 05:55:08,2023-10-06 05:57:08,2023-10-07 18:51:07,2023-10-06 05:56:29,5,,Ready to use Software,Tier 1,Czech Republic,36.93,1,0,0,0,2019-11-20,Senior,,
Closed,TKT-3263,Medium,Email,Product setup,Sheela Cutten,2023-10-06 03:10:41,2023-10-08 03:10:41,2023-10-06 04:10:41,2023-10-10 17:56:56,2023-10-06 03:24:30,2,3,Custom software development,Tier 1,Italy,110.77,14,0,1,0,2019-07-10,Senior,,
Closed,TKT-3264,Medium,Chat,Feature request,Connor Danielovitch,2023-10-06 00:29:50,2023-10-07 00:29:50,2023-10-06 00:31:50,2023-10-10 19:34:10,2023-10-06 00:33:26,6,3,Ready to use Software,Tier 1,Spain,115.07,4,0,1,1,2018-02-15,Senior,,
Closed,TKT-3265,Low,Email,Product setup,Adolpho Messingham,2023-10-06 23:57:46,2023-10-08 23:57:46,2023-10-07 00:57:46,2023-10-08 17:05:12,2023-10-07 00:55:57,1,2,Training and Consulting Services,Tier 2,Germany,41.12,58,1,0,0,2020-05-15,Mid-Level,,
Resolved,TKT-3266,Medium,Email,Bug report,Heather Urry,2023-10-06 18:47:37,2023-10-08 18:47:37,2023-10-06 19:47:37,2023-10-07 19:24:34,2023-10-06 23:07:41,1,,Other,Tier 2,Republic of Ireland,24.62,260,1,0,1,2022-09-25,Junior,,
Resolved,TKT-3267,Low,Chat,Product setup,Bernard Beckley,2023-10-07 17:08:31,2023-10-08 17:08:31,2023-10-07 17:10:31,2023-10-08 02:27:12,2023-10-07 17:09:33,7,,Custom software development,Tier 1,Poland,9.31,1,0,0,0,2019-11-20,Senior,,
Closed,TKT-3269,Low,Chat,Product setup,Michele Whyatt,2023-10-07 06:00:57,2023-10-08 06:00:57,2023-10-07 06:02:57,2023-10-07 11:02:55,2023-10-07 06:02:53,9,1,Ready to use Software,Tier 2,Greece,5.03,2,0,0,0,2022-04-10,Junior,,
In Progress,TKT-3271,Low,Email,Purchasing and invoicing,Sheela Cutten,2023-10-07 03:30:54,2023-10-09 03:30:54,2023-10-07 04:30:54,,2023-10-07 04:00:33,1,,Custom software development,Tier 1,Italy,,30,1,,0,2019-07-10,Senior,,
Closed,TKT-3272,Medium,Chat,Other,Kristos Westoll,2023-10-07 16:37:00,2023-10-08 16:37:00,2023-10-07 16:39:00,2023-10-09 02:48:56,2023-10-07 16:37:34,2,4,Custom software development,Tier 1,Austria,34.2,1,0,1,0,2021-10-18,Mid-Level,,
Closed,TKT-3279,Low,Chat,Bug report,Michele Whyatt,2023-10-08 09:20:28,2023-10-09 09:20:28,2023-10-08 09:22:28,2023-10-08 22:05:13,2023-10-08 09:20:39,5,5,Training and Consulting Services,Tier 2,Spain,12.75,0,0,0,0,2022-04-10,Junior,,
Closed,TKT-3281,Low,Chat,Product setup,Adolpho Messingham,2023-10-09 07:02:33,2023-10-10 07:02:33,2023-10-09 07:04:33,2023-10-13 06:13:43,2023-10-09 07:03:12,4,5,Ready to use Software,Tier 2,Greece,95.19,1,0,1,0,2020-05-15,Mid-Level,,
Closed,TKT-3282,Medium,Email,Bug report,Nicola Wane,2023-10-09 15:02:45,2023-10-11 15:02:45,2023-10-09 16:02:45,2023-10-09 15:25:27,2023-10-09 15:38:42,6,5,Ready to use Software,Tier 1,Czech Republic,0.38,36,0,0,0,2021-03-12,Mid-Level,,
Resolved,TKT-3283,High,Email,Product setup,Bernard Beckley,2023-10-09 07:10:47,2023-10-11 07:10:47,2023-10-09 08:10:47,2023-10-10 23:24:24,2023-10-09 07:41:54,4,,Other,Tier 1,Italy,40.23,31,0,0,0,2019-11-20,Senior,,
Closed,TKT-3284,High,Chat,Bug report,Connor Danielovitch,2023-10-09 04:28:25,2023-10-10 04:28:25,2023-10-09 04:30:25,2023-10-12 00:56:43,2023-10-09 04:30:16,9,5,Training and Consulting Services,Tier 1,Italy,68.47,2,0,1,0,2018-02-15,Senior,,
Closed,TKT-3285,Low,Email,Pricing and licensing,Kristos Westoll,2023-10-09 18:03:15,2023-10-11 18:03:15,2023-10-09 19:03:15,2023-10-10 15:01:07,2023-10-09 18:29:03,4,5,Other,Tier 1,Italy,20.96,26,0,0,0,2021-10-18,Mid-Level,,
Closed,TKT-3286,Low,Chat,Purchasing and invoicing,Connor Danielovitch,2023-10-09 07:04:52,2023-10-10 07:04:52,2023-10-09 07:06:52,2023-10-09 18:53:30,2023-10-09 07:06:05,6,3,Ready to use Software,Tier 1,United Kingdom,11.81,1,0,0,0,2018-02-15,Senior,,
Closed,TKT-3287,Medium,Email,Feature request,Kristos Westoll,2023-10-09 06:15:04,2023-10-11 06:15:04,2023-10-09 07:15:04,2023-10-14 22:20:33,2023-10-09 06:22:13,8,5,Ready to use Software,Tier 1,Spain,136.09,7,0,1,0,2021-10-18,Mid-Level,,
Resolved,TKT-3288,Medium,Email,Pricing and licensing,Connor Danielovitch,2023-10-09 15:56:53,2023-10-11 15:56:53,2023-10-09 16:56:53,2023-10-10 09:58:54,2023-10-09 16:10:57,1,,Custom software development,Tier 1,United Kingdom,18.03,14,1,0,0,2018-02-15,Senior,,
Closed,TKT-3290,Medium,Phone,Bug report,Nicola Wane,2023-10-10 01:54:53,2023-10-12 01:54:53,2023-10-10 01:56:53,2023-10-11 12:47:09,2023-10-10 01:56:52,1,5,Ready to use Software,Tier 1,Czech Republic,34.87,2,1,0,0,2021-03-12,Mid-Level,,
Resolved,TKT-3291,Medium,Email,Purchasing and invoicing,Connor Danielovitch,2023-10-10 07:14:04,2023-10-12 07:14:04,2023-10-10 08:14:04,2023-10-12 03:20:48,2023-10-10 08:07:36,1,,Ready to use Software,Tier 1,Bulgaria,44.11,54,1,0,0,2018-02-15,Senior,,
Closed,TKT-3292,Low,Email,Feature request,Sheela Cutten,2023-10-10 16:12:48,2023-10-12 16:12:48,2023-10-10 17:12:48,2023-10-14 00:09:35,2023-10-10 16:40:38,3,4,Other,Tier 1,United Kingdom,79.95,28,0,1,0,2019-07-10,Senior,,
Resolved,TKT-3293,Medium,Chat,Product setup,Nicola Wane,2023-10-10 07:50:07,2023-10-11 07:50:07,2023-10-10 07:52:07,2023-10-13 14:09:33,2023-10-10 07:55:58,7,,Ready to use Software,Tier 1,Czech Republic,78.32,6,0,1,1,2021-03-12,Mid-Level,,
Resolved,TKT-3294,Medium,Chat,Feature request,Bernard Beckley,2023-10-10 15:50:53,2023-10-11 15:50:53,2023-10-10 15:52:53,2023-10-10 19:38:25,2023-10-10 15:52:42,6,,Ready to use Software,Tier 1,Poland,3.79,2,0,0,0,2019-11-20,Senior,,
Resolved,TKT-3295,Medium,Chat,Feature request,Michele Whyatt,2023-10-11 13:40:00,2023-10-12 13:40:00,2023-10-11 13:42:00,2023-10-11 18:55:50,2023-10-11 13:41:52,5,,Custom software development,Tier 2,Italy,5.26,2,0,0,0,2022-04-10,Junior,,
Resolved,TKT-3296,Low,Chat,Product setup,Connor Danielovitch,2023-10-11 17:19:03,2023-10-12 17:19:03,2023-10-11 17:21:03,2023-10-12 10:35:28,2023-10-11 17:19:16,7,,Other,Tier 1,Spain,17.27,0,0,0,0,2018-02-15,Senior,,
Resolved,TKT-3297,Low,Email,Product setup,Michele Whyatt,2023-10-11 08:14:02,2023-10-13 08:14:02,2023-10-11 09:14:02,2023-10-12 21:41:02,2023-10-11 09:12:07,10,,Other,Tier 2,Slovenia,37.45,58,0,0,0,2022-04-10,Junior,,
Closed,TKT-3298,Low,Email,Feature request,Michele Whyatt,2023-10-11 10:04:30,2023-10-13 10:04:30,2023-10-11 11:04:30,2023-10-12 14:47:23,2023-10-11 10:07:37,5,3,Ready to use Software,Tier 2,Austria,28.71,3,0,0,0,2022-04-10,Junior,,
Closed,TKT-3299,Low,Email,Pricing and licensing,Kristos Westoll,2023-10-11 08:09:16,2023-10-13 08:09:16,2023-10-11 09:09:16,2023-10-15 20:41:10,2023-10-11 08:25:58,3,5,Custom software development,Tier 1,United Kingdom,108.53,17,0,1,0,2021-10-18,Mid-Level,,
Closed,TKT-3300,Low,Chat,Pricing and licensing,Nicola Wane,2023-10-11 17:24:55,2023-10-12 17:24:55,2023-10-11 17:26:55,2023-10-11 20:26:58,2023-10-11 17:26:28,6,3,Custom software development,Tier 1,Spain,3.03,2,0,0,0,2021-03-12,Mid-Level,,
In Progress,TKT-3301,High,Phone,Feature request,Kristos Westoll,2023-10-11 01:12:43,2023-10-13 01:12:43,2023-10-11 01:14:43,,2023-10-11 01:14:13,1,,Ready to use Software,Tier 1,Germany,,1,1,,0,2021-10-18,Mid-Level,,
Closed,TKT-3302,Low,Chat,Product setup,Nicola Wane,2023-10-11 05:25:30,2023-10-12 05:25:30,2023-10-11 05:27:30,2023-10-11 13:18:53,2023-10-11 05:27:27,8,4,Custom software development,Tier 1,Italy,7.89,2,0,0,0,2021-03-12,Mid-Level,,
Closed,TKT-3303,Medium,Chat,Pricing and licensing,Connor Danielovitch,2023-10-12 15:08:18,2023-10-13 15:08:18,2023-10-12 15:10:18,2023-10-13 07:27:10,2023-10-12 15:08:55,6,3,Other,Tier 1,Poland,16.31,1,0,0,0,2018-02-15,Senior,,
Resolved,TKT-3304,Low,Chat,Other,Michele Whyatt,2023-10-12 04:25:20,2023-10-13 04:25:20,2023-10-12 04:27:20,2023-10-12 12:55:18,2023-10-12 04:26:47,4,,Training and Consulting Services,Tier 2,Republic of Ireland,8.5,1,0,0,0,2022-04-10,Junior,,
Resolved,TKT-3305,Low,Chat,Product setup,Nicola Wane,2023-10-12 12:33:45,2023-10-13 12:33:45,2023-10-12 12:35:45,2023-10-14 05:29:05,2023-10-12 12:35:38,8,,Ready to use Software,Tier 1,Poland,40.92,2,0,1,0,2021-03-12,Mid-Level,,
Closed,TKT-3306,Medium,Email,Pricing and licensing,Nicola Wane,2023-10-12 15:03:01,2023-10-14 15:03:01,2023-10-12 16:03:01,2023-10-14 14:11:07,2023-10-12 15:27:47,2,4,Custom software development,Tier 1,Italy,47.14,25,0,0,0,2021-03-12,Mid-Level,,
In Progress,TKT-3307,Low,Email,Pricing and licensing,Sheela Cutten,2023-10-12 19:25:20,2023-10-14 19:25:20,2023-10-12 20:25:20,,2023-10-12 19:35:32,1,,Ready to use Software,Tier 1,Italy,,10,1,,0,2019-07-10,Senior,,
Closed,TKT-3308,Low,Chat,Pricing and licensing,Bernard Beckley,2023-10-12 19:02:17,2023-10-13 19:02:17,2023-10-12 19:04:17,2023-10-13 14:04:53,2023-10-12 19:04:01,5,2,Custom software development,Tier 1,United Kingdom,19.04,2,0,0,0,2019-11-20,Senior,,
Closed,TKT-3309,Low,Email,Other,Adolpho Messingham,2023-10-12 12:47:43,2023-10-14 12:47:43,2023-10-12 13:47:43,2023-10-14 02:09:27,2023-10-12 13:10:14,9,1,Ready to use Software,Tier 2,Austria,37.36,23,0,0,0,2020-05-15,Mid-Level,,
Closed,TKT-3310,Medium,Email,Product setup,Nicola Wane,2023-10-12 18:46:46,2023-10-14 18:46:46,2023-10-12 19:46:46,2023-10-13 03:24:20,2023-10-12 19:31:01,1,3,Training and Consulting Services,Tier 1,Italy,8.63,44,1,0,0,2021-03-12,Mid-Level,,
In Progress,TKT-3311,Low,Chat,Product setup,Bernard Beckley,2023-10-13 16:13:18,2023-10-14 16:13:18,2023-10-13 16:15:18,,2023-10-13 16:14:39,2,,Other,Tier 1,France,,1,0,,0,2019-11-20,Senior,,
Closed,TKT-3312,Low,Phone,Bug report,Kristos Westoll,2023-10-13 22:23:31,2023-10-15 22:23:31,2023-10-13 22:25:31,2023-10-15 20:41:25,2023-10-13 22:24:01,3,5,Custom software development,Tier 1,Republic of Ireland,46.3,1,0,0,0,2021-10-18,Mid-Level,,
In Progress,TKT-3313,Medium,Chat,Purchasing and invoicing,Connor Danielovitch,2023-10-13 12:25:20,2023-10-14 12:25:20,2023-10-13 12:27:20,,2023-10-13 12:26:46,6,,Other,Tier 1,Bulgaria,,1,0,,0,2018-02-15,Senior,,
Closed,TKT-3314,Medium,Email,Bug report,Kristos Westoll,2023-10-13 17:04:50,2023-10-15 17:04:50,2023-10-13 18:04:50,2023-10-16 03:26:45,2023-10-13 17:41:12,3,5,Custom software development,Tier 1,Slovenia,58.37,36,0,1,0,2021-10-18,Mid-Level,,
Resolved,TKT-3315,Medium,Chat,Feature request,Adolpho Messingham,2023-10-14 19:17:47,2023-10-15 19:17:47,2023-10-14 19:19:47,2023-10-20 13:19:31,2023-10-14 19:23:38,7,,Ready to use Software,Tier 2,France,138.03,6,0,1,1,2020-05-15,Mid-Level,,
Closed,TKT-3316,Medium,Email,Feature request,Sheela Cutten,2023-10-14 13:17:57,2023-10-16 13:17:57,2023-10-14 14:17:57,2023-10-14 16:38:19,2023-10-14 13:52:20,1,2,Custom software development,Tier 1,Republic of Ireland,3.34,34,1,0,0,2019-07-10,Senior,,
In Progress,TKT-3317,Low,Email,Pricing and licensing,Nicola Wane,2023-10-14 19:40:35,2023-10-16 19:40:35,2023-10-14 20:40:35,,2023-10-14 20:12:54,2,,Ready to use Software,Tier 1,France,,32,0,,0,2021-03-12,Mid-Level,,
Resolved,TKT-3318,Low,Chat,Pricing and licensing,Connor Danielovitch,2023-10-14 15:22:51,2023-10-15 15:22:51,2023-10-14 15:24:51,2023-10-15 09:47:49,2023-10-14 15:23:45,5,,Ready to use Software,Tier 1,Spain,18.42,1,0,0,0,2018-02-15,Senior,,
Closed,TKT-3319,Medium,Chat,Pricing and licensing,Kristos Westoll,2023-10-14 07:59:49,2023-10-15 07:59:49,2023-10-14 08:01:49,2023-10-17 20:41:22,2023-10-14 08:01:22,2,2,Custom software development,Tier 1,Germany,84.69,2,0,1,0,2021-10-18,Mid-Level,,
Resolved,TKT-3331,Medium,Email,Purchasing and invoicing,Nicola Wane,2023-10-16 09:32:25,2023-10-18 09:32:25,2023-10-16 10:32:25,2023-10-17 01:05:13,2023-10-16 10:11:30,2,,Ready to use Software,Tier 1,Poland,15.55,39,0,0,0,2021-03-12,Mid-Level,,
In Progress,TKT-3332,Medium,Email,Feature request,Sheela Cutten,2023-10-16 14:25:07,2023-10-18 14:25:07,2023-10-16 15:25:07,,2023-10-16 14:42:20,1,,Other,Tier 1,Italy,,17,1,,0,2019-07-10,Senior,,
In Progress,TKT-3333,Low,Phone,Product setup,Connor Danielovitch,2023-10-16 14:14:49,2023-10-18 14:14:49,2023-10-16 14:16:49,,2023-10-16 14:16:19,2,,Ready to use Software,Tier 1,Italy,,2,0,,0,2018-02-15,Senior,,
In Progress,TKT-3334,Low,Email,Pricing and licensing,Bernard Beckley,2023-10-16 12:38:37,2023-10-18 12:38:37,2023-10-16 13:38:37,,2023-10-16 13:11:14,9,,Ready to use Software,Tier 1,Slovenia,,33,0,,0,2019-11-20,Senior,,
Resolved,TKT-3335,Low,Email,Bug report,Nicola Wane,2023-10-16 22:24:26,2023-10-18 22:24:26,2023-10-16 23:24:26,2023-10-18 20:58:32,2023-10-16 22:51:50,2,,Ready to use Software,Tier 1,Italy,46.57,27,0,0,0,2021-03-12,Mid-Level,,
Resolved,TKT-3336,Medium,Chat,Bug report,Connor Danielovitch,2023-10-16 04:17:14,2023-10-17 04:17:14,2023-10-16 04:19:14,2023-10-16 08:00:47,2023-10-16 04:17:39,5,,Ready to use Software,Tier 1,Germany,3.73,0,0,0,0,2018-02-15,Senior,,
Resolved,TKT-3337,Low,Chat,Bug report,Sheela Cutten,2023-10-16 13:54:00,2023-10-17 13:54:00,2023-10-16 13:56:00,2023-10-21 02:00:55,2023-10-16 13:54:24,2,,Training and Consulting Services,Tier 1,France,108.12,0,0,1,0,2019-07-10,Senior,,
Closed,TKT-3338,High,Chat,Purchasing and invoicing,Bernard Beckley,2023-10-16 18:14:13,2023-10-17 18:14:13,2023-10-16 18:16:13,2023-10-17 12:29:16,2023-10-16 18:15:28,5,3,Custom software development,Tier 1,Austria,18.25,1,0,0,0,2019-11-20,Senior,,
Resolved,TKT-3339,Low,Email,Pricing and licensing,Heather Urry,2023-10-16 19:22:47,2023-10-18 19:22:47,2023-10-16 20:22:47,2023-10-17 08:40:56,2023-10-16 20:08:06,3,,Custom software development,Tier 2,Poland,13.3,45,0,0,0,2022-09-25,Junior,,
Resolved,TKT-3340,Medium,Chat,Purchasing and invoicing,Nicola Wane,2023-10-16 00:12:58,2023-10-17 00:12:58,2023-10-16 00:14:58,2023-10-16 20:04:44,2023-10-16 00:17:25,6,,Custom software development,Tier 1,Italy,19.86,4,0,0,1,2021-03-12,Mid-Level,,
Closed,TKT-3341,Medium,Email,Pricing and licensing,Kristos Westoll,2023-10-16 00:32:59,2023-10-18 00:32:59,2023-10-16 01:32:59,2023-10-17 16:43:41,2023-10-16 01:30:35,8,2,Other,Tier 1,Spain,40.18,58,0,0,0,2021-10-18,Mid-Level,,
Closed,TKT-3342,High,Email,Purchasing and invoicing,Sheela Cutten,2023-10-16 00:49:10,2023-10-18 00:49:10,2023-10-16 01:49:10,2023-10-17 20:34:46,2023-10-16 01:10:53,3,4,Training and Consulting Services,Tier 1,Republic of Ireland,43.76,22,0,0,0,2019-07-10,Senior,,
Resolved,TKT-3343,High,Email,Pricing and licensing,Bernard Beckley,2023-10-17 00:10:03,2023-10-19 00:10:03,2023-10-17 01:10:03,2023-10-17 06:02:53,2023-10-17 00:44:55,7,,Ready to use Software,Tier 1,United Kingdom,5.88,35,0,0,0,2019-11-20,Senior,,
Closed,TKT-3344,Low,Chat,Pricing and licensing,Connor Danielovitch,2023-10-17 21:43:36,2023-10-18 21:43:36,2023-10-17 21:45:36,2023-10-20 06:08:06,2023-10-17 21:43:38,7,5,Ready to use Software,Tier 1,Germany,56.41,0,0,1,0,2018-02-15,Senior,,
Closed,TKT-3345,Low,Email,Bug report,Nicola Wane,2023-10-17 08:26:50,2023-10-19 08:26:50,2023-10-17 09:26:50,2023-10-18 10:56:05,2023-10-17 09:25:11,3,5,Ready to use Software,Tier 1,Italy,26.49,58,0,0,0,2021-03-12,Mid-Level,,
Resolved,TKT-3346,Low,Email,Other,Connor Danielovitch,2023-10-17 11:44:38,2023-10-19 11:44:38,2023-10-17 12:44:38,2023-10-19 01:09:12,2023-10-17 12:00:15,1,,Custom software development,Tier 1,Spain,37.41,16,1,0,0,2018-02-15,Senior,,
Resolved,TKT-3347,Low,Email,Bug report,Nicola Wane,2023-10-17 20:29:49,2023-10-19 20:29:49,2023-10-17 21:29:49,2023-10-18 04:12:09,2023-10-17 21:26:40,2,,Training and Consulting Services,Tier 1,Germany,7.71,57,0,0,0,2021-03-12,Mid-Level,,
Closed,TKT-3348,Low,Email,Training request,Michele Whyatt,2023-10-17 06:00:33,2023-10-19 06:00:33,2023-10-17 07:00:33,2023-10-21 15:58:32,2023-10-17 12:47:01,1,4,Training and Consulting Services,Tier 2,Czech Republic,105.97,406,1,1,1,2022-04-10,Junior,,
Resolved,TKT-3349,Low,Email,Pricing and licensing,Connor Danielovitch,2023-10-18 08:08:28,2023-10-20 08:08:28,2023-10-18 09:08:28,2023-10-22 05:48:06,2023-10-18 08:51:54,7,,Ready to use Software,Tier 1,Republic of Ireland,93.66,43,0,1,0,2018-02-15,Senior,,
Resolved,TKT-3350,Low,Phone,Other,Bernard Beckley,2023-10-18 10:05:07,2023-10-20 10:05:07,2023-10-18 10:07:07,2023-10-22 08:14:46,2023-10-18 10:05:45,1,,Ready to use Software,Tier 1,United Kingdom,94.16,1,1,1,0,2019-11-20,Senior,,
In Progress,TKT-3351,Low,Chat,Product setup,Sheela Cutten,2023-10-18 21:51:40,2023-10-19 21:51:40,2023-10-18 21:53:40,,2023-10-18 21:53:20,6,,Ready to use Software,Tier 1,Poland,,2,0,,0,2019-07-10,Senior,,
Resolved,TKT-3352,Low,Chat,Pricing and licensing,Kristos Westoll,2023-10-18 05:39:02,2023-10-19 05:39:02,2023-10-18 05:41:02,2023-10-18 17:50:55,2023-10-18 05:39:13,6,,Custom software development,Tier 1,Republic of Ireland,12.2,0,0,0,0,2021-10-18,Mid-Level,,
Closed,TKT-3353,Medium,Email,Product setup,Sheela Cutten,2023-10-18 15:35:58,2023-10-20 15:35:58,2023-10-18 16:35:58,2023-10-19 06:56:50,2023-10-18 16:28:28,4,2,Custom software development,Tier 1,Czech Republic,15.35,52,0,0,0,2019-07-10,Senior,,
Closed,TKT-3354,Low,Phone,Purchasing and invoicing,Bernard Beckley,2023-10-18 17:52:22,2023-10-20 17:52:22,2023-10-18 17:54:22,2023-10-23 00:32:16,2023-10-18 17:55:10,2,2,Custom software development,Tier 1,Czech Republic,102.67,3,0,1,1,2019-11-20,Senior,,
Resolved,TKT-3355,Medium,Chat,Other,Adolpho Messingham,2023-10-18 02:49:03,2023-10-19 02:49:03,2023-10-18 02:51:03,2023-10-18 15:47:02,2023-10-18 02:49:06,2,,Ready to use Software,Tier 2,United Kingdom,12.97,0,0,0,0,2020-05-15,Mid-Level,,
Closed,TKT-3356,Medium,Email,Product setup,Kristos Westoll,2023-10-18 20:38:28,2023-10-20 20:38:28,2023-10-18 21:38:28,2023-10-19 11:56:09,2023-10-18 21:20:24,2,2,Training and Consulting Services,Tier 1,Poland,15.29,42,0,0,0,2021-10-18,Mid-Level,,
Resolved,TKT-3357,Low,Email,Bug report,Connor Danielovitch,2023-10-18 22:51:28,2023-10-20 22:51:28,2023-10-18 23:51:28,2023-10-23 03:32:47,2023-10-18 23:22:04,7,,Ready to use Software,Tier 1,Poland,100.69,31,0,1,0,2018-02-15,Senior,,
Resolved,TKT-3358,Medium,Phone,Product setup,Sheela Cutten,2023-10-18 11:15:29,2023-10-20 11:15:29,2023-10-18 11:17:29,2023-10-19 15:47:55,2023-10-18 11:17:58,7,,Training and Consulting Services,Tier 1,Poland,28.54,2,0,0,1,2019-07-10,Senior,,
Resolved,TKT-3359,High,Chat,Pricing and licensing,Adolpho Messingham,2023-10-18 15:22:51,2023-10-19 15:22:51,2023-10-18 15:24:51,2023-10-19 13:09:57,2023-10-18 15:24:42,2,,Ready to use Software,Tier 2,Poland,21.79,2,0,0,0,2020-05-15,Mid-Level,,
Closed,TKT-3360,Low,Email,Product setup,Bernard Beckley,2023-10-18 20:36:54,2023-10-20 20:36:54,2023-10-18 21:36:54,2023-10-20 18:55:25,2023-10-18 21:11:38,1,4,Training and Consulting Services,Tier 1,Slovenia,46.31,35,1,0,0,2019-11-20,Senior,,
In Progress,TKT-3361,High,Email,Product setup,Michele Whyatt,2023-10-18 03:46:11,2023-10-20 03:46:11,2023-10-18 04:46:11,,2023-10-18 04:30:57,9,,Custom software development,Tier 2,Germany,,45,0,,0,2022-04-10,Junior,,
Closed,TKT-3363,High,Chat,Product setup,Michele Whyatt,2023-10-18 21:11:59,2023-10-19 21:11:59,2023-10-18 21:13:59,2023-10-19 16:59:10,2023-10-18 21:13:13,2,3,Ready to use Software,Tier 2,France,19.79,1,0,0,0,2022-04-10,Junior,,
In Progress,TKT-3364,Low,Email,Other,Heather Urry,2023-10-18 00:20:33,2023-10-20 00:20:33,2023-10-18 01:20:33,,2023-10-18 00:54:04,3,,Other,Tier 2,Republic of Ireland,,34,0,,0,2022-09-25,Junior,,
In Progress,TKT-3365,High,Email,Training request,Kristos Westoll,2023-10-19 06:16:32,2023-10-21 06:16:32,2023-10-19 07:16:32,,2023-10-19 06:36:18,2,,Training and Consulting Services,Tier 1,United Kingdom,,20,0,,0,2021-10-18,Mid-Level,,
Closed,TKT-3366,Low,Chat,Product setup,Connor Danielovitch,2023-10-19 17:45:48,2023-10-20 17:45:48,2023-10-19 17:47:48,2023-10-19 20:33:38,2023-10-19 17:47:06,6,5,Ready to use Software,Tier 1,Slovenia,2.8,1,0,0,0,2018-02-15,Senior,,
Resolved,TKT-3367,Medium,Email,Product setup,Bernard Beckley,2023-10-19 04:44:14,2023-10-21 04:44:14,2023-10-19 05:44:14,2023-10-22 18:09:09,2023-10-19 05:28:31,2,,Custom software development,Tier 1,Greece,85.42,44,0,1,0,2019-11-20,Senior,,
Closed,TKT-3368,Low,Chat,Purchasing and invoicing,Connor Danielovitch,2023-10-19 12:01:28,2023-10-20 12:01:28,2023-10-19 12:03:28,2023-10-24 09:10:38,2023-10-19 12:03:02,5,5,Ready to use Software,Tier 1,Poland,117.15,2,0,1,0,2018-02-15,Senior,,
Closed,TKT-3369,Low,Chat,Feature request,Kristos Westoll,2023-10-19 00:51:54,2023-10-20 00:51:54,2023-10-19 00:53:54,2023-10-19 14:06:11,2023-10-19 00:52:40,5,2,Ready to use Software,Tier 1,Republic of Ireland,13.24,1,0,0,0,2021-10-18,Mid-Level,,
Resolved,TKT-3370,Medium,Email,Product setup,Bernard Beckley,2023-10-19 21:34:41,2023-10-21 21:34:41,2023-10-19 22:34:41,2023-10-20 12:27:03,2023-10-19 21:58:20,5,,Ready to use Software,Tier 1,United Kingdom,14.87,24,0,0,0,2019-11-20,Senior,,
Resolved,TKT-3371,Low,Chat,Purchasing and invoicing,Connor Danielovitch,2023-10-19 04:33:51,2023-10-20 04:33:51,2023-10-19 04:35:51,2023-10-19 10:10:32,2023-10-19 04:33:55,9,,Ready to use Software,Tier 1,Republic of Ireland,5.61,0,0,0,0,2018-02-15,Senior,,
Resolved,TKT-3372,Medium,Email,Purchasing and invoicing,Nicola Wane,2023-10-19 16:15:29,2023-10-21 16:15:29,2023-10-19 17:15:29,2023-10-20 19:20:03,2023-10-19 16:27:35,10,,Ready to use Software,Tier 1,United Kingdom,27.08,12,0,0,0,2021-03-12,Mid-Level,,
In Progress,TKT-3373,Low,Email,Other,Connor Danielovitch,2023-10-19 13:57:38,2023-10-21 13:57:38,2023-10-19 14:57:38,,2023-10-19 14:00:27,9,,Custom software development,Tier 1,United Kingdom,,3,0,,0,2018-02-15,Senior,,
Closed,TKT-3374,Low,Email,Product setup,Bernard Beckley,2023-10-19 01:14:55,2023-10-21 01:14:55,2023-10-19 02:14:55,2023-10-21 04:04:36,2023-10-19 01:46:54,9,4,Other,Tier 1,Germany,50.83,32,0,1,0,2019-11-20,Senior,,
Closed,TKT-3376,Medium,Chat,Pricing and licensing,Kristos Westoll,2023-10-19 03:54:58,2023-10-20 03:54:58,2023-10-19 03:56:58,2023-10-20 06:16:40,2023-10-19 03:55:07,7,2,Custom software development,Tier 1,Austria,26.36,0,0,1,0,2021-10-18,Mid-Level,,
Resolved,TKT-3377,Low,Email,Product setup,Heather Urry,2023-10-20 13:53:50,2023-10-22 13:53:50,2023-10-20 14:53:50,2023-10-21 12:14:31,2023-10-20 17:47:33,3,,Ready to use Software,Tier 2,Poland,22.34,234,0,0,1,2022-09-25,Junior,,
Resolved,TKT-3379,High,Email,Product setup,Michele Whyatt,2023-10-20 12:13:33,2023-10-22 12:13:33,2023-10-20 13:13:33,2023-10-21 03:34:41,2023-10-20 12:52:04,4,,Training and Consulting Services,Tier 2,Spain,15.35,39,0,0,0,2022-04-10,Junior,,
Resolved,TKT-3380,Low,Email,Pricing and licensing,Sheela Cutten,2023-10-20 06:09:17,2023-10-22 06:09:17,2023-10-20 07:09:17,2023-10-20 08:40:52,2023-10-20 06:15:56,3,,Custom software development,Tier 1,Poland,2.53,7,0,0,0,2019-07-10,Senior,,
In Progress,TKT-3381,Low,Email,Bug report,Adolpho Messingham,2023-10-20 11:45:43,2023-10-22 11:45:43,2023-10-20 12:45:43,,2023-10-20 11:59:57,1,,Ready to use Software,Tier 2,Spain,,14,1,,0,2020-05-15,Mid-Level,,
Closed,TKT-3383,Medium,Email,Pricing and licensing,Bernard Beckley,2023-10-20 15:50:36,2023-10-22 15:50:36,2023-10-20 16:50:36,2023-10-20 21:04:24,2023-10-20 15:57:06,3,3,Custom software development,Tier 1,United Kingdom,5.23,6,0,0,0,2019-11-20,Senior,,
Resolved,TKT-3384,High,Email,Other,Nicola Wane,2023-10-21 20:51:44,2023-10-23 20:51:44,2023-10-21 21:51:44,2023-10-22 23:05:19,2023-10-21 21:31:37,8,,Custom software development,Tier 1,United Kingdom,26.23,40,0,0,0,2021-03-12,Mid-Level,,
Closed,TKT-3385,Low,Email,Pricing and licensing,Sheela Cutten,2023-10-21 04:11:08,2023-10-23 04:11:08,2023-10-21 05:11:08,2023-10-22 18:31:52,2023-10-21 04:32:59,1,4,Ready to use Software,Tier 1,Poland,38.35,22,1,0,0,2019-07-10,Senior,,
Closed,TKT-3386,Low,Phone,Product setup,Bernard Beckley,2023-10-21 09:09:40,2023-10-23 09:09:40,2023-10-21 09:11:40,2023-10-24 07:20:25,2023-10-21 09:09:59,4,5,Ready to use Software,Tier 1,United Kingdom,70.18,0,0,1,0,2019-11-20,Senior,,
In Progress,TKT-3398,Medium,Chat,Product setup,Heather Urry,2023-10-22 00:18:43,2023-10-23 00:18:43,2023-10-22 00:20:43,,2023-10-22 00:24:05,5,,Training and Consulting Services,Tier 2,Spain,,5,0,,1,2022-09-25,Junior,,
Resolved,TKT-3399,High,Email,Product setup,Heather Urry,2023-10-22 16:51:22,2023-10-24 16:51:22,2023-10-22 17:51:22,2023-10-23 15:09:36,2023-10-22 17:45:30,7,,Ready to use Software,Tier 2,Italy,22.3,54,0,0,0,2022-09-25,Junior,,
Resolved,TKT-3400,Low,Email,Pricing and licensing,Sheela Cutten,2023-10-22 14:43:58,2023-10-24 14:43:58,2023-10-22 15:43:58,2023-10-24 03:19:33,2023-10-22 15:27:00,1,,Ready to use Software,Tier 1,Czech Republic,36.59,43,1,0,0,2019-07-10,Senior,,
Closed,TKT-3401,Medium,Chat,Feature request,Kristos Westoll,2023-10-22 11:24:23,2023-10-23 11:24:23,2023-10-22 11:26:23,2023-10-22 12:45:12,2023-10-22 11:25:45,6,4,Other,Tier 1,Germany,1.35,1,0,0,0,2021-10-18,Mid-Level,,
Closed,TKT-3402,Medium,Email,Pricing and licensing,Sheela Cutten,2023-10-22 02:32:15,2023-10-24 02:32:15,2023-10-22 03:32:15,2023-10-24 09:35:11,2023-10-22 05:27:03,1,5,Custom software development,Tier 1,Germany,55.05,175,1,1,1,2019-07-10,Senior,,
Closed,TKT-3403,Low,Phone,Product setup,Adolpho Messingham,2023-10-22 08:47:17,2023-10-24 08:47:17,2023-10-22 08:49:17,2023-10-22 10:16:13,2023-10-22 08:48:34,4,1,Custom software development,Tier 2,Spain,1.48,1,0,0,0,2020-05-15,Mid-Level,,
Closed,TKT-3404,Low,Chat,Bug report,Connor Danielovitch,2023-10-23 00:01:46,2023-10-24 00:01:46,2023-10-23 00:03:46,2023-10-28 11:32:28,2023-10-23 00:02:25,4,3,Ready to use Software,Tier 1,Czech Republic,131.51,1,0,1,0,2018-02-15,Senior,,
Resolved,TKT-3405,Low,Email,Bug report,Sheela Cutten,2023-10-23 17:28:34,2023-10-25 17:28:34,2023-10-23 18:28:34,2023-10-23 23:56:24,2023-10-23 17:57:13,2,,Training and Consulting Services,Tier 1,Czech Republic,6.46,29,0,0,0,2019-07-10,Senior,,
Closed,TKT-3406,Low,Email,Pricing and licensing,Sheela Cutten,2023-10-23 14:41:25,2023-10-25 14:41:25,2023-10-23 15:41:25,2023-10-24 12:00:18,2023-10-23 15:27:36,3,4,Ready to use Software,Tier 1,Italy,21.31,46,0,0,0,2019-07-10,Senior,,
Closed,TKT-3407,Medium,Email,Feature request,Nicola Wane,2023-10-23 04:03:21,2023-10-25 04:03:21,2023-10-23 05:03:21,2023-10-24 10:59:44,2023-10-23 04:15:54,7,5,Custom software development,Tier 1,Spain,30.94,13,0,0,0,2021-03-12,Mid-Level,,
Resolved,TKT-3408,Medium,Email,Pricing and licensing,Kristos Westoll,2023-10-24 00:55:28,2023-10-26 00:55:28,2023-10-24 01:55:28,2023-10-25 14:10:06,2023-10-24 01:34:47,8,,Other,Tier 1,Germany,37.24,39,0,0,0,2021-10-18,Mid-Level,,
Closed,TKT-3409,Medium,Email,Bug report,Kristos Westoll,2023-10-24 16:57:50,2023-10-26 16:57:50,2023-10-24 17:57:50,2023-10-28 23:40:49,2023-10-24 17:31:17,5,2,Ready to use Software,Tier 1,Germany,102.72,33,0,1,0,2021-10-18,Mid-Level,,
Closed,TKT-3410,Medium,Chat,Feature request,Nicola Wane,2023-10-24 05:56:10,2023-10-25 05:56:10,2023-10-24 05:58:10,2023-10-30 01:35:45,2023-10-24 05:58:00,6,3,Custom software development,Tier 1,Greece,139.66,2,0,1,0,2021-03-12,Mid-Level,,
Closed,TKT-3411,Low,Chat,Purchasing and invoicing,Heather Urry,2023-10-24 09:33:56,2023-10-25 09:33:56,2023-10-24 09:35:56,2023-10-24 14:46:28,2023-10-24 09:35:18,5,4,Custom software development,Tier 2,Italy,5.21,1,0,0,0,2022-09-25,Junior,,
Closed,TKT-3412,High,Email,Product setup,Adolpho Messingham,2023-10-24 20:01:39,2023-10-26 20:01:39,2023-10-24 21:01:39,2023-10-26 17:40:34,2023-10-24 20:32:31,5,5,Ready to use Software,Tier 2,United Kingdom,45.65,31,0,0,0,2020-05-15,Mid-Level,,
Resolved,TKT-3413,Medium,Email,Feature request,Sheela Cutten,2023-10-24 23:54:58,2023-10-26 23:54:58,2023-10-25 00:54:58,2023-10-26 02:49:52,2023-10-24 23:56:02,1,,Other,Tier 1,Germany,26.92,1,1,0,0,2019-07-10,Senior,,
Closed,TKT-3414,Medium,Chat,Product setup,Bernard Beckley,2023-10-24 11:54:36,2023-10-25 11:54:36,2023-10-24 11:56:36,2023-10-24 19:32:59,2023-10-24 11:56:34,6,3,Other,Tier 1,Bulgaria,7.64,2,0,0,0,2019-11-20,Senior,,
Closed,TKT-3415,Medium,Email,Pricing and licensing,Adolpho Messingham,2023-10-25 23:08:17,2023-10-27 23:08:17,2023-10-26 00:08:17,2023-10-27 17:24:39,2023-10-25 23:09:32,8,4,Custom software development,Tier 2,Italy,42.27,1,0,0,0,2020-05-15,Mid-Level,,
Resolved,TKT-3416,Low,Chat,Product setup,Connor Danielovitch,2023-10-25 09:24:24,2023-10-26 09:24:24,2023-10-25 09:26:24,2023-10-26 20:53:58,2023-10-25 09:24:40,2,,Training and Consulting Services,Tier 1,Poland,35.49,0,0,1,0,2018-02-15,Senior,,
Closed,TKT-3417,Medium,Email,Pricing and licensing,Kristos Westoll,2023-10-25 10:48:25,2023-10-27 10:48:25,2023-10-25 11:48:25,2023-10-25 12:07:40,2023-10-25 11:30:49,2,1,Ready to use Software,Tier 1,Slovenia,1.32,42,0,0,0,2021-10-18,Mid-Level,,
In Progress,TKT-3418,Low,Email,Product setup,Michele Whyatt,2023-10-25 04:04:02,2023-10-27 04:04:02,2023-10-25 05:04:02,,2023-10-25 04:20:43,4,,Training and Consulting Services,Tier 2,Greece,,17,0,,0,2022-04-10,Junior,,
Resolved,TKT-3419,Low,Email,Product setup,Bernard Beckley,2023-10-25 23:34:43,2023-10-27 23:34:43,2023-10-26 00:34:43,2023-10-26 08:45:30,2023-10-26 00:09:15,6,,Custom software development,Tier 1,United Kingdom,9.18,35,0,0,0,2019-11-20,Senior,,
Resolved,TKT-3420,Low,Chat,Purchasing and invoicing,Sheela Cutten,2023-10-25 01:13:47,2023-10-26 01:13:47,2023-10-25 01:15:47,2023-10-25 14:07:42,2023-10-25 01:14:15,4,,Training and Consulting Services,Tier 1,Slovenia,12.9,0,0,0,0,2019-07-10,Senior,,
Closed,TKT-3421,High,Chat,Training request,Nicola Wane,2023-10-26 09:44:19,2023-10-27 09:44:19,2023-10-26 09:46:19,2023-10-26 10:08:05,2023-10-26 09:46:17,5,4,Training and Consulting Services,Tier 1,United Kingdom,0.4,2,0,0,0,2021-03-12,Mid-Level,,
Resolved,TKT-3422,Low,Chat,Bug report,Adolpho Messingham,2023-10-26 02:28:01,2023-10-27 02:28:01,2023-10-26 02:30:01,2023-10-30 20:24:59,2023-10-26 02:30:36,2,,Ready to use Software,Tier 2,Austria,113.95,3,0,1,1,2020-05-15,Mid-Level,,
Resolved,TKT-3423,Low,Email,Feature request,Connor Danielovitch,2023-10-26 05:47:17,2023-10-28 05:47:17,2023-10-26 06:47:17,2023-10-28 04:22:48,2023-10-26 06:28:55,10,,Ready to use Software,Tier 1,Poland,46.59,42,0,0,0,2018-02-15,Senior,,
Closed,TKT-3424,Medium,Chat,Product setup,Sheela Cutten,2023-10-26 01:39:42,2023-10-27 01:39:42,2023-10-26 01:41:42,2023-10-26 03:53:06,2023-10-26 01:39:59,6,4,Ready to use Software,Tier 1,Austria,2.22,0,0,0,0,2019-07-10,Senior,,
In Progress,TKT-3425,High,Phone,Bug report,Bernard Beckley,2023-10-26 15:13:20,2023-10-28 15:13:20,2023-10-26 15:15:20,,2023-10-26 15:13:52,3,,Ready to use Software,Tier 1,Republic of Ireland,,1,0,,0,2019-11-20,Senior,,
Resolved,TKT-3426,Medium,Email,Bug report,Kristos Westoll,2023-10-26 22:22:25,2023-10-28 22:22:25,2023-10-26 23:22:25,2023-10-27 08:33:45,2023-10-26 23:00:03,4,,Ready to use Software,Tier 1,Italy,10.19,38,0,0,0,2021-10-18,Mid-Level,,
Closed,TKT-3427,Low,Email,Product setup,Heather Urry,2023-10-26 16:21:45,2023-10-28 16:21:45,2023-10-26 17:21:45,2023-10-30 16:05:18,2023-10-26 16:26:56,2,4,Ready to use Software,Tier 2,France,95.73,5,0,1,0,2022-09-25,Junior,,
Resolved,TKT-3428,Low,Email,Pricing and licensing,Heather Urry,2023-10-26 16:46:44,2023-10-28 16:46:44,2023-10-26 17:46:44,2023-10-28 02:05:38,2023-10-26 17:24:04,1,,Custom software development,Tier 2,France,33.31,37,1,0,0,2022-09-25,Junior,,
In Progress,TKT-3429,High,Email,Feature request,Kristos Westoll,2023-10-26 18:56:11,2023-10-28 18:56:11,2023-10-26 19:56:11,,2023-10-26 19:10:21,2,,Ready to use Software,Tier 1,Poland,,14,0,,0,2021-10-18,Mid-Level,,
Closed,TKT-3430,Medium,Chat,Other,Kristos Westoll,2023-10-26 22:52:28,2023-10-27 22:52:28,2023-10-26 22:54:28,2023-10-27 16:52:09,2023-10-26 22:53:14,2,2,Custom software development,Tier 1,United Kingdom,17.99,1,0,0,0,2021-10-18,Mid-Level,,
Closed,TKT-3431,Medium,Chat,Product setup,Sheela Cutten,2023-10-27 11:33:45,2023-10-28 11:33:45,2023-10-27 11:35:45,2023-10-28 21:01:50,2023-10-27 11:35:20,2,4,Ready to use Software,Tier 1,Poland,33.47,2,0,1,0,2019-07-10,Senior,,
Resolved,TKT-3432,Low,Email,Feature request,Bernard Beckley,2023-10-27 08:22:15,2023-10-29 08:22:15,2023-10-27 09:22:15,2023-10-29 02:02:27,2023-10-27 12:22:21,1,,Custom software development,Tier 1,Bulgaria,41.67,240,1,0,1,2019-11-20,Senior,,
Resolved,TKT-3433,Medium,Email,Bug report,Sheela Cutten,2023-10-27 10:10:33,2023-10-29 10:10:33,2023-10-27 11:10:33,2023-10-28 19:11:27,2023-10-27 11:08:57,3,,Ready to use Software,Tier 1,Greece,33.02,58,0,0,0,2019-07-10,Senior,,
Closed,TKT-3434,Low,Email,Feature request,Connor Danielovitch,2023-10-27 12:03:12,2023-10-29 12:03:12,2023-10-27 13:03:12,2023-10-28 21:19:07,2023-10-27 12:41:09,4,3,Ready to use Software,Tier 1,United Kingdom,33.27,38,0,0,0,2018-02-15,Senior,,
Closed,TKT-3435,Low,Email,Feature request,Michele Whyatt,2023-10-27 14:44:55,2023-10-29 14:44:55,2023-10-27 15:44:55,2023-10-28 03:36:35,2023-10-27 15:26:39,3,4,Ready to use Software,Tier 2,Spain,12.86,42,0,0,0,2022-04-10,Junior,,
Resolved,TKT-3436,Low,Email,Other,Bernard Beckley,2023-10-27 19:01:06,2023-10-29 19:01:06,2023-10-27 20:01:06,2023-10-31 04:48:03,2023-10-27 19:37:30,1,,Custom software development,Tier 1,United Kingdom,81.78,36,1,1,0,2019-11-20,Senior,,
Closed,TKT-3437,Medium,Chat,Product setup,Michele Whyatt,2023-10-27 10:31:50,2023-10-28 10:31:50,2023-10-27 10:33:50,2023-10-28 07:54:35,2023-10-27 10:33:16,6,4,Other,Tier 2,Slovenia,21.38,1,0,0,0,2022-04-10,Junior,,
Resolved,TKT-3438,Low,Chat,Feature request,Sheela Cutten,2023-10-27 00:25:35,2023-10-28 00:25:35,2023-10-27 00:27:35,2023-10-31 23:09:31,2023-10-27 00:26:59,8,,Other,Tier 1,Germany,118.73,1,0,1,0,2019-07-10,Senior,,
Resolved,TKT-3439,Low,Email,Feature request,Nicola Wane,2023-10-27 23:17:33,2023-10-29 23:17:33,2023-10-28 00:17:33,2023-10-29 01:01:23,2023-10-27 23:58:53,1,,Ready to use Software,Tier 1,Spain,25.73,41,1,0,0,2021-03-12,Mid-Level,,
Closed,TKT-3440,High,Chat,Bug report,Sheela Cutten,2023-10-27 19:19:17,2023-10-28 19:19:17,2023-10-27 19:21:17,2023-10-28 15:06:04,2023-10-27 19:21:45,5,4,Training and Consulting Services,Tier 1,Bulgaria,19.78,2,0,0,1,2019-07-10,Senior,,
Resolved,TKT-3441,Low,Email,Bug report,Bernard Beckley,2023-10-27 06:45:31,2023-10-29 06:45:31,2023-10-27 07:45:31,2023-10-27 22:35:09,2023-10-27 07:35:25,1,,Ready to use Software,Tier 1,Bulgaria,15.83,50,1,0,0,2019-11-20,Senior,,
Resolved,TKT-3442,Medium,Chat,Bug report,Michele Whyatt,2023-10-27 17:22:00,2023-10-28 17:22:00,2023-10-27 17:24:00,2023-10-29 21:29:27,2023-10-27 17:23:32,6,,Ready to use Software,Tier 2,Germany,52.12,2,0,1,0,2022-04-10,Junior,,
Closed,TKT-3443,High,Phone,Feature request,Bernard Beckley,2023-10-28 19:28:01,2023-10-30 19:28:01,2023-10-28 19:30:01,2023-11-02 06:58:53,2023-10-28 19:28:42,2,5,Ready to use Software,Tier 1,United Kingdom,107.51,1,0,1,0,2019-11-20,Senior,,
In Progress,TKT-3444,Low,Chat,Bug report,Adolpho Messingham,2023-10-28 12:32:42,2023-10-29 12:32:42,2023-10-28 12:34:42,,2023-10-28 12:33:41,6,,Custom software development,Tier 2,United Kingdom,,1,0,,0,2020-05-15,Mid-Level,,
Closed,TKT-3445,Low,Phone,Product setup,Bernard Beckley,2023-10-28 15:48:50,2023-10-30 15:48:50,2023-10-28 15:50:50,2023-10-28 16:18:10,2023-10-28 15:49:39,6,3,Ready to use Software,Tier 1,Germany,0.49,1,0,0,0,2019-11-20,Senior,,
In Progress,TKT-3457,Low,Email,Pricing and licensing,Michele Whyatt,2023-10-29 00:45:51,2023-10-31 00:45:51,2023-10-29 01:45:51,,2023-10-29 01:28:19,9,,Ready to use Software,Tier 2,Germany,,42,0,,0,2022-04-10,Junior,,
Closed,TKT-3458,High,Email,Feature request,Adolpho Messingham,2023-10-29 15:26:21,2023-10-31 15:26:21,2023-10-29 16:26:21,2023-10-31 07:09:39,2023-10-29 15:26:33,1,5,Ready to use Software,Tier 2,Slovenia,39.72,0,1,0,0,2020-05-15,Mid-Level,,
Closed,TKT-3459,Low,Email,Pricing and licensing,Nicola Wane,2023-10-29 03:14:50,2023-10-31 03:14:50,2023-10-29 04:14:50,2023-10-29 08:16:52,2023-10-29 04:01:54,1,4,Other,Tier 1,Germany,5.03,47,1,0,0,2021-03-12,Mid-Level,,
Closed,TKT-3460,Low,Chat,Product setup,Sheela Cutten,2023-10-30 16:10:14,2023-10-31 16:10:14,2023-10-30 16:12:14,2023-10-31 06:09:27,2023-10-30 16:11:27,6,5,Custom software development,Tier 1,Austria,13.99,1,0,0,0,2019-07-10,Senior,,
Closed,TKT-3461,Low,Chat,Feature request,Nicola Wane,2023-10-30 06:39:12,2023-10-31 06:39:12,2023-10-30 06:41:12,2023-10-30 15:33:15,2023-10-30 06:40:01,2,3,Ready to use Software,Tier 1,Greece,8.9,1,0,0,0,2021-03-12,Mid-Level,,
Closed,TKT-3462,Medium,Email,Pricing and licensing,Bernard Beckley,2023-10-30 18:13:05,2023-11-01 18:13:05,2023-10-30 19:13:05,2023-10-30 18:15:04,2023-10-30 18:46:01,6,4,Training and Consulting Services,Tier 1,Austria,0.03,33,0,0,0,2019-11-20,Senior,,
Closed,TKT-3463,Low,Email,Purchasing and invoicing,Bernard Beckley,2023-10-30 19:30:50,2023-11-01 19:30:50,2023-10-30 20:30:50,2023-11-01 21:56:58,2023-10-30 20:07:02,8,3,Training and Consulting Services,Tier 1,Greece,50.44,36,0,1,0,2019-11-20,Senior,,
Resolved,TKT-3464,High,Email,Product setup,Heather Urry,2023-10-30 23:33:23,2023-11-01 23:33:23,2023-10-31 00:33:23,2023-10-31 11:53:32,2023-10-30 23:52:17,9,,Training and Consulting Services,Tier 2,Greece,12.34,19,0,0,0,2022-09-25,Junior,,
In Progress,TKT-3465,Low,Email,Product setup,Bernard Beckley,2023-10-30 05:51:10,2023-11-01 05:51:10,2023-10-30 06:51:10,,2023-10-30 06:04:04,2,,Custom software development,Tier 1,Austria,,13,0,,0,2019-11-20,Senior,,
Closed,TKT-3466,Medium,Chat,Feature request,Connor Danielovitch,2023-10-30 16:02:03,2023-10-31 16:02:03,2023-10-30 16:04:03,2023-11-04 02:37:43,2023-10-30 16:03:30,5,5,Ready to use Software,Tier 1,Poland,106.59,1,0,1,0,2018-02-15,Senior,,
Resolved,TKT-3467,Low,Chat,Feature request,Michele Whyatt,2023-10-31 15:07:33,2023-11-01 15:07:33,2023-10-31 15:09:33,2023-10-31 15:26:10,2023-10-31 15:07:51,6,,Ready to use Software,Tier 2,Poland,0.31,0,0,0,0,2022-04-10,Junior,,
Closed,TKT-3468,Low,Phone,Feature request,Michele Whyatt,2023-10-31 10:07:30,2023-11-02 10:07:30,2023-10-31 10:09:30,2023-11-02 16:18:08,2023-10-31 10:09:10,7,4,Other,Tier 2,Slovenia,54.18,2,0,1,0,2022-04-10,Junior,,
In Progress,TKT-3469,Low,Email,Training request,Nicola Wane,2023-10-31 20:58:47,2023-11-02 20:58:47,2023-10-31 21:58:47,,2023-10-31 21:05:33,7,,Training and Consulting Services,Tier 1,Italy,,7,0,,0,2021-03-12,Mid-Level,,
Closed,TKT-3470,Medium,Phone,Pricing and licensing,Adolpho Messingham,2023-10-31 00:37:49,2023-11-02 00:37:49,2023-10-31 00:39:49,2023-10-31 22:58:05,2023-10-31 00:38:45,4,1,Ready to use Software,Tier 2,Italy,22.34,1,0,0,0,2020-05-15,Mid-Level,,
Closed,TKT-3471,Medium,Email,Pricing and licensing,Bernard Beckley,2023-10-31 07:06:15,2023-11-02 07:06:15,2023-10-31 08:06:15,2023-11-01 02:35:45,2023-10-31 07:38:50,5,4,Ready to use Software,Tier 1,Bulgaria,19.49,33,0,0,0,2019-11-20,Senior,,
In Progress,TKT-3472,Low,Chat,Pricing and licensing,Adolpho Messingham,2023-10-31 16:06:51,2023-11-01 16:06:51,2023-10-31 16:08:51,,2023-10-31 16:06:55,5,,Ready to use Software,Tier 2,United Kingdom,,0,0,,0,2020-05-15,Mid-Level,,
Closed,TKT-3473,High,Chat,Product setup,Nicola Wane,2023-10-31 00:29:39,2023-11-01 00:29:39,2023-10-31 00:31:39,2023-10-31 12:12:37,2023-10-31 00:31:17,6,5,Ready to use Software,Tier 1,France,11.72,2,0,0,0,2021-03-12,Mid-Level,,
Closed,TKT-3474,Medium,Phone,Other,Nicola Wane,2023-10-31 00:34:03,2023-11-02 00:34:03,2023-10-31 00:36:03,2023-11-02 19:34:52,2023-10-31 00:35:12,2,5,Custom software development,Tier 1,Republic of Ireland,67.01,1,0,1,0,2021-03-12,Mid-Level,,
Closed,TKT-3475,Low,Email,Purchasing and invoicing,Heather Urry,2023-11-01 00:06:49,2023-11-03 00:06:49,2023-11-01 01:06:49,2023-11-02 05:39:06,2023-11-01 00:40:10,1,4,Custom software development,Tier 2,Poland,29.54,33,1,0,0,2022-09-25,Junior,,
Closed,TKT-3476,Medium,Chat,Product setup,Sheela Cutten,2023-11-01 23:01:47,2023-11-02 23:01:47,2023-11-01 23:03:47,2023-11-02 17:50:40,2023-11-01 23:03:04,5,4,Other,Tier 1,Bulgaria,18.81,1,0,0,0,2019-07-10,Senior,,
Closed,TKT-3477,High,Chat,Bug report,Bernard Beckley,2023-11-01 09:20:37,2023-11-02 09:20:37,2023-11-01 09:22:37,2023-11-02 01:35:38,2023-11-01 09:25:13,4,4,Ready to use Software,Tier 1,Spain,16.25,5,0,0,1,2019-11-20,Senior,,
Resolved,TKT-3478,Low,Chat,Purchasing and invoicing,Connor Danielovitch,2023-11-01 21:15:52,2023-11-02 21:15:52,2023-11-01 21:17:52,2023-11-05 12:42:49,2023-11-01 21:17:50,7,,Custom software development,Tier 1,Greece,87.45,2,0,1,0,2018-02-15,Senior,,
Closed,TKT-3479,Low,Email,Product setup,Kristos Westoll,2023-11-01 18:55:11,2023-11-03 18:55:11,2023-11-01 19:55:11,2023-11-05 23:42:31,2023-11-01 19:35:42,5,4,Ready to use Software,Tier 1,Slovenia,100.79,41,0,1,0,2021-10-18,Mid-Level,,
Closed,TKT-3480,High,Chat,Bug report,Connor Danielovitch,2023-11-01 13:07:28,2023-11-02 13:07:28,2023-11-01 13:09:28,2023-11-01 22:57:27,2023-11-01 13:07:33,5,5,Ready to use Software,Tier 1,Slovenia,9.83,0,0,0,0,2018-02-15,Senior,,
Resolved,TKT-3481,Medium,Email,Bug report,Bernard Beckley,2023-11-01 23:54:55,2023-11-03 23:54:55,2023-11-02 00:54:55,2023-11-03 06:21:11,2023-11-02 00:26:49,3,,Ready to use Software,Tier 1,Austria,30.44,32,0,0,0,2019-11-20,Senior,,
In Progress,TKT-3482,High,Email,Pricing and licensing,Adolpho Messingham,2023-11-01 10:21:54,2023-11-03 10:21:54,2023-11-01 11:21:54,,2023-11-01 10:52:35,2,,Custom software development,Tier 2,Poland,,31,0,,0,2020-05-15,Mid-Level,,
Closed,TKT-3483,Low,Chat,Product setup,Kristos Westoll,2023-11-01 15:23:00,2023-11-02 15:23:00,2023-11-01 15:25:00,2023-11-02 08:19:20,2023-11-01 15:28:04,9,4,Ready to use Software,Tier 1,Slovenia,16.94,5,0,0,1,2021-10-18,Mid-Level,,
In Progress,TKT-3484,Low,Email,Pricing and licensing,Connor Danielovitch,2023-11-01 08:18:40,2023-11-03 08:18:40,2023-11-01 09:18:40,,2023-11-01 08:36:03,1,,Ready to use Software,Tier 1,Italy,,17,1,,0,2018-02-15,Senior,,
Closed,TKT-3485,Medium,Phone,Product setup,Kristos Westoll,2023-11-01 07:01:08,2023-11-03 07:01:08,2023-11-01 07:03:08,2023-11-02 15:16:06,2023-11-01 07:03:03,7,2,Ready to use Software,Tier 1,United Kingdom,32.25,2,0,0,0,2021-10-18,Mid-Level,,
In Progress,TKT-3486,Low,Email,Pricing and licensing,Kristos Westoll,2023-11-02 19:25:27,2023-11-04 19:25:27,2023-11-02 20:25:27,,2023-11-02 20:37:40,3,,Custom software development,Tier 1,United Kingdom,,72,0,,1,2021-10-18,Mid-Level,,
Resolved,TKT-3487,Medium,Email,Product setup,Adolpho Messingham,2023-11-02 06:12:26,2023-11-04 06:12:26,2023-11-02 07:12:26,2023-11-02 10:11:00,2023-11-02 07:09:06,1,,Ready to use Software,Tier 2,Poland,3.98,57,1,0,0,2020-05-15,Mid-Level,,
Closed,TKT-3488,Medium,Chat,Other,Connor Danielovitch,2023-11-02 01:48:46,2023-11-03 01:48:46,2023-11-02 01:50:46,2023-11-04 10:10:47,2023-11-02 01:49:28,5,5,Custom software development,Tier 1,Germany,56.37,1,0,1,0,2018-02-15,Senior,,
Closed,TKT-3489,High,Chat,Product setup,Heather Urry,2023-11-02 11:02:27,2023-11-03 11:02:27,2023-11-02 11:04:27,2023-11-02 17:00:41,2023-11-02 11:04:04,8,4,Other,Tier 2,Slovenia,5.97,2,0,0,0,2022-09-25,Junior,,
In Progress,TKT-3490,Low,Email,Product setup,Adolpho Messingham,2023-11-02 02:48:53,2023-11-04 02:48:53,2023-11-02 03:48:53,,2023-11-02 03:43:20,1,,Custom software development,Tier 2,Greece,,54,1,,0,2020-05-15,Mid-Level,,
Closed,TKT-3491,High,Chat,Feature request,Sheela Cutten,2023-11-02 12:46:43,2023-11-03 12:46:43,2023-11-02 12:48:43,2023-11-02 23:30:40,2023-11-02 12:48:08,9,4,Custom software development,Tier 1,Republic of Ireland,10.73,1,0,0,0,2019-07-10,Senior,,
Closed,TKT-3492,High,Email,Product setup,Nicola Wane,2023-11-02 15:45:40,2023-11-04 15:45:40,2023-11-02 16:45:40,2023-11-07 02:46:44,2023-11-02 16:11:14,6,1,Other,Tier 1,France,107.02,26,0,1,0,2021-03-12,Mid-Level,,
Resolved,TKT-3493,Low,Email,Other,Connor Danielovitch,2023-11-02 08:00:12,2023-11-04 08:00:12,2023-11-02 09:00:12,2023-11-02 14:22:37,2023-11-02 08:19:34,7,,Other,Tier 1,Czech Republic,6.37,19,0,0,0,2018-02-15,Senior,,
In Progress,TKT-3494,High,Chat,Pricing and licensing,Sheela Cutten,2023-11-02 15:27:33,2023-11-03 15:27:33,2023-11-02 15:29:33,,2023-11-02 15:29:28,6,,Custom software development,Tier 1,Italy,,2,0,,0,2019-07-10,Senior,,
Closed,TKT-3495,Low,Email,Bug report,Adolpho Messingham,2023-11-02 06:29:35,2023-11-04 06:29:35,2023-11-02 07:29:35,2023-11-02 22:23:09,2023-11-02 07:16:20,1,5,Ready to use Software,Tier 2,Germany,15.89,47,1,0,0,2020-05-15,Mid-Level,,
Closed,TKT-3496,High,Chat,Feature request,Nicola Wane,2023-11-03 17:47:09,2023-11-04 17:47:09,2023-11-03 17:49:09,2023-11-04 15:48:21,2023-11-03 17:47:30,6,5,Custom software development,Tier 1,Austria,22.02,0,0,0,0,2021-03-12,Mid-Level,,
Closed,TKT-3497,Medium,Email,Bug report,Nicola Wane,2023-11-03 18:35:52,2023-11-05 18:35:52,2023-11-03 19:35:52,2023-11-03 22:03:38,2023-11-03 18:47:21,9,3,Ready to use Software,Tier 1,Czech Republic,3.46,11,0,0,0,2021-03-12,Mid-Level,,
Closed,TKT-3498,Low,Chat,Pricing and licensing,Nicola Wane,2023-11-03 19:42:56,2023-11-04 19:42:56,2023-11-03 19:44:56,2023-11-08 06:51:55,2023-11-03 19:43:41,4,4,Training and Consulting Services,Tier 1,Slovenia,107.15,1,0,1,0,2021-03-12,Mid-Level,,
Closed,TKT-3499,Medium,Phone,Bug report,Nicola Wane,2023-11-03 13:33:40,2023-11-05 13:33:40,2023-11-03 13:35:40,2023-11-03 23:04:46,2023-11-03 13:34:23,2,3,Ready to use Software,Tier 1,Greece,9.52,1,0,0,0,2021-03-12,Mid-Level,,
Closed,TKT-3500,High,Email,Product setup,Heather Urry,2023-11-03 15:51:20,2023-11-05 15:51:20,2023-11-03 16:51:20,2023-11-04 08:45:13,2023-11-03 16:13:18,2,5,Other,Tier 2,Austria,16.9,22,0,0,0,2022-09-25,Junior,,
Closed,TKT-3501,High,Chat,Feature request,Bernard Beckley,2023-11-03 05:18:59,2023-11-04 05:18:59,2023-11-03 05:20:59,2023-11-04 10:38:27,2023-11-03 05:20:59,5,1,Custom software development,Tier 1,Republic of Ireland,29.32,2,0,1,0,2019-11-20,Senior,,
Closed,TKT-3502,High,Email,Other,Sheela Cutten,2023-11-03 16:58:19,2023-11-05 16:58:19,2023-11-03 17:58:19,2023-11-07 03:48:16,2023-11-03 17:07:58,6,4,Ready to use Software,Tier 1,Spain,82.83,10,0,1,0,2019-07-10,Senior,,
Closed,TKT-3503,High,Chat,Pricing and licensing,Connor Danielovitch,2023-11-03 10:23:40,2023-11-04 10:23:40,2023-11-03 10:25:40,2023-11-08 18:45:04,2023-11-03 10:23:41,7,3,Other,Tier 1,Poland,128.36,0,0,1,0,2018-02-15,Senior,,
Closed,TKT-3504,Low,Chat,Other,Sheela Cutten,2023-11-03 09:23:39,2023-11-04 09:23:39,2023-11-03 09:25:39,2023-11-03 14:51:09,2023-11-03 09:27:46,2,4,Ready to use Software,Tier 1,Slovenia,5.46,4,0,0,1,2019-07-10,Senior,,
Closed,TKT-3505,Low,Chat,Product setup,Adolpho Messingham,2023-11-03 06:23:01,2023-11-04 06:23:01,2023-11-03 06:25:01,2023-11-03 16:53:33,2023-11-03 06:24:43,2,4,Other,Tier 2,Italy,10.51,2,0,0,0,2020-05-15,Mid-Level,,
Closed,TKT-3506,Low,Chat,Feature request,Michele Whyatt,2023-11-04 15:02:09,2023-11-05 15:02:09,2023-11-04 15:04:09,2023-11-05 09:40:23,2023-11-04 15:04:08,6,4,Ready to use Software,Tier 2,Germany,18.64,2,0,0,0,2022-04-10,Junior,,
In Progress,TKT-3507,High,Chat,Pricing and licensing,Kristos Westoll,2023-11-04 18:21:44,2023-11-05 18:21:44,2023-11-04 18:23:44,,2023-11-04 18:23:03,5,,Ready to use Software,Tier 1,Poland,,1,0,,0,2021-10-18,Mid-Level,,
Closed,TKT-3508,High,Chat,Pricing and licensing,Sheela Cutten,2023-11-04 21:16:05,2023-11-05 21:16:05,2023-11-04 21:18:05,2023-11-05 16:35:01,2023-11-04 21:16:09,6,4,Custom software development,Tier 1,Italy,19.32,0,0,0,0,2019-07-10,Senior,,
Closed,TKT-3522,Medium,Chat,Pricing and licensing,Sheela Cutten,2023-11-05 00:43:17,2023-11-06 00:43:17,2023-11-05 00:45:17,2023-11-07 14:26:18,2023-11-05 00:43:53,5,5,Training and Consulting Services,Tier 1,Italy,61.72,1,0,1,0,2019-07-10,Senior,,
In Progress,TKT-3523,Medium,Chat,Feature request,Bernard Beckley,2023-11-05 16:52:21,2023-11-06 16:52:21,2023-11-05 16:54:21,,2023-11-05 16:54:16,6,,Ready to use Software,Tier 1,Czech Republic,,2,0,,0,2019-11-20,Senior,,
Closed,TKT-3524,Low,Chat,Pricing and licensing,Nicola Wane,2023-11-05 12:30:09,2023-11-06 12:30:09,2023-11-05 12:32:09,2023-11-05 16:38:59,2023-11-05 12:31:00,2,1,Ready to use Software,Tier 1,Czech Republic,4.15,1,0,0,0,2021-03-12,Mid-Level,,
Closed,TKT-3525,Low,Chat,Other,Nicola Wane,2023-11-06 09:52:57,2023-11-07 09:52:57,2023-11-06 09:54:57,2023-11-06 22:56:31,2023-11-06 09:54:41,8,4,Training and Consulting Services,Tier 1,Republic of Ireland,13.06,2,0,0,0,2021-03-12,Mid-Level,,
In Progress,TKT-3526,Low,Email,Product setup,Kristos Westoll,2023-11-06 09:49:23,2023-11-08 09:49:23,2023-11-06 10:49:23,,2023-11-06 10:28:05,1,,Other,Tier 1,Czech Republic,,39,1,,0,2021-10-18,Mid-Level,,
Closed,TKT-3527,Medium,Email,Pricing and licensing,Sheela Cutten,2023-11-06 13:18:19,2023-11-08 13:18:19,2023-11-06 14:18:19,2023-11-07 18:50:13,2023-11-06 13:55:59,3,3,Other,Tier 1,Bulgaria,29.53,38,0,0,0,2019-07-10,Senior,,
Closed,TKT-3528,Low,Chat,Pricing and licensing,Sheela Cutten,2023-11-06 07:26:31,2023-11-07 07:26:31,2023-11-06 07:28:31,2023-11-06 10:44:52,2023-11-06 07:27:10,2,4,Ready to use Software,Tier 1,Bulgaria,3.31,1,0,0,0,2019-07-10,Senior,,
Closed,TKT-3529,Low,Email,Pricing and licensing,Sheela Cutten,2023-11-06 23:48:23,2023-11-08 23:48:23,2023-11-07 00:48:23,2023-11-07 09:17:13,2023-11-07 00:09:07,1,2,Ready to use Software,Tier 1,Republic of Ireland,9.48,21,1,0,0,2019-07-10,Senior,,
Closed,TKT-3530,Low,Chat,Pricing and licensing,Nicola Wane,2023-11-06 16:35:57,2023-11-07 16:35:57,2023-11-06 16:37:57,2023-11-10 17:41:52,2023-11-06 16:39:10,6,4,Ready to use Software,Tier 1,United Kingdom,97.1,3,0,1,1,2021-03-12,Mid-Level,,
Closed,TKT-3531,Low,Email,Product setup,Connor Danielovitch,2023-11-06 19:21:09,2023-11-08 19:21:09,2023-11-06 20:21:09,2023-11-07 01:34:15,2023-11-06 20:05:29,2,3,Ready to use Software,Tier 1,United Kingdom,6.22,44,0,0,0,2018-02-15,Senior,,
In Progress,TKT-3532,Medium,Email,Product setup,Kristos Westoll,2023-11-06 00:36:36,2023-11-08 00:36:36,2023-11-06 01:36:36,,2023-11-06 01:03:25,8,,Training and Consulting Services,Tier 1,Spain,,27,0,,0,2021-10-18,Mid-Level,,
Closed,TKT-3533,Low,Email,Purchasing and invoicing,Connor Danielovitch,2023-11-07 12:46:42,2023-11-09 12:46:42,2023-11-07 13:46:42,2023-11-08 21:32:08,2023-11-07 13:14:51,1,5,Ready to use Software,Tier 1,Austria,32.76,28,1,0,0,2018-02-15,Senior,,
Resolved,TKT-3534,Low,Email,Pricing and licensing,Sheela Cutten,2023-11-07 00:28:30,2023-11-09 00:28:30,2023-11-07 01:28:30,2023-11-12 20:42:54,2023-11-07 00:47:40,5,,Other,Tier 1,Austria,140.24,19,0,1,0,2019-07-10,Senior,,
Closed,TKT-3535,Low,Chat,Feature request,Nicola Wane,2023-11-07 01:41:16,2023-11-08 01:41:16,2023-11-07 01:43:16,2023-11-07 16:52:24,2023-11-07 01:42:28,6,4,Custom software development,Tier 1,Poland,15.19,1,0,0,0,2021-03-12,Mid-Level,,
Closed,TKT-3536,Medium,Email,Feature request,Kristos Westoll,2023-11-07 01:05:48,2023-11-09 01:05:48,2023-11-07 02:05:48,2023-11-07 08:43:26,2023-11-07 07:09:23,9,1,Ready to use Software,Tier 1,Germany,7.63,364,0,0,1,2021-10-18,Mid-Level,,
Closed,TKT-3537,Low,Email,Pricing and licensing,Kristos Westoll,2023-11-07 19:22:24,2023-11-09 19:22:24,2023-11-07 20:22:24,2023-11-11 13:16:25,2023-11-07 19:28:40,8,5,Other,Tier 1,Italy,89.9,6,0,1,0,2021-10-18,Mid-Level,,
Closed,TKT-3538,Low,Chat,Bug report,Kristos Westoll,2023-11-07 05:07:18,2023-11-08 05:07:18,2023-11-07 05:09:18,2023-11-07 06:33:10,2023-11-07 05:07:40,7,2,Custom software development,Tier 1,Republic of Ireland,1.43,0,0,0,0,2021-10-18,Mid-Level,,
Closed,TKT-3539,High,Chat,Other,Sheela Cutten,2023-11-07 00:47:28,2023-11-08 00:47:28,2023-11-07 00:49:28,2023-11-07 08:30:36,2023-11-07 00:47:52,6,5,Ready to use Software,Tier 1,Poland,7.72,0,0,0,0,2019-07-10,Senior,,
Closed,TKT-3540,Medium,Email,Product setup,Nicola Wane,2023-11-08 07:10:23,2023-11-10 07:10:23,2023-11-08 08:10:23,2023-11-13 07:52:06,2023-11-08 07:53:53,3,3,Ready to use Software,Tier 1,Spain,120.7,43,0,1,0,2021-03-12,Mid-Level,,
Resolved,TKT-3542,Medium,Email,Feature request,Bernard Beckley,2023-11-08 20:42:42,2023-11-10 20:42:42,2023-11-08 21:42:42,2023-11-08 20:43:53,2023-11-08 21:29:41,2,,Ready to use Software,Tier 1,Poland,0.02,47,0,0,0,2019-11-20,Senior,,
Resolved,TKT-3543,High,Email,Pricing and licensing,Bernard Beckley,2023-11-08 22:46:35,2023-11-10 22:46:35,2023-11-08 23:46:35,2023-11-09 00:42:28,2023-11-08 22:56:38,3,,Ready to use Software,Tier 1,United Kingdom,1.93,10,0,0,0,2019-11-20,Senior,,
Resolved,TKT-3544,Low,Email,Feature request,Michele Whyatt,2023-11-08 01:13:09,2023-11-10 01:13:09,2023-11-08 02:13:09,2023-11-09 18:35:28,2023-11-08 02:00:19,2,,Ready to use Software,Tier 2,Germany,41.37,47,0,0,0,2022-04-10,Junior,,
Closed,TKT-3545,Low,Email,Feature request,Bernard Beckley,2023-11-08 01:34:12,2023-11-10 01:34:12,2023-11-08 02:34:12,2023-11-09 17:06:53,2023-11-08 02:26:44,4,4,Other,Tier 1,Poland,39.54,53,0,0,0,2019-11-20,Senior,,
Closed,TKT-3546,Low,Email,Pricing and licensing,Michele Whyatt,2023-11-08 07:43:08,2023-11-10 07:43:08,2023-11-08 08:43:08,2023-11-08 17:05:37,2023-11-08 08:13:30,8,3,Training and Consulting Services,Tier 2,United Kingdom,9.37,30,0,0,0,2022-04-10,Junior,,
Resolved,TKT-3547,Medium,Chat,Other,Kristos Westoll,2023-11-08 02:07:36,2023-11-09 02:07:36,2023-11-08 02:09:36,2023-11-08 18:25:54,2023-11-08 02:13:27,2,,Training and Consulting Services,Tier 1,Italy,16.3,6,0,0,1,2021-10-18,Mid-Level,,
Resolved,TKT-3548,Low,Email,Other,Nicola Wane,2023-11-08 11:37:14,2023-11-10 11:37:14,2023-11-08 12:37:14,2023-11-11 13:57:48,2023-11-08 12:26:43,6,,Custom software development,Tier 1,Germany,74.34,49,0,1,0,2021-03-12,Mid-Level,,
Resolved,TKT-3550,Medium,Chat,Product setup,Adolpho Messingham,2023-11-08 12:19:12,2023-11-09 12:19:12,2023-11-08 12:21:12,2023-11-09 07:10:20,2023-11-08 12:20:03,5,,Ready to use Software,Tier 2,Slovenia,18.85,1,0,0,0,2020-05-15,Mid-Level,,
Closed,TKT-3551,High,Email,Feature request,Bernard Beckley,2023-11-08 21:27:37,2023-11-10 21:27:37,2023-11-08 22:27:37,2023-11-11 03:53:09,2023-11-08 21:38:20,9,4,Ready to use Software,Tier 1,Poland,54.43,11,0,1,0,2019-11-20,Senior,,
In Progress,TKT-3552,Low,Chat,Other,Kristos Westoll,2023-11-08 07:52:27,2023-11-09 07:52:27,2023-11-08 07:54:27,,2023-11-08 07:53:25,8,,Custom software development,Tier 1,France,,1,0,,0,2021-10-18,Mid-Level,,
Closed,TKT-3553,High,Email,Training request,Connor Danielovitch,2023-11-09 04:47:36,2023-11-11 04:47:36,2023-11-09 05:47:36,2023-11-09 07:06:33,2023-11-09 05:01:00,5,5,Training and Consulting Services,Tier 1,France,2.32,13,0,0,0,2018-02-15,Senior,,
In Progress,TKT-3554,Low,Email,Pricing and licensing,Bernard Beckley,2023-11-09 20:45:50,2023-11-11 20:45:50,2023-11-09 21:45:50,,2023-11-09 21:44:20,8,,Ready to use Software,Tier 1,Spain,,58,0,,0,2019-11-20,Senior,,
Closed,TKT-3555,Low,Email,Product setup,Kristos Westoll,2023-11-09 21:18:44,2023-11-11 21:18:44,2023-11-09 22:18:44,2023-11-11 09:20:17,2023-11-09 21:24:25,9,4,Other,Tier 1,Germany,36.03,6,0,0,0,2021-10-18,Mid-Level,,
Closed,TKT-3556,Low,Email,Pricing and licensing,Connor Danielovitch,2023-11-09 23:18:57,2023-11-11 23:18:57,2023-11-10 00:18:57,2023-11-10 01:44:02,2023-11-09 23:31:27,2,3,Custom software development,Tier 1,Austria,2.42,12,0,0,0,2018-02-15,Senior,,
Closed,TKT-3557,Medium,Chat,Purchasing and invoicing,Connor Danielovitch,2023-11-09 08:15:53,2023-11-10 08:15:53,2023-11-09 08:17:53,2023-11-09 23:09:37,2023-11-09 08:17:34,5,3,Ready to use Software,Tier 1,Bulgaria,14.9,2,0,0,0,2018-02-15,Senior,,
Closed,TKT-3559,High,Email,Bug report,Connor Danielovitch,2023-11-09 03:02:00,2023-11-11 03:02:00,2023-11-09 04:02:00,2023-11-11 23:07:32,2023-11-09 03:56:04,1,3,Custom software development,Tier 1,Italy,68.09,54,1,1,0,2018-02-15,Senior,,
Closed,TKT-3560,Medium,Chat,Feature request,Sheela Cutten,2023-11-09 05:13:12,2023-11-10 05:13:12,2023-11-09 05:15:12,2023-11-09 10:31:11,2023-11-09 05:13:17,4,2,Other,Tier 1,Greece,5.3,0,0,0,0,2019-07-10,Senior,,
Resolved,TKT-3561,Medium,Email,Pricing and licensing,Connor Danielovitch,2023-11-09 00:43:22,2023-11-11 00:43:22,2023-11-09 01:43:22,2023-11-10 22:06:04,2023-11-09 01:01:02,1,,Custom software development,Tier 1,Spain,45.38,18,1,0,0,2018-02-15,Senior,,
Closed,TKT-3562,High,Email,Pricing and licensing,Sheela Cutten,2023-11-10 14:10:13,2023-11-12 14:10:13,2023-11-10 15:10:13,2023-11-11 23:08:30,2023-11-10 14:27:27,1,4,Ready to use Software,Tier 1,Italy,32.97,17,1,0,0,2019-07-10,Senior,,
Closed,TKT-3563,Medium,Chat,Product setup,Sheela Cutten,2023-11-10 00:57:33,2023-11-11 00:57:33,2023-11-10 00:59:33,2023-11-14 17:09:40,2023-11-10 00:57:54,7,3,Ready to use Software,Tier 1,Italy,112.2,0,0,1,0,2019-07-10,Senior,,
Closed,TKT-3565,Low,Email,Other,Adolpho Messingham,2023-11-10 12:56:25,2023-11-12 12:56:25,2023-11-10 13:56:25,2023-11-11 22:40:13,2023-11-10 13:48:39,2,3,Ready to use Software,Tier 2,Italy,33.73,52,0,0,0,2020-05-15,Mid-Level,,
Closed,TKT-3566,Low,Phone,Product setup,Nicola Wane,2023-11-10 23:46:05,2023-11-12 23:46:05,2023-11-10 23:48:05,2023-11-11 22:08:42,2023-11-10 23:47:17,2,3,Ready to use Software,Tier 1,Austria,22.38,1,0,0,0,2021-03-12,Mid-Level,,
Closed,TKT-3567,High,Email,Product setup,Bernard Beckley,2023-11-10 11:46:55,2023-11-12 11:46:55,2023-11-10 12:46:55,2023-11-10 16:12:35,2023-11-10 11:57:57,4,4,Other,Tier 1,Czech Republic,4.43,11,0,0,0,2019-11-20,Senior,,
Resolved,TKT-3568,Low,Chat,Product setup,Sheela Cutten,2023-11-10 06:58:51,2023-11-11 06:58:51,2023-11-10 07:00:51,2023-11-11 01:54:48,2023-11-10 07:00:15,6,,Other,Tier 1,Germany,18.93,1,0,0,0,2019-07-10,Senior,,
Closed,TKT-3569,Medium,Email,Pricing and licensing,Sheela Cutten,2023-11-11 00:40:59,2023-11-13 00:40:59,2023-11-11 01:40:59,2023-11-13 04:51:56,2023-11-11 00:57:40,1,4,Custom software development,Tier 1,Bulgaria,52.18,17,1,1,0,2019-07-10,Senior,,
Closed,TKT-3570,Low,Email,Feature request,Kristos Westoll,2023-11-11 08:50:21,2023-11-13 08:50:21,2023-11-11 09:50:21,2023-11-12 08:41:12,2023-11-11 09:45:28,2,5,Other,Tier 1,Italy,23.85,55,0,0,0,2021-10-18,Mid-Level,,
Resolved,TKT-3571,High,Phone,Feature request,Nicola Wane,2023-11-11 00:34:31,2023-11-13 00:34:31,2023-11-11 00:36:31,2023-11-12 20:55:25,2023-11-11 00:37:58,4,,Ready to use Software,Tier 1,Poland,44.35,3,0,0,1,2021-03-12,Mid-Level,,
Closed,TKT-3572,Low,Chat,Purchasing and invoicing,Sheela Cutten,2023-11-11 20:11:44,2023-11-12 20:11:44,2023-11-11 20:13:44,2023-11-12 18:22:56,2023-11-11 20:12:05,2,5,Ready to use Software,Tier 1,Bulgaria,22.19,0,0,0,0,2019-07-10,Senior,,
Closed,TKT-3573,High,Email,Purchasing and invoicing,Nicola Wane,2023-11-11 00:18:43,2023-11-13 00:18:43,2023-11-11 01:18:43,2023-11-12 04:58:08,2023-11-11 00:51:59,7,3,Ready to use Software,Tier 1,Austria,28.66,33,0,0,0,2021-03-12,Mid-Level,,
Closed,TKT-3574,Medium,Email,Other,Connor Danielovitch,2023-11-12 10:50:47,2023-11-14 10:50:47,2023-11-12 11:50:47,2023-11-15 08:29:25,2023-11-12 11:19:55,2,3,Ready to use Software,Tier 1,Czech Republic,69.64,29,0,1,0,2018-02-15,Senior,,
Closed,TKT-3575,Medium,Email,Pricing and licensing,Nicola Wane,2023-11-12 00:16:05,2023-11-14 00:16:05,2023-11-12 01:16:05,2023-11-12 16:28:14,2023-11-12 00:27:52,2,5,Ready to use Software,Tier 1,Slovenia,16.2,12,0,0,0,2021-03-12,Mid-Level,,
Closed,TKT-3576,Low,Email,Product setup,Adolpho Messingham,2023-11-12 16:48:39,2023-11-14 16:48:39,2023-11-12 17:48:39,2023-11-13 14:20:56,2023-11-12 17:37:36,3,5,Training and Consulting Services,Tier 2,Republic of Ireland,21.54,49,0,0,0,2020-05-15,Mid-Level,,
Resolved,TKT-3584,Medium,Phone,Feature request,Connor Danielovitch,2023-11-13 16:51:30,2023-11-15 16:51:30,2023-11-13 16:53:30,2023-11-15 10:20:37,2023-11-13 16:53:01,2,,Other,Tier 1,France,41.49,2,0,0,0,2018-02-15,Senior,,
In Progress,TKT-3585,Low,Email,Product setup,Sheela Cutten,2023-11-13 15:05:45,2023-11-15 15:05:45,2023-11-13 16:05:45,,2023-11-13 15:55:46,5,,Ready to use Software,Tier 1,Poland,,50,0,,0,2019-07-10,Senior,,
In Progress,TKT-3586,Low,Email,Purchasing and invoicing,Nicola Wane,2023-11-13 08:27:15,2023-11-15 08:27:15,2023-11-13 09:27:15,,2023-11-13 08:59:25,5,,Custom software development,Tier 1,Republic of Ireland,,32,0,,0,2021-03-12,Mid-Level,,
Closed,TKT-3587,Low,Email,Pricing and licensing,Michele Whyatt,2023-11-13 09:31:45,2023-11-15 09:31:45,2023-11-13 10:31:45,2023-11-14 22:05:56,2023-11-13 10:23:52,7,4,Training and Consulting Services,Tier 2,United Kingdom,36.57,52,0,0,0,2022-04-10,Junior,,
Resolved,TKT-3588,High,Chat,Product setup,Sheela Cutten,2023-11-13 23:03:20,2023-11-14 23:03:20,2023-11-13 23:05:20,2023-11-14 11:15:16,2023-11-13 23:03:42,9,,Ready to use Software,Tier 1,United Kingdom,12.2,0,0,0,0,2019-07-10,Senior,,
Closed,TKT-3589,Low,Email,Purchasing and invoicing,Nicola Wane,2023-11-13 11:46:21,2023-11-15 11:46:21,2023-11-13 12:46:21,2023-11-15 03:39:50,2023-11-13 11:58:27,4,4,Ready to use Software,Tier 1,Bulgaria,39.89,12,0,0,0,2021-03-12,Mid-Level,,
In Progress,TKT-3590,Low,Chat,Product setup,Adolpho Messingham,2023-11-13 04:21:58,2023-11-14 04:21:58,2023-11-13 04:23:58,,2023-11-13 04:25:49,6,,Custom software development,Tier 2,Germany,,4,0,,1,2020-05-15,Mid-Level,,
Closed,TKT-3591,Medium,Email,Feature request,Bernard Beckley,2023-11-14 09:45:25,2023-11-16 09:45:25,2023-11-14 10:45:25,2023-11-19 00:10:52,2023-11-14 10:36:07,9,5,Ready to use Software,Tier 1,Germany,110.42,51,0,1,0,2019-11-20,Senior,,
Closed,TKT-3592,High,Phone,Product setup,Bernard Beckley,2023-11-14 12:05:31,2023-11-16 12:05:31,2023-11-14 12:07:31,2023-11-17 03:30:31,2023-11-14 12:05:33,4,5,Ready to use Software,Tier 1,Poland,63.42,0,0,1,0,2019-11-20,Senior,,
In Progress,TKT-3593,Low,Chat,Pricing and licensing,Bernard Beckley,2023-11-14 05:07:29,2023-11-15 05:07:29,2023-11-14 05:09:29,,2023-11-14 05:09:04,6,,Custom software development,Tier 1,Italy,,2,0,,0,2019-11-20,Senior,,
Closed,TKT-3594,Low,Email,Feature request,Bernard Beckley,2023-11-14 16:11:11,2023-11-16 16:11:11,2023-11-14 17:11:11,2023-11-15 16:52:02,2023-11-14 17:08:21,7,3,Ready to use Software,Tier 1,Italy,24.68,57,0,0,0,2019-11-20,Senior,,
In Progress,TKT-3595,Low,Email,Training request,Bernard Beckley,2023-11-14 09:01:58,2023-11-16 09:01:58,2023-11-14 10:01:58,,2023-11-14 09:53:19,2,,Training and Consulting Services,Tier 1,Slovenia,,51,0,,0,2019-11-20,Senior,,
Closed,TKT-3596,High,Email,Product setup,Nicola Wane,2023-11-14 21:15:29,2023-11-16 21:15:29,2023-11-14 22:15:29,2023-11-16 16:54:01,2023-11-14 22:00:15,1,4,Ready to use Software,Tier 1,Spain,43.64,45,1,0,0,2021-03-12,Mid-Level,,
Resolved,TKT-3597,Medium,Phone,Pricing and licensing,Adolpho Messingham,2023-11-14 05:20:32,2023-11-16 05:20:32,2023-11-14 05:22:32,2023-11-15 19:11:06,2023-11-14 05:22:17,1,,Ready to use Software,Tier 2,United Kingdom,37.84,2,1,0,0,2020-05-15,Mid-Level,,
In Progress,TKT-3598,High,Email,Product setup,Bernard Beckley,2023-11-14 02:14:10,2023-11-16 02:14:10,2023-11-14 03:14:10,,2023-11-14 03:06:58,7,,Ready to use Software,Tier 1,Bulgaria,,53,0,,0,2019-11-20,Senior,,
Resolved,TKT-3599,High,Chat,Pricing and licensing,Nicola Wane,2023-11-14 05:51:57,2023-11-15 05:51:57,2023-11-14 05:53:57,2023-11-18 05:17:44,2023-11-14 05:52:11,5,,Ready to use Software,Tier 1,Czech Republic,95.43,0,0,1,0,2021-03-12,Mid-Level,,
Resolved,TKT-3600,Low,Email,Product setup,Kristos Westoll,2023-11-15 13:43:51,2023-11-17 13:43:51,2023-11-15 14:43:51,2023-11-16 08:14:47,2023-11-15 14:40:46,8,,Other,Tier 1,Republic of Ireland,18.52,57,0,0,0,2021-10-18,Mid-Level,,
Closed,TKT-3601,Low,Phone,Pricing and licensing,Connor Danielovitch,2023-11-15 19:04:12,2023-11-17 19:04:12,2023-11-15 19:06:12,2023-11-16 12:15:04,2023-11-15 19:06:39,3,5,Custom software development,Tier 1,Slovenia,17.18,2,0,0,1,2018-02-15,Senior,,
In Progress,TKT-3602,Medium,Chat,Product setup,Connor Danielovitch,2023-11-15 16:13:20,2023-11-16 16:13:20,2023-11-15 16:15:20,,2023-11-15 16:14:51,6,,Training and Consulting Services,Tier 1,United Kingdom,,2,0,,0,2018-02-15,Senior,,
In Progress,TKT-3603,Low,Chat,Pricing and licensing,Heather Urry,2023-11-15 15:32:02,2023-11-16 15:32:02,2023-11-15 15:34:02,,2023-11-15 15:36:41,2,,Ready to use Software,Tier 2,United Kingdom,,5,0,,1,2022-09-25,Junior,,
Closed,TKT-3604,Low,Email,Bug report,Bernard Beckley,2023-11-15 22:41:22,2023-11-17 22:41:22,2023-11-15 23:41:22,2023-11-16 17:00:00,2023-11-15 23:16:34,2,4,Ready to use Software,Tier 1,United Kingdom,18.31,35,0,0,0,2019-11-20,Senior,,
In Progress,TKT-3605,Medium,Email,Pricing and licensing,Kristos Westoll,2023-11-15 08:13:13,2023-11-17 08:13:13,2023-11-15 09:13:13,,2023-11-15 09:57:35,1,,Other,Tier 1,Poland,,104,1,,1,2021-10-18,Mid-Level,,
Resolved,TKT-3606,Low,Email,Feature request,Nicola Wane,2023-11-15 19:48:19,2023-11-17 19:48:19,2023-11-15 20:48:19,2023-11-17 22:03:12,2023-11-15 19:56:51,8,,Ready to use Software,Tier 1,Greece,50.25,9,0,1,0,2021-03-12,Mid-Level,,
Closed,TKT-3607,Medium,Chat,Other,Bernard Beckley,2023-11-15 17:46:50,2023-11-16 17:46:50,2023-11-15 17:48:50,2023-11-16 12:53:29,2023-11-15 17:47:24,5,5,Training and Consulting Services,Tier 1,United Kingdom,19.11,1,0,0,0,2019-11-20,Senior,,
Closed,TKT-3608,Low,Chat,Product setup,Connor Danielovitch,2023-11-16 14:57:42,2023-11-17 14:57:42,2023-11-16 14:59:42,2023-11-19 05:59:55,2023-11-16 14:59:14,5,3,Ready to use Software,Tier 1,United Kingdom,63.04,2,0,1,0,2018-02-15,Senior,,
Closed,TKT-3609,Low,Email,Product setup,Sheela Cutten,2023-11-16 02:43:21,2023-11-18 02:43:21,2023-11-16 03:43:21,2023-11-17 18:07:26,2023-11-16 03:31:44,1,4,Ready to use Software,Tier 1,Greece,39.4,48,1,0,0,2019-07-10,Senior,,
In Progress,TKT-3610,Medium,Chat,Purchasing and invoicing,Adolpho Messingham,2023-11-16 12:28:46,2023-11-17 12:28:46,2023-11-16 12:30:46,,2023-11-16 12:30:14,8,,Ready to use Software,Tier 2,Germany,,1,0,,0,2020-05-15,Mid-Level,,
Closed,TKT-3611,High,Email,Pricing and licensing,Nicola Wane,2023-11-16 05:59:23,2023-11-18 05:59:23,2023-11-16 06:59:23,2023-11-17 05:49:31,2023-11-16 06:01:10,1,4,Custom software development,Tier 1,Germany,23.84,2,1,0,0,2021-03-12,Mid-Level,,
Closed,TKT-3612,Low,Chat,Pricing and licensing,Nicola Wane,2023-11-16 16:11:44,2023-11-17 16:11:44,2023-11-16 16:13:44,2023-11-16 19:28:26,2023-11-16 16:12:45,4,4,Training and Consulting Services,Tier 1,Poland,3.28,1,0,0,0,2021-03-12,Mid-Level,,
Resolved,TKT-3613,Low,Chat,Pricing and licensing,Michele Whyatt,2023-11-16 03:18:36,2023-11-17 03:18:36,2023-11-16 03:20:36,2023-11-20 07:19:08,2023-11-16 03:19:04,2,,Custom software development,Tier 2,Republic of Ireland,100.01,0,0,1,0,2022-04-10,Junior,,
Closed,TKT-3614,Low,Email,Product setup,Heather Urry,2023-11-16 00:09:43,2023-11-18 00:09:43,2023-11-16 01:09:43,2023-11-20 17:00:25,2023-11-16 00:56:30,10,2,Training and Consulting Services,Tier 2,Poland,112.84,47,0,1,0,2022-09-25,Junior,,
In Progress,TKT-3615,Low,Chat,Training request,Connor Danielovitch,2023-11-17 21:49:34,2023-11-18 21:49:34,2023-11-17 21:51:34,,2023-11-17 21:50:52,6,,Training and Consulting Services,Tier 1,Bulgaria,,1,0,,0,2018-02-15,Senior,,
In Progress,TKT-3616,Low,Email,Feature request,Nicola Wane,2023-11-17 05:21:24,2023-11-19 05:21:24,2023-11-17 06:21:24,,2023-11-17 05:33:49,2,,Ready to use Software,Tier 1,United Kingdom,,12,0,,0,2021-03-12,Mid-Level,,
Resolved,TKT-3617,Medium,Email,Product setup,Adolpho Messingham,2023-11-17 07:52:27,2023-11-19 07:52:27,2023-11-17 08:52:27,2023-11-18 06:09:16,2023-11-17 08:23:56,3,,Other,Tier 2,Slovenia,22.28,31,0,0,0,2020-05-15,Mid-Level,,
Closed,TKT-3618,Medium,Email,Feature request,Kristos Westoll,2023-11-17 19:40:21,2023-11-19 19:40:21,2023-11-17 20:40:21,2023-11-19 18:21:28,2023-11-17 19:55:00,3,5,Ready to use Software,Tier 1,France,46.69,15,0,0,0,2021-10-18,Mid-Level,,
Closed,TKT-3619,Medium,Email,Feature request,Connor Danielovitch,2023-11-17 10:04:40,2023-11-19 10:04:40,2023-11-17 11:04:40,2023-11-20 05:46:45,2023-11-17 10:22:14,4,5,Custom software development,Tier 1,Czech Republic,67.7,18,0,1,0,2018-02-15,Senior,,
Resolved,TKT-3620,Low,Email,Pricing and licensing,Sheela Cutten,2023-11-17 20:00:23,2023-11-19 20:00:23,2023-11-17 21:00:23,2023-11-18 07:32:23,2023-11-17 20:39:52,6,,Custom software development,Tier 1,Czech Republic,11.53,39,0,0,0,2019-07-10,Senior,,
Closed,TKT-3621,Low,Chat,Pricing and licensing,Nicola Wane,2023-11-17 15:36:27,2023-11-18 15:36:27,2023-11-17 15:38:27,2023-11-18 12:34:35,2023-11-17 15:36:49,5,3,Custom software development,Tier 1,Italy,20.97,0,0,0,0,2021-03-12,Mid-Level,,
Closed,TKT-3622,Low,Chat,Pricing and licensing,Sheela Cutten,2023-11-17 10:27:31,2023-11-18 10:27:31,2023-11-17 10:29:31,2023-11-18 01:21:37,2023-11-17 10:29:28,2,5,Other,Tier 1,Germany,14.9,2,0,0,0,2019-07-10,Senior,,
Closed,TKT-3628,Low,Chat,Bug report,Michele Whyatt,2023-11-18 02:08:40,2023-11-19 02:08:40,2023-11-18 02:10:40,2023-11-18 03:13:35,2023-11-18 02:09:50,60,1,Other,Tier 2,Spain,1.08,1,0,0,0,2022-04-10,Junior,,
Closed,TKT-3629,Low,Chat,Purchasing and invoicing,Bernard Beckley,2023-11-18 11:16:30,2023-11-19 11:16:30,2023-11-18 11:18:30,2023-11-18 13:07:03,2023-11-18 11:16:31,5,2,Other,Tier 1,United Kingdom,1.84,0,0,0,0,2019-11-20,Senior,,
Resolved,TKT-3630,Medium,Email,Purchasing and invoicing,Kristos Westoll,2023-11-18 20:23:28,2023-11-20 20:23:28,2023-11-18 21:23:28,2023-11-19 16:14:03,2023-11-18 20:41:39,6,,Ready to use Software,Tier 1,Slovenia,19.84,18,0,0,0,2021-10-18,Mid-Level,,
Resolved,TKT-3631,Low,Phone,Product setup,Connor Danielovitch,2023-11-19 20:03:12,2023-11-21 20:03:12,2023-11-19 20:05:12,2023-11-20 01:58:39,2023-11-19 20:04:19,4,,Ready to use Software,Tier 1,Spain,5.92,1,0,0,0,2018-02-15,Senior,,
Closed,TKT-3632,Low,Phone,Feature request,Nicola Wane,2023-11-19 01:53:46,2023-11-21 01:53:46,2023-11-19 01:55:46,2023-11-20 21:23:51,2023-11-19 01:54:36,1,4,Ready to use Software,Tier 1,Slovenia,43.5,1,1,0,0,2021-03-12,Mid-Level,,
Resolved,TKT-3633,Low,Email,Pricing and licensing,Connor Danielovitch,2023-11-19 01:06:29,2023-11-21 01:06:29,2023-11-19 02:06:29,2023-11-21 02:14:29,2023-11-19 01:26:22,2,,Training and Consulting Services,Tier 1,Spain,49.13,20,0,1,0,2018-02-15,Senior,,
Resolved,TKT-3634,Low,Email,Feature request,Sheela Cutten,2023-11-19 07:13:50,2023-11-21 07:13:50,2023-11-19 08:13:50,2023-11-24 22:46:56,2023-11-19 08:02:04,9,,Custom software development,Tier 1,Germany,135.55,48,0,1,0,2019-07-10,Senior,,
Closed,TKT-3641,Low,Phone,Pricing and licensing,Bernard Beckley,2023-11-19 08:01:12,2023-11-21 08:01:12,2023-11-19 08:03:12,2023-11-22 22:07:21,2023-11-19 08:01:18,7,2,Other,Tier 1,Italy,86.1,0,0,1,0,2019-11-20,Senior,,
Closed,TKT-3642,Medium,Email,Purchasing and invoicing,Nicola Wane,2023-11-20 21:50:19,2023-11-22 21:50:19,2023-11-20 22:50:19,2023-11-22 01:22:30,2023-11-20 22:24:15,10,4,Other,Tier 1,Germany,27.54,34,0,0,0,2021-03-12,Mid-Level,,
Closed,TKT-3643,Low,Chat,Pricing and licensing,Bernard Beckley,2023-11-20 15:38:44,2023-11-21 15:38:44,2023-11-20 15:40:44,2023-11-21 13:26:19,2023-11-20 15:38:53,2,3,Other,Tier 1,Slovenia,21.79,0,0,0,0,2019-11-20,Senior,,
In Progress,TKT-3644,High,Phone,Product setup,Bernard Beckley,2023-11-20 04:03:51,2023-11-22 04:03:51,2023-11-20 04:05:51,,2023-11-20 04:04:24,3,,Ready to use Software,Tier 1,Italy,,1,0,,0,2019-11-20,Senior,,
Closed,TKT-3646,High,Email,Feature request,Bernard Beckley,2023-11-20 08:48:59,2023-11-22 08:48:59,2023-11-20 09:48:59,2023-11-21 23:28:41,2023-11-20 09:00:30,2,5,Custom software development,Tier 1,Slovenia,38.66,12,0,0,0,2019-11-20,Senior,,
Closed,TKT-3647,Low,Email,Product setup,Michele Whyatt,2023-11-20 16:00:41,2023-11-22 16:00:41,2023-11-20 17:00:41,2023-11-22 01:08:54,2023-11-20 16:16:14,3,4,Ready to use Software,Tier 2,Italy,33.14,16,0,0,0,2022-04-10,Junior,,
Resolved,TKT-3648,High,Chat,Product setup,Sheela Cutten,2023-11-20 06:00:11,2023-11-21 06:00:11,2023-11-20 06:02:11,2023-11-20 10:33:01,2023-11-20 06:00:46,8,,Training and Consulting Services,Tier 1,Germany,4.55,1,0,0,0,2019-07-10,Senior,,
In Progress,TKT-3649,Medium,Email,Bug report,Connor Danielovitch,2023-11-20 19:02:57,2023-11-22 19:02:57,2023-11-20 20:02:57,,2023-11-20 19:07:08,1,,Ready to use Software,Tier 1,France,,4,1,,0,2018-02-15,Senior,,
Closed,TKT-3650,Medium,Email,Feature request,Connor Danielovitch,2023-11-21 07:35:59,2023-11-23 07:35:59,2023-11-21 08:35:59,2023-11-23 02:01:22,2023-11-21 07:43:19,3,5,Other,Tier 1,Germany,42.42,7,0,0,0,2018-02-15,Senior,,
Closed,TKT-3651,Low,Email,Bug report,Heather Urry,2023-11-21 00:03:06,2023-11-23 00:03:06,2023-11-21 01:03:06,2023-11-21 13:40:19,2023-11-21 00:54:29,10,4,Other,Tier 2,Republic of Ireland,13.62,51,0,0,0,2022-09-25,Junior,,
Closed,TKT-3652,Low,Chat,Feature request,Kristos Westoll,2023-11-21 22:55:54,2023-11-22 22:55:54,2023-11-21 22:57:54,2023-11-26 12:28:44,2023-11-21 22:57:09,5,4,Custom software development,Tier 1,United Kingdom,109.55,1,0,1,0,2021-10-18,Mid-Level,,
Closed,TKT-3653,Medium,Email,Pricing and licensing,Sheela Cutten,2023-11-21 06:59:06,2023-11-23 06:59:06,2023-11-21 07:59:06,2023-11-21 19:03:07,2023-11-21 06:59:39,2,5,Custom software development,Tier 1,Poland,12.07,1,0,0,0,2019-07-10,Senior,,
Closed,TKT-3654,Medium,Chat,Feature request,Adolpho Messingham,2023-11-21 19:03:23,2023-11-22 19:03:23,2023-11-21 19:05:23,2023-11-22 02:22:59,2023-11-21 19:08:34,2,3,Ready to use Software,Tier 2,Bulgaria,7.33,5,0,0,1,2020-05-15,Mid-Level,,
Closed,TKT-3655,High,Email,Product setup,Kristos Westoll,2023-11-21 23:09:47,2023-11-23 23:09:47,2023-11-22 00:09:47,2023-11-23 20:08:59,2023-11-21 23:25:51,1,3,Ready to use Software,Tier 1,Italy,44.99,16,1,0,0,2021-10-18,Mid-Level,,
Closed,TKT-3656,Medium,Chat,Other,Connor Danielovitch,2023-11-21 06:29:06,2023-11-22 06:29:06,2023-11-21 06:31:06,2023-11-23 20:16:13,2023-11-21 06:30:53,2,3,Other,Tier 1,Spain,61.79,2,0,1,0,2018-02-15,Senior,,
Closed,TKT-3657,High,Chat,Pricing and licensing,Kristos Westoll,2023-11-21 15:47:44,2023-11-22 15:47:44,2023-11-21 15:49:44,2023-11-27 00:27:45,2023-11-21 15:47:55,6,4,Ready to use Software,Tier 1,Italy,128.67,0,0,1,0,2021-10-18,Mid-Level,,
Resolved,TKT-3658,Medium,Chat,Purchasing and invoicing,Kristos Westoll,2023-11-22 09:08:52,2023-11-23 09:08:52,2023-11-22 09:10:52,2023-11-23 09:27:43,2023-11-22 09:10:06,5,,Custom software development,Tier 1,Austria,24.31,1,0,1,0,2021-10-18,Mid-Level,,
Resolved,TKT-3659,High,Chat,Pricing and licensing,Michele Whyatt,2023-11-22 04:35:34,2023-11-23 04:35:34,2023-11-22 04:37:34,2023-11-22 19:39:26,2023-11-22 04:36:03,2,,Ready to use Software,Tier 2,Czech Republic,15.06,0,0,0,0,2022-04-10,Junior,,
In Progress,TKT-3660,Low,Email,Product setup,Nicola Wane,2023-11-22 15:51:37,2023-11-24 15:51:37,2023-11-22 16:51:37,,2023-11-22 16:32:07,10,,Ready to use Software,Tier 1,Italy,,41,0,,0,2021-03-12,Mid-Level,,
Closed,TKT-3661,High,Chat,Feature request,Adolpho Messingham,2023-11-22 09:38:49,2023-11-23 09:38:49,2023-11-22 09:40:49,2023-11-23 03:16:37,2023-11-22 09:42:58,2,3,Custom software development,Tier 2,United Kingdom,17.63,4,0,0,1,2020-05-15,Mid-Level,,
Closed,TKT-3662,High,Chat,Pricing and licensing,Bernard Beckley,2023-11-22 11:28:44,2023-11-23 11:28:44,2023-11-22 11:30:44,2023-11-22 14:09:16,2023-11-22 11:29:15,6,3,Custom software development,Tier 1,Poland,2.68,1,0,0,0,2019-11-20,Senior,,
Closed,TKT-3663,Low,Email,Pricing and licensing,Nicola Wane,2023-11-22 06:02:56,2023-11-24 06:02:56,2023-11-22 07:02:56,2023-11-22 23:17:22,2023-11-22 10:44:09,10,4,Custom software development,Tier 1,Poland,17.24,281,0,0,1,2021-03-12,Mid-Level,,
Closed,TKT-3664,Medium,Chat,Product setup,Adolpho Messingham,2023-11-22 23:44:36,2023-11-23 23:44:36,2023-11-22 23:46:36,2023-11-23 13:28:32,2023-11-22 23:45:25,6,4,Ready to use Software,Tier 2,Poland,13.73,1,0,0,0,2020-05-15,Mid-Level,,
Resolved,TKT-3665,Low,Chat,Product setup,Heather Urry,2023-11-22 14:26:53,2023-11-23 14:26:53,2023-11-22 14:28:53,2023-11-25 19:50:05,2023-11-22 14:28:05,6,,Custom software development,Tier 2,Poland,77.39,1,0,1,0,2022-09-25,Junior,,
In Progress,TKT-3669,Low,Chat,Pricing and licensing,Connor Danielovitch,2023-11-23 06:42:07,2023-11-24 06:42:07,2023-11-23 06:44:07,,2023-11-23 06:43:29,2,,Ready to use Software,Tier 1,Germany,,1,0,,0,2018-02-15,Senior,,
Resolved,TKT-3670,Medium,Chat,Bug report,Bernard Beckley,2023-11-23 19:35:42,2023-11-24 19:35:42,2023-11-23 19:37:42,2023-11-27 08:54:07,2023-11-23 19:36:30,5,,Custom software development,Tier 1,Italy,85.31,1,0,1,0,2019-11-20,Senior,,
Resolved,TKT-3671,High,Chat,Pricing and licensing,Bernard Beckley,2023-11-23 05:58:08,2023-11-24 05:58:08,2023-11-23 06:00:08,2023-11-23 13:18:37,2023-11-23 05:58:24,5,,Ready to use Software,Tier 1,Poland,7.34,0,0,0,0,2019-11-20,Senior,,
Resolved,TKT-3672,Low,Chat,Purchasing and invoicing,Michele Whyatt,2023-11-23 10:29:17,2023-11-24 10:29:17,2023-11-23 10:31:17,2023-11-23 16:37:46,2023-11-23 10:30:21,8,,Training and Consulting Services,Tier 2,Czech Republic,6.14,1,0,0,0,2022-04-10,Junior,,
Closed,TKT-3673,Medium,Email,Purchasing and invoicing,Nicola Wane,2023-11-23 10:29:18,2023-11-25 10:29:18,2023-11-23 11:29:18,2023-11-26 16:12:58,2023-11-23 11:27:40,1,5,Ready to use Software,Tier 1,Greece,77.73,58,1,1,0,2021-03-12,Mid-Level,,
Resolved,TKT-3674,Low,Chat,Feature request,Nicola Wane,2023-11-24 00:20:37,2023-11-25 00:20:37,2023-11-24 00:22:37,2023-11-25 12:24:19,2023-11-24 00:21:07,6,,Ready to use Software,Tier 1,France,36.06,1,0,1,0,2021-03-12,Mid-Level,,
Closed,TKT-3675,Low,Email,Other,Bernard Beckley,2023-11-24 10:39:39,2023-11-26 10:39:39,2023-11-24 11:39:39,2023-11-26 00:25:24,2023-11-24 10:43:58,9,2,Training and Consulting Services,Tier 1,Poland,37.76,4,0,0,0,2019-11-20,Senior,,
Resolved,TKT-3677,High,Email,Product setup,Michele Whyatt,2023-11-24 01:46:54,2023-11-26 01:46:54,2023-11-24 02:46:54,2023-11-24 09:10:04,2023-11-24 02:16:10,2,,Ready to use Software,Tier 2,Austria,7.39,29,0,0,0,2022-04-10,Junior,,
Closed,TKT-3678,Medium,Email,Bug report,Nicola Wane,2023-11-24 14:47:52,2023-11-26 14:47:52,2023-11-24 15:47:52,2023-11-24 21:03:39,2023-11-24 15:34:43,2,3,Ready to use Software,Tier 1,Germany,6.26,47,0,0,0,2021-03-12,Mid-Level,,
Resolved,TKT-3679,Medium,Email,Training request,Heather Urry,2023-11-24 02:11:22,2023-11-26 02:11:22,2023-11-24 03:11:22,2023-11-29 21:57:52,2023-11-24 02:12:08,7,,Training and Consulting Services,Tier 2,Poland,139.77,1,0,1,0,2022-09-25,Junior,,
Closed,TKT-3680,High,Email,Other,Sheela Cutten,2023-11-24 23:36:32,2023-11-26 23:36:32,2023-11-25 00:36:32,2023-11-25 05:02:36,2023-11-25 00:33:14,2,5,Training and Consulting Services,Tier 1,Italy,5.43,57,0,0,0,2019-07-10,Senior,,
Closed,TKT-3681,Low,Email,Pricing and licensing,Nicola Wane,2023-11-24 10:27:27,2023-11-26 10:27:27,2023-11-24 11:27:27,2023-11-29 12:33:08,2023-11-24 11:07:17,2,2,Custom software development,Tier 1,Germany,122.09,40,0,1,0,2021-03-12,Mid-Level,,
Closed,TKT-3682,Low,Phone,Feature request,Bernard Beckley,2023-11-24 11:18:52,2023-11-26 11:18:52,2023-11-24 11:20:52,2023-11-25 02:11:57,2023-11-24 11:22:47,2,4,Custom software development,Tier 1,United Kingdom,14.88,4,0,0,1,2019-11-20,Senior,,
Resolved,TKT-3683,Low,Email,Pricing and licensing,Kristos Westoll,2023-11-24 04:11:59,2023-11-26 04:11:59,2023-11-24 05:11:59,2023-11-25 04:58:04,2023-11-24 04:33:06,1,,Ready to use Software,Tier 1,Republic of Ireland,24.77,21,1,0,0,2021-10-18,Mid-Level,,
Closed,TKT-3684,Low,Chat,Product setup,Adolpho Messingham,2023-11-24 07:46:27,2023-11-25 07:46:27,2023-11-24 07:48:27,2023-11-24 08:54:21,2023-11-24 07:46:47,6,4,Ready to use Software,Tier 2,Germany,1.13,0,0,0,0,2020-05-15,Mid-Level,,
Resolved,TKT-3685,Low,Chat,Product setup,Kristos Westoll,2023-11-24 15:45:32,2023-11-25 15:45:32,2023-11-24 15:47:32,2023-11-27 02:18:29,2023-11-24 15:47:40,5,,Ready to use Software,Tier 1,Italy,58.55,2,0,1,1,2021-10-18,Mid-Level,,
Closed,TKT-3686,Low,Chat,Bug report,Kristos Westoll,2023-11-25 19:03:37,2023-11-26 19:03:37,2023-11-25 19:05:37,2023-11-25 21:58:55,2023-11-25 19:03:42,2,4,Ready to use Software,Tier 1,Germany,2.92,0,0,0,0,2021-10-18,Mid-Level,,
Resolved,TKT-3693,High,Chat,Bug report,Kristos Westoll,2023-11-25 11:16:49,2023-11-26 11:16:49,2023-11-25 11:18:49,2023-11-25 23:40:03,2023-11-25 11:17:42,60,,Ready to use Software,Tier 1,Czech Republic,12.39,1,0,0,0,2021-10-18,Mid-Level,,
In Progress,TKT-3695,Low,Chat,Feature request,Nicola Wane,2023-11-26 16:49:41,2023-11-27 16:49:41,2023-11-26 16:51:41,,2023-11-26 16:51:04,6,,Ready to use Software,Tier 1,Poland,,1,0,,0,2021-03-12,Mid-Level,,
Closed,TKT-3696,Low,Chat,Product setup,Adolpho Messingham,2023-11-26 02:11:43,2023-11-27 02:11:43,2023-11-26 02:13:43,2023-11-26 18:12:17,2023-11-26 02:13:26,2,5,Custom software development,Tier 2,Austria,16.01,2,0,0,0,2020-05-15,Mid-Level,,
Closed,TKT-3697,Medium,Email,Product setup,Michele Whyatt,2023-11-27 14:51:28,2023-11-29 14:51:28,2023-11-27 15:51:28,2023-11-28 05:17:54,2023-11-27 14:56:34,1,1,Ready to use Software,Tier 2,France,14.44,5,1,0,0,2022-04-10,Junior,,
Closed,TKT-3698,High,Email,Product setup,Sheela Cutten,2023-11-27 09:25:50,2023-11-29 09:25:50,2023-11-27 10:25:50,2023-11-29 15:47:20,2023-11-27 10:21:39,4,4,Ready to use Software,Tier 1,Italy,54.36,56,0,1,0,2019-07-10,Senior,,
Resolved,TKT-3699,Medium,Email,Bug report,Adolpho Messingham,2023-11-27 03:24:46,2023-11-29 03:24:46,2023-11-27 04:24:46,2023-11-30 18:53:19,2023-11-27 04:22:33,5,,Custom software development,Tier 2,United Kingdom,87.48,58,0,1,0,2020-05-15,Mid-Level,,
In Progress,TKT-3700,High,Chat,Feature request,Bernard Beckley,2023-11-27 07:00:19,2023-11-28 07:00:19,2023-11-27 07:02:19,,2023-11-27 07:05:57,6,,Custom software development,Tier 1,Italy,,6,0,,1,2019-11-20,Senior,,
Closed,TKT-3701,High,Email,Purchasing and invoicing,Nicola Wane,2023-11-27 14:41:58,2023-11-29 14:41:58,2023-11-27 15:41:58,2023-11-29 11:08:48,2023-11-27 15:39:51,5,4,Custom software development,Tier 1,United Kingdom,44.45,58,0,0,0,2021-03-12,Mid-Level,,
Closed,TKT-3703,Low,Email,Pricing and licensing,Nicola Wane,2023-11-27 20:44:12,2023-11-29 20:44:12,2023-11-27 21:44:12,2023-11-28 13:17:30,2023-11-27 21:14:16,1,4,Custom software development,Tier 1,United Kingdom,16.56,30,1,0,0,2021-03-12,Mid-Level,,
Resolved,TKT-3704,High,Chat,Product setup,Michele Whyatt,2023-11-27 06:31:14,2023-11-28 06:31:14,2023-11-27 06:33:14,2023-12-02 05:33:10,2023-11-27 06:31:53,2,,Ready to use Software,Tier 2,Italy,119.03,1,0,1,0,2022-04-10,Junior,,
Closed,TKT-3705,Low,Chat,Purchasing and invoicing,Sheela Cutten,2023-11-27 04:05:38,2023-11-28 04:05:38,2023-11-27 04:07:38,2023-11-28 01:48:32,2023-11-27 04:06:21,6,2,Other,Tier 1,Poland,21.71,1,0,0,0,2019-07-10,Senior,,
Closed,TKT-3706,Low,Email,Bug report,Bernard Beckley,2023-11-27 01:35:50,2023-11-29 01:35:50,2023-11-27 02:35:50,2023-11-27 04:07:47,2023-11-27 02:23:12,5,2,Training and Consulting Services,Tier 1,Germany,2.53,47,0,0,0,2019-11-20,Senior,,
Resolved,TKT-3707,Low,Email,Product setup,Sheela Cutten,2023-11-28 01:50:18,2023-11-30 01:50:18,2023-11-28 02:50:18,2023-12-03 14:32:58,2023-11-28 02:26:29,4,,Ready to use Software,Tier 1,Italy,132.71,36,0,1,0,2019-07-10,Senior,,
Resolved,TKT-3708,Medium,Email,Purchasing and invoicing,Adolpho Messingham,2023-11-28 02:08:15,2023-11-30 02:08:15,2023-11-28 03:08:15,2023-11-28 04:33:22,2023-11-28 02:43:20,1,,Custom software development,Tier 2,France,2.42,35,1,0,0,2020-05-15,Mid-Level,,
Closed,TKT-3709,Low,Email,Feature request,Sheela Cutten,2023-11-28 10:37:48,2023-11-30 10:37:48,2023-11-28 11:37:48,2023-12-03 09:03:44,2023-11-28 13:17:35,8,3,Other,Tier 1,Italy,118.43,160,0,1,1,2019-07-10,Senior,,
In Progress,TKT-3710,Low,Email,Product setup,Sheela Cutten,2023-11-28 07:52:47,2023-11-30 07:52:47,2023-11-28 08:52:47,,2023-11-28 08:30:36,8,,Ready to use Software,Tier 1,Italy,,38,0,,0,2019-07-10,Senior,,
Resolved,TKT-3711,Low,Email,Product setup,Nicola Wane,2023-11-28 18:20:48,2023-11-30 18:20:48,2023-11-28 19:20:48,2023-11-29 23:37:00,2023-11-28 18:59:12,8,,Ready to use Software,Tier 1,Slovenia,29.27,38,0,0,0,2021-03-12,Mid-Level,,
Closed,TKT-3712,High,Email,Feature request,Adolpho Messingham,2023-11-29 02:28:15,2023-12-01 02:28:15,2023-11-29 03:28:15,2023-11-29 22:23:25,2023-11-29 02:34:01,2,1,Custom software development,Tier 2,Poland,19.92,6,0,0,0,2020-05-15,Mid-Level,,
In Progress,TKT-3713,Low,Email,Bug report,Connor Danielovitch,2023-11-29 15:15:55,2023-12-01 15:15:55,2023-11-29 16:15:55,,2023-11-29 15:33:57,10,,Ready to use Software,Tier 1,Greece,,18,0,,0,2018-02-15,Senior,,
Closed,TKT-3715,Medium,Chat,Purchasing and invoicing,Sheela Cutten,2023-11-29 04:46:58,2023-11-30 04:46:58,2023-11-29 04:48:58,2023-11-29 20:39:33,2023-11-29 04:48:13,8,2,Other,Tier 1,Poland,15.88,1,0,0,0,2019-07-10,Senior,,
In Progress,TKT-3716,Low,Chat,Product setup,Nicola Wane,2023-11-29 03:34:33,2023-11-30 03:34:33,2023-11-29 03:36:33,,2023-11-29 03:34:38,5,,Training and Consulting Services,Tier 1,France,,0,0,,0,2021-03-12,Mid-Level,,
Resolved,TKT-3717,Medium,Phone,Pricing and licensing,Sheela Cutten,2023-11-29 13:23:18,2023-12-01 13:23:18,2023-11-29 13:25:18,2023-11-30 15:16:03,2023-11-29 13:24:58,1,,Custom software development,Tier 1,Germany,25.88,2,1,0,0,2019-07-10,Senior,,
In Progress,TKT-3718,Medium,Chat,Feature request,Bernard Beckley,2023-11-29 11:04:30,2023-11-30 11:04:30,2023-11-29 11:06:30,,2023-11-29 11:04:43,60,,Custom software development,Tier 1,Italy,,0,0,,0,2019-11-20,Senior,,
Closed,TKT-3719,Medium,Chat,Pricing and licensing,Bernard Beckley,2023-11-29 02:12:23,2023-11-30 02:12:23,2023-11-29 02:14:23,2023-11-30 19:10:47,2023-11-29 02:13:01,8,4,Training and Consulting Services,Tier 1,Germany,40.97,1,0,1,0,2019-11-20,Senior,,
Closed,TKT-3720,Medium,Phone,Feature request,Connor Danielovitch,2023-11-29 03:46:33,2023-12-01 03:46:33,2023-11-29 03:48:33,2023-11-30 00:57:54,2023-11-29 03:47:40,6,5,Ready to use Software,Tier 1,Poland,21.19,1,0,0,0,2018-02-15,Senior,,
Closed,TKT-3721,High,Email,Pricing and licensing,Connor Danielovitch,2023-11-29 00:31:07,2023-12-01 00:31:07,2023-11-29 01:31:07,2023-11-30 06:00:46,2023-11-29 00:59:46,1,5,Ready to use Software,Tier 1,Bulgaria,29.49,29,1,0,0,2018-02-15,Senior,,
Closed,TKT-3722,Low,Phone,Pricing and licensing,Sheela Cutten,2023-11-29 12:46:20,2023-12-01 12:46:20,2023-11-29 12:48:20,2023-12-01 09:30:32,2023-11-29 12:46:49,2,3,Other,Tier 1,Czech Republic,44.74,0,0,0,0,2019-07-10,Senior,,
Closed,TKT-3723,Low,Email,Feature request,Bernard Beckley,2023-11-29 20:07:50,2023-12-01 20:07:50,2023-11-29 21:07:50,2023-11-29 21:45:05,2023-11-29 20:21:10,9,3,Custom software development,Tier 1,United Kingdom,1.62,13,0,0,0,2019-11-20,Senior,,
Resolved,TKT-3724,High,Email,Purchasing and invoicing,Kristos Westoll,2023-11-30 07:39:04,2023-12-02 07:39:04,2023-11-30 08:39:04,2023-12-02 09:19:52,2023-11-30 08:08:17,2,,Custom software development,Tier 1,Greece,49.68,29,0,1,0,2021-10-18,Mid-Level,,
Closed,TKT-3725,Low,Phone,Pricing and licensing,Bernard Beckley,2023-11-30 12:40:21,2023-12-02 12:40:21,2023-11-30 12:42:21,2023-12-04 18:26:21,2023-11-30 12:41:22,4,5,Ready to use Software,Tier 1,Germany,101.77,1,0,1,0,2019-11-20,Senior,,
Closed,TKT-3726,Low,Email,Pricing and licensing,Adolpho Messingham,2023-11-30 08:39:54,2023-12-02 08:39:54,2023-11-30 09:39:54,2023-12-01 11:13:30,2023-11-30 09:15:18,1,3,Ready to use Software,Tier 2,Poland,26.56,35,1,0,0,2020-05-15,Mid-Level,,
Resolved,TKT-3727,High,Chat,Feature request,Sheela Cutten,2023-11-30 15:07:53,2023-12-01 15:07:53,2023-11-30 15:09:53,2023-12-01 07:12:04,2023-11-30 15:08:20,5,,Ready to use Software,Tier 1,Greece,16.07,0,0,0,0,2019-07-10,Senior,,
Resolved,TKT-3728,High,Email,Product setup,Heather Urry,2023-11-30 15:06:50,2023-12-02 15:06:50,2023-11-30 16:06:50,2023-12-02 03:32:57,2023-11-30 16:01:09,7,,Custom software development,Tier 2,Austria,36.44,54,0,0,0,2022-09-25,Junior,,
Closed,TKT-3729,Medium,Email,Bug report,Sheela Cutten,2023-11-30 22:24:05,2023-12-02 22:24:05,2023-11-30 23:24:05,2023-12-01 15:54:40,2023-11-30 23:03:37,1,2,Custom software development,Tier 1,Republic of Ireland,17.51,40,1,0,0,2019-07-10,Senior,,
Closed,TKT-3730,Low,Chat,Product setup,Adolpho Messingham,2023-11-30 01:16:32,2023-12-01 01:16:32,2023-11-30 01:18:32,2023-12-02 19:57:31,2023-11-30 01:20:32,6,4,Custom software development,Tier 2,Italy,66.68,4,0,1,1,2020-05-15,Mid-Level,,
Closed,TKT-3731,Low,Phone,Feature request,Connor Danielovitch,2023-11-30 13:33:41,2023-12-02 13:33:41,2023-11-30 13:35:41,2023-12-01 17:06:21,2023-11-30 13:35:35,2,5,Ready to use Software,Tier 1,Czech Republic,27.54,2,0,0,0,2018-02-15,Senior,,
Resolved,TKT-3732,Low,Email,Pricing and licensing,Connor Danielovitch,2023-11-30 01:43:27,2023-12-02 01:43:27,2023-11-30 02:43:27,2023-12-01 18:12:03,2023-11-30 02:01:13,2,,Ready to use Software,Tier 1,Germany,40.48,18,0,0,0,2018-02-15,Senior,,
Closed,TKT-3733,High,Email,Pricing and licensing,Bernard Beckley,2023-11-30 10:52:26,2023-12-02 10:52:26,2023-11-30 11:52:26,2023-12-01 18:29:08,2023-11-30 11:08:20,7,4,Ready to use Software,Tier 1,Spain,31.61,16,0,0,0,2019-11-20,Senior,,
Closed,TKT-3734,Low,Email,Purchasing and invoicing,Bernard Beckley,2023-11-30 11:14:08,2023-12-02 11:14:08,2023-11-30 12:14:08,2023-12-02 10:47:27,2023-11-30 11:27:48,7,4,Training and Consulting Services,Tier 1,Poland,47.56,14,0,0,0,2019-11-20,Senior,,
Closed,TKT-3735,Low,Chat,Bug report,Nicola Wane,2023-11-30 15:41:41,2023-12-01 15:41:41,2023-11-30 15:43:41,2023-12-01 09:22:16,2023-11-30 15:43:19,2,4,Custom software development,Tier 1,Italy,17.68,2,0,0,0,2021-03-12,Mid-Level,,
Closed,TKT-3736,Low,Chat,Product setup,Nicola Wane,2023-11-30 12:36:28,2023-12-01 12:36:28,2023-11-30 12:38:28,2023-12-02 08:29:03,2023-11-30 12:37:52,2,1,Other,Tier 1,Italy,43.88,1,0,1,0,2021-03-12,Mid-Level,,
In Progress,TKT-3737,Low,Email,Pricing and licensing,Bernard Beckley,2023-12-01 04:12:24,2023-12-03 04:12:24,2023-12-01 05:12:24,,2023-12-01 05:11:26,10,,Custom software development,Tier 1,United Kingdom,,59,0,,0,2019-11-20,Senior,,
In Progress,TKT-3738,Low,Email,Other,Nicola Wane,2023-12-01 10:27:24,2023-12-03 10:27:24,2023-12-01 11:27:24,,2023-12-01 11:06:51,5,,Custom software development,Tier 1,Greece,,39,0,,0,2021-03-12,Mid-Level,,
Closed,TKT-3739,Medium,Email,Purchasing and invoicing,Heather Urry,2023-12-01 06:10:41,2023-12-03 06:10:41,2023-12-01 07:10:41,2023-12-02 11:33:19,2023-12-01 06:50:06,5,4,Ready to use Software,Tier 2,Bulgaria,29.38,39,0,0,0,2022-09-25,Junior,,
Open,TKT-3740,High,Chat,Product setup,Adolpho Messingham,2023-12-01 05:04:05,2023-12-02 05:04:05,2023-12-01 05:06:05,,,,,Training and Consulting Services,Tier 2,Austria,,,,,,2020-05-15,Mid-Level,,
Open,TKT-3741,Low,Chat,Pricing and licensing,Bernard Beckley,2023-12-01 22:07:45,2023-12-02 22:07:45,2023-12-01 22:09:45,,,,,Ready to use Software,Tier 1,Austria,,,,,,2019-11-20,Senior,,
Closed,TKT-3742,Medium,Email,Product setup,Kristos Westoll,2023-12-01 08:23:02,2023-12-03 08:23:02,2023-12-01 09:23:02,2023-12-02 20:56:45,2023-12-01 09:09:51,1,3,Ready to use Software,Tier 1,Austria,36.56,47,1,0,0,2021-10-18,Mid-Level,,
In Progress,TKT-3743,Medium,Chat,Product setup,Michele Whyatt,2023-12-01 22:43:53,2023-12-02 22:43:53,2023-12-01 22:45:53,,2023-12-01 22:48:41,6,,Ready to use Software,Tier 2,Poland,,5,0,,1,2022-04-10,Junior,,
Closed,TKT-3744,High,Chat,Feature request,Adolpho Messingham,2023-12-02 03:13:09,2023-12-03 03:13:09,2023-12-02 03:15:09,2023-12-02 21:38:16,2023-12-02 03:14:10,7,5,Ready to use Software,Tier 2,Austria,18.42,1,0,0,0,2020-05-15,Mid-Level,,
Closed,TKT-3745,Low,Email,Feature request,Nicola Wane,2023-12-02 03:47:24,2023-12-04 03:47:24,2023-12-02 04:47:24,2023-12-08 01:00:06,2023-12-02 03:56:47,3,4,Ready to use Software,Tier 1,Spain,141.21,9,0,1,0,2021-03-12,Mid-Level,,
Closed,TKT-3746,High,Email,Bug report,Nicola Wane,2023-12-02 17:40:06,2023-12-04 17:40:06,2023-12-02 18:40:06,2023-12-03 17:42:02,2023-12-02 18:34:09,1,2,Custom software development,Tier 1,Republic of Ireland,24.03,54,1,0,0,2021-03-12,Mid-Level,,
Closed,TKT-3752,Low,Email,Purchasing and invoicing,Nicola Wane,2023-12-02 15:47:24,2023-12-04 15:47:24,2023-12-02 16:47:24,2023-12-02 20:31:13,2023-12-02 18:53:53,5,4,Ready to use Software,Tier 1,Greece,4.73,186,0,0,1,2021-03-12,Mid-Level,,
Resolved,TKT-3753,Low,Chat,Pricing and licensing,Michele Whyatt,2023-12-02 01:33:34,2023-12-03 01:33:34,2023-12-02 01:35:34,2023-12-03 08:36:03,2023-12-02 01:34:00,2,,Ready to use Software,Tier 2,Bulgaria,31.04,0,0,1,0,2022-04-10,Junior,,
In Progress,TKT-3755,Medium,Chat,Product setup,Sheela Cutten,2023-12-03 07:41:59,2023-12-04 07:41:59,2023-12-03 07:43:59,,2023-12-03 07:43:04,2,,Custom software development,Tier 1,Italy,,1,0,,0,2019-07-10,Senior,,
Closed,TKT-3756,Low,Email,Pricing and licensing,Sheela Cutten,2023-12-03 23:02:15,2023-12-05 23:02:15,2023-12-04 00:02:15,2023-12-04 13:52:26,2023-12-03 23:42:01,1,4,Training and Consulting Services,Tier 1,Germany,14.84,40,1,0,0,2019-07-10,Senior,,
Closed,TKT-3757,High,Chat,Pricing and licensing,Sheela Cutten,2023-12-03 09:36:37,2023-12-04 09:36:37,2023-12-03 09:38:37,2023-12-04 08:43:14,2023-12-03 09:37:45,6,4,Ready to use Software,Tier 1,France,23.11,1,0,0,0,2019-07-10,Senior,,
Closed,TKT-3758,Low,Chat,Training request,Nicola Wane,2023-12-03 12:13:20,2023-12-04 12:13:20,2023-12-03 12:15:20,2023-12-04 11:00:37,2023-12-03 12:13:25,7,1,Training and Consulting Services,Tier 1,Czech Republic,22.79,0,0,0,0,2021-03-12,Mid-Level,,
Resolved,TKT-3759,Low,Chat,Feature request,Nicola Wane,2023-12-03 16:40:24,2023-12-04 16:40:24,2023-12-03 16:42:24,2023-12-05 19:04:44,2023-12-03 16:41:17,6,,Ready to use Software,Tier 1,Italy,50.41,1,0,1,0,2021-03-12,Mid-Level,,
Closed,TKT-3760,Medium,Email,Pricing and licensing,Nicola Wane,2023-12-03 08:41:50,2023-12-05 08:41:50,2023-12-03 09:41:50,2023-12-05 22:34:02,2023-12-03 08:51:54,6,4,Custom software development,Tier 1,Italy,61.87,10,0,1,0,2021-03-12,Mid-Level,,
Closed,TKT-3762,Low,Chat,Product setup,Connor Danielovitch,2023-12-04 03:02:19,2023-12-05 03:02:19,2023-12-04 03:04:19,2023-12-04 23:07:50,2023-12-04 03:03:24,8,5,Custom software development,Tier 1,Poland,20.09,1,0,0,0,2018-02-15,Senior,,
Resolved,TKT-3763,High,Email,Product setup,Nicola Wane,2023-12-04 14:53:51,2023-12-06 14:53:51,2023-12-04 15:53:51,2023-12-06 06:14:22,2023-12-04 15:11:05,8,,Ready to use Software,Tier 1,Germany,39.34,17,0,0,0,2021-03-12,Mid-Level,,
Closed,TKT-3765,Low,Email,Feature request,Connor Danielovitch,2023-12-04 04:44:02,2023-12-06 04:44:02,2023-12-04 05:44:02,2023-12-05 06:40:57,2023-12-04 04:58:42,1,3,Ready to use Software,Tier 1,Poland,25.95,15,1,0,0,2018-02-15,Senior,,
Closed,TKT-3766,Low,Email,Pricing and licensing,Bernard Beckley,2023-12-04 17:21:19,2023-12-06 17:21:19,2023-12-04 18:21:19,2023-12-06 01:58:38,2023-12-04 18:05:55,2,5,Custom software development,Tier 1,Republic of Ireland,32.62,45,0,0,0,2019-11-20,Senior,,
Closed,TKT-3767,High,Chat,Pricing and licensing,Nicola Wane,2023-12-04 20:25:55,2023-12-05 20:25:55,2023-12-04 20:27:55,2023-12-04 20:47:39,2023-12-04 20:30:28,5,1,Training and Consulting Services,Tier 1,Austria,0.36,5,0,0,1,2021-03-12,Mid-Level,,
Closed,TKT-3770,Medium,Email,Purchasing and invoicing,Kristos Westoll,2023-12-04 18:47:16,2023-12-06 18:47:16,2023-12-04 19:47:16,2023-12-07 21:46:45,2023-12-04 19:45:57,3,4,Other,Tier 1,France,74.99,59,0,1,0,2021-10-18,Mid-Level,,
In Progress,TKT-3771,Low,Chat,Other,Kristos Westoll,2023-12-04 04:19:29,2023-12-05 04:19:29,2023-12-04 04:21:29,,2023-12-04 04:19:41,5,,Ready to use Software,Tier 1,France,,0,0,,0,2021-10-18,Mid-Level,,
Closed,TKT-3772,Low,Email,Pricing and licensing,Connor Danielovitch,2023-12-04 07:48:05,2023-12-06 07:48:05,2023-12-04 08:48:05,2023-12-04 21:30:06,2023-12-04 08:14:18,1,5,Custom software development,Tier 1,United Kingdom,13.7,26,1,0,0,2018-02-15,Senior,,
Closed,TKT-3773,Low,Email,Bug report,Nicola Wane,2023-12-05 09:29:27,2023-12-07 09:29:27,2023-12-05 10:29:27,2023-12-06 06:39:57,2023-12-05 09:35:08,4,1,Ready to use Software,Tier 1,Greece,21.17,6,0,0,0,2021-03-12,Mid-Level,,
Closed,TKT-3774,High,Chat,Product setup,Connor Danielovitch,2023-12-05 20:35:11,2023-12-06 20:35:11,2023-12-05 20:37:11,2023-12-06 14:08:19,2023-12-05 20:40:19,8,5,Custom software development,Tier 1,Bulgaria,17.55,5,0,0,1,2018-02-15,Senior,,
Closed,TKT-3775,Medium,Chat,Product setup,Adolpho Messingham,2023-12-05 17:34:01,2023-12-06 17:34:01,2023-12-05 17:36:01,2023-12-06 15:53:36,2023-12-05 17:34:58,6,5,Ready to use Software,Tier 2,Italy,22.33,1,0,0,0,2020-05-15,Mid-Level,,
Resolved,TKT-3776,Low,Chat,Product setup,Nicola Wane,2023-12-05 02:07:14,2023-12-06 02:07:14,2023-12-05 02:09:14,2023-12-10 05:19:39,2023-12-05 02:08:41,7,,Custom software development,Tier 1,United Kingdom,123.21,1,0,1,0,2021-03-12,Mid-Level,,
Closed,TKT-3777,Medium,Email,Bug report,Connor Danielovitch,2023-12-05 16:10:33,2023-12-07 16:10:33,2023-12-05 17:10:33,2023-12-05 23:40:59,2023-12-05 16:28:49,1,5,Ready to use Software,Tier 1,Poland,7.51,18,1,0,0,2018-02-15,Senior,,
Closed,TKT-3778,Low,Chat,Bug report,Nicola Wane,2023-12-05 17:19:35,2023-12-06 17:19:35,2023-12-05 17:21:35,2023-12-06 07:59:58,2023-12-05 17:19:48,2,5,Training and Consulting Services,Tier 1,Slovenia,14.67,0,0,0,0,2021-03-12,Mid-Level,,
Closed,TKT-3779,Medium,Email,Product setup,Connor Danielovitch,2023-12-05 03:25:18,2023-12-07 03:25:18,2023-12-05 04:25:18,2023-12-05 18:25:30,2023-12-05 03:38:24,6,5,Other,Tier 1,Italy,15,13,0,0,0,2018-02-15,Senior,,
Closed,TKT-3780,Low,Chat,Feature request,Bernard Beckley,2023-12-05 16:52:36,2023-12-06 16:52:36,2023-12-05 16:54:36,2023-12-09 01:05:16,2023-12-05 16:56:11,6,4,Ready to use Software,Tier 1,Germany,80.21,4,0,1,1,2019-11-20,Senior,,
In Progress,TKT-3781,Low,Email,Product setup,Kristos Westoll,2023-12-05 09:49:17,2023-12-07 09:49:17,2023-12-05 10:49:17,,2023-12-05 10:21:40,1,,Other,Tier 1,Italy,,32,1,,0,2021-10-18,Mid-Level,,
Closed,TKT-3782,Medium,Email,Pricing and licensing,Michele Whyatt,2023-12-06 07:16:35,2023-12-08 07:16:35,2023-12-06 08:16:35,2023-12-06 09:29:44,2023-12-06 08:13:11,2,2,Custom software development,Tier 2,Czech Republic,2.22,57,0,0,0,2022-04-10,Junior,,
Closed,TKT-3783,Low,Chat,Purchasing and invoicing,Kristos Westoll,2023-12-06 00:28:18,2023-12-07 00:28:18,2023-12-06 00:30:18,2023-12-06 13:55:04,2023-12-06 00:29:15,6,5,Custom software development,Tier 1,Italy,13.45,1,0,0,0,2021-10-18,Mid-Level,,
Closed,TKT-3784,Low,Chat,Pricing and licensing,Sheela Cutten,2023-12-06 21:29:10,2023-12-07 21:29:10,2023-12-06 21:31:10,2023-12-12 19:04:45,2023-12-06 21:29:34,6,4,Training and Consulting Services,Tier 1,Germany,141.59,0,0,1,0,2019-07-10,Senior,,
Closed,TKT-3785,Low,Email,Product setup,Sheela Cutten,2023-12-06 13:58:09,2023-12-08 13:58:09,2023-12-06 14:58:09,2023-12-12 00:26:39,2023-12-06 14:24:00,1,3,Ready to use Software,Tier 1,Germany,130.47,26,1,1,0,2019-07-10,Senior,,
Resolved,TKT-3786,Medium,Email,Bug report,Sheela Cutten,2023-12-06 09:54:13,2023-12-08 09:54:13,2023-12-06 10:54:13,2023-12-07 22:10:11,2023-12-06 10:51:23,8,,Ready to use Software,Tier 1,Poland,36.27,57,0,0,0,2019-07-10,Senior,,
Open,TKT-3787,Medium,Email,Purchasing and invoicing,Nicola Wane,2023-12-06 03:52:38,2023-12-08 03:52:38,2023-12-06 04:52:38,,,,,Custom software development,Tier 1,Poland,,,,,,2021-03-12,Mid-Level,,
Closed,TKT-3788,Medium,Email,Product setup,Sheela Cutten,2023-12-06 17:56:14,2023-12-08 17:56:14,2023-12-06 18:56:14,2023-12-07 22:24:48,2023-12-06 18:32:59,1,4,Custom software development,Tier 1,Poland,28.48,37,1,0,0,2019-07-10,Senior,,
Resolved,TKT-3789,Low,Chat,Feature request,Connor Danielovitch,2023-12-07 18:49:15,2023-12-08 18:49:15,2023-12-07 18:51:15,2023-12-08 04:22:45,2023-12-07 18:50:56,2,,Ready to use Software,Tier 1,United Kingdom,9.56,2,0,0,0,2018-02-15,Senior,,
Closed,TKT-3790,Medium,Chat,Feature request,Connor Danielovitch,2023-12-07 22:00:48,2023-12-08 22:00:48,2023-12-07 22:02:48,2023-12-09 15:19:40,2023-12-07 22:02:03,6,3,Other,Tier 1,Bulgaria,41.31,1,0,1,0,2018-02-15,Senior,,
In Progress,TKT-3791,High,Email,Pricing and licensing,Sheela Cutten,2023-12-07 02:56:44,2023-12-09 02:56:44,2023-12-07 03:56:44,,2023-12-07 03:43:40,1,,Ready to use Software,Tier 1,Austria,,47,1,,0,2019-07-10,Senior,,
Closed,TKT-3792,Medium,Email,Bug report,Bernard Beckley,2023-12-07 03:27:04,2023-12-09 03:27:04,2023-12-07 04:27:04,2023-12-07 06:57:33,2023-12-07 04:11:17,2,4,Training and Consulting Services,Tier 1,United Kingdom,3.51,44,0,0,0,2019-11-20,Senior,,
Open,TKT-3793,Low,Chat,Product setup,Sheela Cutten,2023-12-07 20:45:23,2023-12-08 20:45:23,2023-12-07 20:47:23,,,,,Other,Tier 1,Bulgaria,,,,,,2019-07-10,Senior,,
Resolved,TKT-3794,Low,Email,Pricing and licensing,Nicola Wane,2023-12-07 01:47:33,2023-12-09 01:47:33,2023-12-07 02:47:33,2023-12-10 12:04:48,2023-12-07 03:53:34,2,,Training and Consulting Services,Tier 1,Greece,82.29,126,0,1,1,2021-03-12,Mid-Level,,
Closed,TKT-3795,Medium,Chat,Pricing and licensing,Bernard Beckley,2023-12-07 22:35:46,2023-12-08 22:35:46,2023-12-07 22:37:46,2023-12-08 20:04:54,2023-12-07 22:36:39,2,2,Other,Tier 1,France,21.49,1,0,0,0,2019-11-20,Senior,,
Closed,TKT-3797,Low,Email,Pricing and licensing,Connor Danielovitch,2023-12-07 01:02:40,2023-12-09 01:02:40,2023-12-07 02:02:40,2023-12-07 18:03:04,2023-12-07 01:38:45,6,5,Other,Tier 1,Poland,17.01,36,0,0,0,2018-02-15,Senior,,
Closed,TKT-3798,Low,Email,Purchasing and invoicing,Nicola Wane,2023-12-08 19:29:32,2023-12-10 19:29:32,2023-12-08 20:29:32,2023-12-08 20:58:51,2023-12-08 20:24:21,3,4,Other,Tier 1,Italy,1.49,55,0,0,0,2021-03-12,Mid-Level,,
Resolved,TKT-3799,Medium,Chat,Purchasing and invoicing,Bernard Beckley,2023-12-08 22:29:50,2023-12-09 22:29:50,2023-12-08 22:31:50,2023-12-13 18:47:34,2023-12-08 22:29:57,5,,Ready to use Software,Tier 1,Italy,116.3,0,0,1,0,2019-11-20,Senior,,
Closed,TKT-3801,Medium,Email,Pricing and licensing,Adolpho Messingham,2023-12-08 21:05:54,2023-12-10 21:05:54,2023-12-08 22:05:54,2023-12-09 16:13:07,2023-12-08 21:51:50,1,5,Ready to use Software,Tier 2,Spain,19.12,46,1,0,0,2020-05-15,Mid-Level,,
Closed,TKT-3802,Low,Chat,Product setup,Kristos Westoll,2023-12-08 15:21:56,2023-12-09 15:21:56,2023-12-08 15:23:56,2023-12-09 04:56:30,2023-12-08 15:23:01,2,1,Custom software development,Tier 1,United Kingdom,13.58,1,0,0,0,2021-10-18,Mid-Level,,
Closed,TKT-3803,Low,Email,Pricing and licensing,Michele Whyatt,2023-12-08 11:28:58,2023-12-10 11:28:58,2023-12-08 12:28:58,2023-12-09 07:19:22,2023-12-08 12:19:11,3,4,Ready to use Software,Tier 2,Czech Republic,19.84,50,0,0,0,2022-04-10,Junior,,
Closed,TKT-3804,Low,Email,Pricing and licensing,Bernard Beckley,2023-12-08 16:08:01,2023-12-10 16:08:01,2023-12-08 17:08:01,2023-12-10 15:17:11,2023-12-08 16:16:25,1,2,Custom software development,Tier 1,Republic of Ireland,47.15,8,1,0,0,2019-11-20,Senior,,
Closed,TKT-3805,Low,Email,Product setup,Michele Whyatt,2023-12-08 10:42:36,2023-12-10 10:42:36,2023-12-08 11:42:36,2023-12-08 13:25:30,2023-12-08 10:57:17,2,4,Ready to use Software,Tier 2,Poland,2.72,15,0,0,0,2022-04-10,Junior,,
Closed,TKT-3806,Low,Phone,Product setup,Adolpho Messingham,2023-12-08 13:42:26,2023-12-10 13:42:26,2023-12-08 13:44:26,2023-12-09 05:45:39,2023-12-08 13:43:25,4,4,Ready to use Software,Tier 2,United Kingdom,16.05,1,0,0,0,2020-05-15,Mid-Level,,
Closed,TKT-3812,Medium,Chat,Pricing and licensing,Bernard Beckley,2023-12-09 18:12:30,2023-12-10 18:12:30,2023-12-09 18:14:30,2023-12-10 13:56:24,2023-12-09 18:13:32,8,4,Ready to use Software,Tier 1,Greece,19.73,1,0,0,0,2019-11-20,Senior,,
Closed,TKT-3813,Medium,Email,Purchasing and invoicing,Bernard Beckley,2023-12-09 02:41:17,2023-12-11 02:41:17,2023-12-09 03:41:17,2023-12-12 17:44:37,2023-12-09 03:11:00,1,3,Training and Consulting Services,Tier 1,Germany,87.06,30,1,1,0,2019-11-20,Senior,,
Closed,TKT-3814,Medium,Email,Training request,Nicola Wane,2023-12-09 09:47:02,2023-12-11 09:47:02,2023-12-09 10:47:02,2023-12-10 15:18:43,2023-12-09 10:08:51,3,3,Training and Consulting Services,Tier 1,Germany,29.53,22,0,0,0,2021-03-12,Mid-Level,,
Closed,TKT-3815,Low,Chat,Other,Adolpho Messingham,2023-12-09 09:30:21,2023-12-10 09:30:21,2023-12-09 09:32:21,2023-12-10 09:02:06,2023-12-09 09:30:25,2,5,Training and Consulting Services,Tier 2,Poland,23.53,0,0,0,0,2020-05-15,Mid-Level,,
Resolved,TKT-3816,High,Phone,Other,Connor Danielovitch,2023-12-09 20:53:54,2023-12-11 20:53:54,2023-12-09 20:55:54,2023-12-11 13:25:51,2023-12-09 20:54:15,1,,Ready to use Software,Tier 1,Slovenia,40.53,0,1,0,0,2018-02-15,Senior,,
Closed,TKT-3817,Low,Chat,Feature request,Sheela Cutten,2023-12-10 00:08:27,2023-12-11 00:08:27,2023-12-10 00:10:27,2023-12-10 04:41:20,2023-12-10 00:08:34,2,4,Custom software development,Tier 1,United Kingdom,4.55,0,0,0,0,2019-07-10,Senior,,
Open,TKT-3818,Low,Chat,Pricing and licensing,Sheela Cutten,2023-12-10 22:40:41,2023-12-11 22:40:41,2023-12-10 22:42:41,,,,,Custom software development,Tier 1,Italy,,,,,,2019-07-10,Senior,,
Closed,TKT-3819,Low,Email,Training request,Heather Urry,2023-12-10 17:29:44,2023-12-12 17:29:44,2023-12-10 18:29:44,2023-12-13 07:23:43,2023-12-10 17:40:02,6,5,Training and Consulting Services,Tier 2,Italy,61.9,10,0,1,0,2022-09-25,Junior,,
Closed,TKT-3820,Medium,Email,Other,Adolpho Messingham,2023-12-10 20:12:57,2023-12-12 20:12:57,2023-12-10 21:12:57,2023-12-15 01:23:52,2023-12-11 00:25:40,3,5,Training and Consulting Services,Tier 2,Czech Republic,101.18,253,0,1,1,2020-05-15,Mid-Level,,
Closed,TKT-3821,Low,Chat,Feature request,Heather Urry,2023-12-10 19:12:58,2023-12-11 19:12:58,2023-12-10 19:14:58,2023-12-12 09:36:38,2023-12-10 19:13:33,6,2,Custom software development,Tier 2,Greece,38.39,1,0,1,0,2022-09-25,Junior,,
In Progress,TKT-3822,Low,Email,Product setup,Bernard Beckley,2023-12-10 15:47:58,2023-12-12 15:47:58,2023-12-10 16:47:58,,2023-12-10 16:27:46,3,,Ready to use Software,Tier 1,Poland,,40,0,,0,2019-11-20,Senior,,
Closed,TKT-3828,Low,Email,Product setup,Adolpho Messingham,2023-12-11 06:10:27,2023-12-13 06:10:27,2023-12-11 07:10:27,2023-12-15 19:12:16,2023-12-11 07:10:27,2,5,Ready to use Software,Tier 2,Czech Republic,109.03,60,0,1,0,2020-05-15,Mid-Level,,
In Progress,TKT-3829,Low,Email,Product setup,Connor Danielovitch,2023-12-11 22:06:52,2023-12-13 22:06:52,2023-12-11 23:06:52,,2023-12-11 22:08:26,8,,Other,Tier 1,United Kingdom,,2,0,,0,2018-02-15,Senior,,
Open,TKT-3830,Low,Email,Feature request,Kristos Westoll,2023-12-11 01:00:06,2023-12-13 01:00:06,2023-12-11 02:00:06,,,,,Custom software development,Tier 1,Republic of Ireland,,,,,,2021-10-18,Mid-Level,,
Resolved,TKT-3831,Low,Chat,Purchasing and invoicing,Connor Danielovitch,2023-12-11 07:52:40,2023-12-12 07:52:40,2023-12-11 07:54:40,2023-12-11 16:46:33,2023-12-11 07:53:53,6,,Custom software development,Tier 1,Spain,8.9,1,0,0,0,2018-02-15,Senior,,
Closed,TKT-3832,Medium,Phone,Product setup,Sheela Cutten,2023-12-11 01:16:44,2023-12-13 01:16:44,2023-12-11 01:18:44,2023-12-11 20:26:14,2023-12-11 01:17:14,4,2,Custom software development,Tier 1,Germany,19.16,0,0,0,0,2019-07-10,Senior,,
Closed,TKT-3833,High,Email,Feature request,Adolpho Messingham,2023-12-11 19:50:54,2023-12-13 19:50:54,2023-12-11 20:50:54,2023-12-12 17:39:03,2023-12-11 20:43:51,5,4,Custom software development,Tier 2,Slovenia,21.8,53,0,0,0,2020-05-15,Mid-Level,,
Closed,TKT-3834,Medium,Email,Feature request,Bernard Beckley,2023-12-11 04:32:49,2023-12-13 04:32:49,2023-12-11 05:32:49,2023-12-11 14:24:38,2023-12-11 05:25:09,5,2,Ready to use Software,Tier 1,United Kingdom,9.86,52,0,0,0,2019-11-20,Senior,,
In Progress,TKT-3835,Low,Chat,Other,Connor Danielovitch,2023-12-11 14:58:22,2023-12-12 14:58:22,2023-12-11 15:00:22,,2023-12-11 14:58:53,4,,Other,Tier 1,Germany,,1,0,,0,2018-02-15,Senior,,
Closed,TKT-3837,Low,Email,Pricing and licensing,Bernard Beckley,2023-12-12 06:24:10,2023-12-14 06:24:10,2023-12-12 07:24:10,2023-12-13 21:39:16,2023-12-12 07:09:44,3,3,Training and Consulting Services,Tier 1,France,39.25,46,0,0,0,2019-11-20,Senior,,
Resolved,TKT-3838,Medium,Chat,Feature request,Michele Whyatt,2023-12-12 15:38:11,2023-12-13 15:38:11,2023-12-12 15:40:11,2023-12-14 22:10:48,2023-12-12 15:39:25,7,,Ready to use Software,Tier 2,Greece,54.54,1,0,1,0,2022-04-10,Junior,,
Resolved,TKT-3839,Low,Email,Bug report,Sheela Cutten,2023-12-12 08:40:16,2023-12-14 08:40:16,2023-12-12 09:40:16,2023-12-13 05:40:15,2023-12-12 08:42:48,10,,Ready to use Software,Tier 1,Slovenia,21,3,0,0,0,2019-07-10,Senior,,
Closed,TKT-3840,Medium,Chat,Product setup,Bernard Beckley,2023-12-12 18:31:41,2023-12-13 18:31:41,2023-12-12 18:33:41,2023-12-13 07:55:43,2023-12-12 18:32:40,4,5,Ready to use Software,Tier 1,France,13.4,1,0,0,0,2019-11-20,Senior,,
Closed,TKT-3841,Low,Email,Product setup,Kristos Westoll,2023-12-12 06:13:31,2023-12-14 06:13:31,2023-12-12 07:13:31,2023-12-14 04:53:33,2023-12-12 06:27:55,8,4,Ready to use Software,Tier 1,Austria,46.67,14,0,0,0,2021-10-18,Mid-Level,,
Resolved,TKT-3842,Low,Chat,Product setup,Bernard Beckley,2023-12-12 00:10:31,2023-12-13 00:10:31,2023-12-12 00:12:31,2023-12-12 10:23:26,2023-12-12 00:10:36,9,,Custom software development,Tier 1,Republic of Ireland,10.22,0,0,0,0,2019-11-20,Senior,,
Closed,TKT-3843,Medium,Email,Purchasing and invoicing,Adolpho Messingham,2023-12-13 08:49:29,2023-12-15 08:49:29,2023-12-13 09:49:29,2023-12-16 10:56:25,2023-12-13 09:04:25,2,4,Custom software development,Tier 2,Germany,74.12,15,0,1,0,2020-05-15,Mid-Level,,
Closed,TKT-3844,High,Email,Product setup,Kristos Westoll,2023-12-13 19:06:23,2023-12-15 19:06:23,2023-12-13 20:06:23,2023-12-15 02:17:55,2023-12-13 19:53:41,6,2,Ready to use Software,Tier 1,Germany,31.19,47,0,0,0,2021-10-18,Mid-Level,,
Closed,TKT-3845,Medium,Email,Feature request,Sheela Cutten,2023-12-13 18:00:56,2023-12-15 18:00:56,2023-12-13 19:00:56,2023-12-14 09:10:26,2023-12-13 18:23:57,1,5,Ready to use Software,Tier 1,Italy,15.16,23,1,0,0,2019-07-10,Senior,,
In Progress,TKT-3846,High,Email,Purchasing and invoicing,Connor Danielovitch,2023-12-13 05:24:35,2023-12-15 05:24:35,2023-12-13 06:24:35,,2023-12-13 05:38:47,1,,Custom software development,Tier 1,Italy,,14,1,,0,2018-02-15,Senior,,
Resolved,TKT-3847,Medium,Email,Pricing and licensing,Michele Whyatt,2023-12-13 10:53:21,2023-12-15 10:53:21,2023-12-13 11:53:21,2023-12-14 02:20:27,2023-12-13 11:18:28,1,,Training and Consulting Services,Tier 2,Slovenia,15.45,25,1,0,0,2022-04-10,Junior,,
Closed,TKT-3849,Medium,Email,Feature request,Michele Whyatt,2023-12-13 21:04:05,2023-12-15 21:04:05,2023-12-13 22:04:05,2023-12-14 02:43:16,2023-12-13 21:58:42,3,3,Custom software development,Tier 2,Germany,5.65,55,0,0,0,2022-04-10,Junior,,
Closed,TKT-3850,Low,Chat,Pricing and licensing,Sheela Cutten,2023-12-13 05:54:19,2023-12-14 05:54:19,2023-12-13 05:56:19,2023-12-13 09:05:22,2023-12-13 05:54:32,60,4,Ready to use Software,Tier 1,Poland,3.18,0,0,0,0,2019-07-10,Senior,,
Resolved,TKT-3851,Medium,Email,Other,Sheela Cutten,2023-12-13 09:15:55,2023-12-15 09:15:55,2023-12-13 10:15:55,2023-12-13 22:38:27,2023-12-13 09:39:51,5,,Custom software development,Tier 1,Czech Republic,13.38,24,0,0,0,2019-07-10,Senior,,
Resolved,TKT-3852,Medium,Email,Product setup,Bernard Beckley,2023-12-14 17:49:40,2023-12-16 17:49:40,2023-12-14 18:49:40,2023-12-15 01:58:23,2023-12-14 18:26:45,8,,Training and Consulting Services,Tier 1,United Kingdom,8.15,37,0,0,0,2019-11-20,Senior,,
Closed,TKT-3854,Low,Email,Product setup,Nicola Wane,2023-12-14 04:06:46,2023-12-16 04:06:46,2023-12-14 05:06:46,2023-12-16 14:44:29,2023-12-14 05:00:34,3,1,Other,Tier 1,Spain,58.63,54,0,1,0,2021-03-12,Mid-Level,,
Closed,TKT-3855,Low,Chat,Feature request,Connor Danielovitch,2023-12-14 17:09:24,2023-12-15 17:09:24,2023-12-14 17:11:24,2023-12-16 11:23:29,2023-12-14 17:09:46,8,3,Ready to use Software,Tier 1,Spain,42.23,0,0,1,0,2018-02-15,Senior,,
Closed,TKT-3856,Medium,Email,Product setup,Heather Urry,2023-12-14 15:45:25,2023-12-16 15:45:25,2023-12-14 16:45:25,2023-12-15 10:49:45,2023-12-14 15:55:25,2,4,Ready to use Software,Tier 2,France,19.07,10,0,0,0,2022-09-25,Junior,,
Resolved,TKT-3857,Medium,Chat,Bug report,Adolpho Messingham,2023-12-14 15:07:48,2023-12-15 15:07:48,2023-12-14 15:09:48,2023-12-15 00:03:41,2023-12-14 15:08:41,6,,Other,Tier 2,Slovenia,8.93,1,0,0,0,2020-05-15,Mid-Level,,
Closed,TKT-3858,Medium,Chat,Other,Connor Danielovitch,2023-12-14 17:23:53,2023-12-15 17:23:53,2023-12-14 17:25:53,2023-12-18 03:49:47,2023-12-14 17:26:55,8,5,Ready to use Software,Tier 1,Austria,82.43,3,0,1,1,2018-02-15,Senior,,
Closed,TKT-3860,Low,Email,Pricing and licensing,Bernard Beckley,2023-12-15 20:30:21,2023-12-17 20:30:21,2023-12-15 21:30:21,2023-12-15 22:37:56,2023-12-15 21:07:09,3,5,Other,Tier 1,France,2.13,37,0,0,0,2019-11-20,Senior,,
Open,TKT-3862,Low,Email,Product setup,Adolpho Messingham,2023-12-15 10:06:09,2023-12-17 10:06:09,2023-12-15 11:06:09,,,,,Ready to use Software,Tier 2,Slovenia,,,,,,2020-05-15,Mid-Level,,
In Progress,TKT-3863,Low,Email,Product setup,Bernard Beckley,2023-12-15 13:19:40,2023-12-17 13:19:40,2023-12-15 14:19:40,,2023-12-15 13:46:30,4,,Ready to use Software,Tier 1,Republic of Ireland,,27,0,,0,2019-11-20,Senior,,
Open,TKT-3870,Low,Email,Feature request,Adolpho Messingham,2023-12-16 06:13:16,2023-12-18 06:13:16,2023-12-16 07:13:16,,,,,Custom software development,Tier 2,Austria,,,,,,2020-05-15,Mid-Level,,
Closed,TKT-3871,Low,Chat,Product setup,Kristos Westoll,2023-12-16 20:08:02,2023-12-17 20:08:02,2023-12-16 20:10:02,2023-12-16 23:36:11,2023-12-16 20:12:07,60,3,Custom software development,Tier 1,Germany,3.47,4,0,0,1,2021-10-18,Mid-Level,,
Closed,TKT-3872,High,Chat,Other,Bernard Beckley,2023-12-17 21:01:13,2023-12-18 21:01:13,2023-12-17 21:03:13,2023-12-18 09:28:34,2023-12-17 21:02:49,6,1,Custom software development,Tier 1,United Kingdom,12.46,2,0,0,0,2019-11-20,Senior,,
Closed,TKT-3873,Low,Email,Purchasing and invoicing,Michele Whyatt,2023-12-17 08:24:18,2023-12-19 08:24:18,2023-12-17 09:24:18,2023-12-18 11:16:45,2023-12-17 08:58:15,6,4,Training and Consulting Services,Tier 2,Slovenia,26.87,34,0,0,0,2022-04-10,Junior,,
In Progress,TKT-3874,Low,Chat,Pricing and licensing,Kristos Westoll,2023-12-17 03:40:04,2023-12-18 03:40:04,2023-12-17 03:42:04,,2023-12-17 03:41:03,5,,Other,Tier 1,Czech Republic,,1,0,,0,2021-10-18,Mid-Level,,
Closed,TKT-3880,Low,Chat,Other,Connor Danielovitch,2023-12-17 10:12:25,2023-12-18 10:12:25,2023-12-17 10:14:25,2023-12-22 01:45:36,2023-12-17 10:12:39,8,3,Ready to use Software,Tier 1,Republic of Ireland,111.55,0,0,1,0,2018-02-15,Senior,,
Closed,TKT-3881,High,Chat,Feature request,Bernard Beckley,2023-12-17 03:01:30,2023-12-18 03:01:30,2023-12-17 03:03:30,2023-12-17 07:59:43,2023-12-17 03:03:17,60,5,Custom software development,Tier 1,Germany,4.97,2,0,0,0,2019-11-20,Senior,,
In Progress,TKT-3882,Low,Phone,Feature request,Connor Danielovitch,2023-12-17 01:45:34,2023-12-19 01:45:34,2023-12-17 01:47:34,,2023-12-17 01:48:00,4,,Custom software development,Tier 1,Austria,,2,0,,1,2018-02-15,Senior,,
Resolved,TKT-3883,Medium,Email,Product setup,Kristos Westoll,2023-12-17 22:44:09,2023-12-19 22:44:09,2023-12-17 23:44:09,2023-12-22 19:57:11,2023-12-17 23:03:11,3,,Ready to use Software,Tier 1,France,117.22,19,0,1,0,2021-10-18,Mid-Level,,
Closed,TKT-3884,Low,Phone,Purchasing and invoicing,Nicola Wane,2023-12-18 23:41:27,2023-12-20 23:41:27,2023-12-18 23:43:27,2023-12-19 05:37:52,2023-12-18 23:42:36,1,4,Ready to use Software,Tier 1,Czech Republic,5.94,1,1,0,0,2021-03-12,Mid-Level,,
In Progress,TKT-3885,Medium,Email,Product setup,Sheela Cutten,2023-12-18 08:45:38,2023-12-20 08:45:38,2023-12-18 09:45:38,,2023-12-18 09:02:40,2,,Training and Consulting Services,Tier 1,Germany,,17,0,,0,2019-07-10,Senior,,
In Progress,TKT-3886,Low,Phone,Pricing and licensing,Connor Danielovitch,2023-12-18 06:00:25,2023-12-20 06:00:25,2023-12-18 06:02:25,,2023-12-18 06:01:39,6,,Custom software development,Tier 1,Republic of Ireland,,1,0,,0,2018-02-15,Senior,,
Closed,TKT-3887,Medium,Email,Bug report,Kristos Westoll,2023-12-18 23:25:00,2023-12-20 23:25:00,2023-12-19 00:25:00,2023-12-19 03:42:14,2023-12-19 00:20:42,1,4,Custom software development,Tier 1,Germany,4.29,56,1,0,0,2021-10-18,Mid-Level,,
Resolved,TKT-3888,Medium,Phone,Pricing and licensing,Kristos Westoll,2023-12-18 17:02:21,2023-12-20 17:02:21,2023-12-18 17:04:21,2023-12-20 07:06:03,2023-12-18 17:03:08,4,,Training and Consulting Services,Tier 1,Poland,38.06,1,0,0,0,2021-10-18,Mid-Level,,
Closed,TKT-3889,Medium,Chat,Product setup,Sheela Cutten,2023-12-18 17:25:51,2023-12-19 17:25:51,2023-12-18 17:27:51,2023-12-19 17:04:41,2023-12-18 17:27:44,5,4,Training and Consulting Services,Tier 1,United Kingdom,23.65,2,0,0,0,2019-07-10,Senior,,
Closed,TKT-3890,Low,Chat,Product setup,Michele Whyatt,2023-12-18 08:25:11,2023-12-19 08:25:11,2023-12-18 08:27:11,2023-12-18 14:19:28,2023-12-18 08:26:18,6,3,Training and Consulting Services,Tier 2,Slovenia,5.9,1,0,0,0,2022-04-10,Junior,,
Resolved,TKT-3891,Low,Email,Bug report,Kristos Westoll,2023-12-18 10:20:16,2023-12-20 10:20:16,2023-12-18 11:20:16,2023-12-22 22:32:31,2023-12-18 10:22:07,2,,Custom software development,Tier 1,Italy,108.2,2,0,1,0,2021-10-18,Mid-Level,,
In Progress,TKT-3892,Medium,Email,Product setup,Adolpho Messingham,2023-12-18 13:29:29,2023-12-20 13:29:29,2023-12-18 14:29:29,,2023-12-18 13:52:40,3,,Ready to use Software,Tier 2,Poland,,23,0,,0,2020-05-15,Mid-Level,,
Closed,TKT-3893,Medium,Chat,Product setup,Kristos Westoll,2023-12-19 11:34:41,2023-12-20 11:34:41,2023-12-19 11:36:41,2023-12-22 07:48:26,2023-12-19 11:35:13,5,4,Ready to use Software,Tier 1,Slovenia,68.23,1,0,1,0,2021-10-18,Mid-Level,,
Resolved,TKT-3895,Medium,Chat,Product setup,Heather Urry,2023-12-19 05:55:21,2023-12-20 05:55:21,2023-12-19 05:57:21,2023-12-19 12:29:43,2023-12-19 05:55:26,6,,Custom software development,Tier 2,France,6.57,0,0,0,0,2022-09-25,Junior,,
Resolved,TKT-3898,Low,Chat,Pricing and licensing,Adolpho Messingham,2023-12-19 05:13:51,2023-12-20 05:13:51,2023-12-19 05:15:51,2023-12-22 17:41:42,2023-12-19 05:14:16,5,,Training and Consulting Services,Tier 2,Italy,84.46,0,0,1,0,2020-05-15,Mid-Level,,
Closed,TKT-3900,Low,Chat,Product setup,Connor Danielovitch,2023-12-19 00:47:28,2023-12-20 00:47:28,2023-12-19 00:49:28,2023-12-19 11:02:37,2023-12-19 00:48:51,5,3,Custom software development,Tier 1,France,10.25,1,0,0,0,2018-02-15,Senior,,
Resolved,TKT-3901,Low,Email,Purchasing and invoicing,Kristos Westoll,2023-12-19 19:57:37,2023-12-21 19:57:37,2023-12-19 20:57:37,2023-12-20 10:22:34,2023-12-19 20:34:37,2,,Ready to use Software,Tier 1,Republic of Ireland,14.42,37,0,0,0,2021-10-18,Mid-Level,,
Closed,TKT-3902,Medium,Email,Product setup,Michele Whyatt,2023-12-19 23:05:20,2023-12-21 23:05:20,2023-12-20 00:05:20,2023-12-21 20:42:00,2023-12-19 23:35:08,9,4,Custom software development,Tier 2,Italy,45.61,30,0,0,0,2022-04-10,Junior,,
Open,TKT-3903,High,Email,Other,Connor Danielovitch,2023-12-19 08:47:16,2023-12-21 08:47:16,2023-12-19 09:47:16,,,,,Ready to use Software,Tier 1,United Kingdom,,,,,,2018-02-15,Senior,,
Resolved,TKT-3904,Low,Email,Product setup,Bernard Beckley,2023-12-19 05:32:23,2023-12-21 05:32:23,2023-12-19 06:32:23,2023-12-20 06:46:46,2023-12-19 05:44:22,6,,Other,Tier 1,Poland,25.24,12,0,0,0,2019-11-20,Senior,,
Resolved,TKT-3905,Low,Email,Training request,Heather Urry,2023-12-20 03:14:23,2023-12-22 03:14:23,2023-12-20 04:14:23,2023-12-21 01:19:12,2023-12-20 10:03:37,7,,Training and Consulting Services,Tier 2,Poland,22.08,409,0,0,1,2022-09-25,Junior,,
Closed,TKT-3906,Low,Chat,Pricing and licensing,Heather Urry,2023-12-20 06:19:31,2023-12-21 06:19:31,2023-12-20 06:21:31,2023-12-20 10:17:19,2023-12-20 06:22:35,2,5,Ready to use Software,Tier 2,Italy,3.96,3,0,0,1,2022-09-25,Junior,,
Open,TKT-3907,Low,Email,Other,Nicola Wane,2023-12-20 22:08:52,2023-12-22 22:08:52,2023-12-20 23:08:52,,,,,Ready to use Software,Tier 1,Italy,,,,,,2021-03-12,Mid-Level,,
Resolved,TKT-3908,High,Email,Pricing and licensing,Kristos Westoll,2023-12-20 18:03:42,2023-12-22 18:03:42,2023-12-20 19:03:42,2023-12-22 12:43:57,2023-12-20 18:44:07,10,,Training and Consulting Services,Tier 1,Poland,42.67,40,0,0,0,2021-10-18,Mid-Level,,
Resolved,TKT-3909,Low,Chat,Pricing and licensing,Kristos Westoll,2023-12-20 02:51:25,2023-12-21 02:51:25,2023-12-20 02:53:25,2023-12-24 18:54:03,2023-12-20 02:52:57,5,,Ready to use Software,Tier 1,Republic of Ireland,112.04,2,0,1,0,2021-10-18,Mid-Level,,
Closed,TKT-3910,Low,Chat,Pricing and licensing,Bernard Beckley,2023-12-20 23:24:36,2023-12-21 23:24:36,2023-12-20 23:26:36,2023-12-25 09:22:07,2023-12-20 23:29:54,6,1,Other,Tier 1,Slovenia,105.96,5,0,1,1,2019-11-20,Senior,,
In Progress,TKT-3911,Low,Chat,Feature request,Nicola Wane,2023-12-20 12:04:35,2023-12-21 12:04:35,2023-12-20 12:06:35,,2023-12-20 12:04:42,2,,Ready to use Software,Tier 1,Greece,,0,0,,0,2021-03-12,Mid-Level,,
Resolved,TKT-3912,Low,Phone,Pricing and licensing,Kristos Westoll,2023-12-20 19:52:48,2023-12-22 19:52:48,2023-12-20 19:54:48,2023-12-21 02:53:08,2023-12-20 19:52:56,5,,Training and Consulting Services,Tier 1,Poland,7.01,0,0,0,0,2021-10-18,Mid-Level,,
Closed,TKT-3913,High,Chat,Product setup,Heather Urry,2023-12-21 15:58:23,2023-12-22 15:58:23,2023-12-21 16:00:23,2023-12-22 08:41:46,2023-12-21 15:59:37,6,3,Custom software development,Tier 2,Germany,16.72,1,0,0,0,2022-09-25,Junior,,
Open,TKT-3914,Medium,Email,Product setup,Nicola Wane,2023-12-21 20:19:02,2023-12-23 20:19:02,2023-12-21 21:19:02,,,,,Training and Consulting Services,Tier 1,Czech Republic,,,,,,2021-03-12,Mid-Level,,
Closed,TKT-3915,High,Email,Bug report,Sheela Cutten,2023-12-21 20:46:12,2023-12-23 20:46:12,2023-12-21 21:46:12,2023-12-22 00:38:41,2023-12-21 21:34:51,2,4,Ready to use Software,Tier 1,Italy,3.87,49,0,0,0,2019-07-10,Senior,,
Closed,TKT-3916,Medium,Email,Other,Sheela Cutten,2023-12-21 09:23:15,2023-12-23 09:23:15,2023-12-21 10:23:15,2023-12-26 18:00:51,2023-12-21 09:52:34,1,3,Training and Consulting Services,Tier 1,Germany,128.63,29,1,1,0,2019-07-10,Senior,,
Resolved,TKT-3917,Medium,Chat,Purchasing and invoicing,Bernard Beckley,2023-12-21 18:53:16,2023-12-22 18:53:16,2023-12-21 18:55:16,2023-12-22 08:13:13,2023-12-21 18:53:53,2,,Other,Tier 1,United Kingdom,13.33,1,0,0,0,2019-11-20,Senior,,
Closed,TKT-3918,Low,Chat,Product setup,Adolpho Messingham,2023-12-22 08:37:49,2023-12-23 08:37:49,2023-12-22 08:39:49,2023-12-22 14:11:58,2023-12-22 08:38:31,2,3,Ready to use Software,Tier 2,Slovenia,5.57,1,0,0,0,2020-05-15,Mid-Level,,
Closed,TKT-3919,Low,Chat,Feature request,Bernard Beckley,2023-12-22 04:43:16,2023-12-23 04:43:16,2023-12-22 04:45:16,2023-12-25 21:26:48,2023-12-22 04:43:27,5,5,Custom software development,Tier 1,Slovenia,88.73,0,0,1,0,2019-11-20,Senior,,
Resolved,TKT-3920,Medium,Phone,Product setup,Kristos Westoll,2023-12-22 15:36:22,2023-12-24 15:36:22,2023-12-22 15:38:22,2023-12-23 02:31:56,2023-12-22 15:37:12,7,,Ready to use Software,Tier 1,Bulgaria,10.93,1,0,0,0,2021-10-18,Mid-Level,,
Resolved,TKT-3921,High,Email,Bug report,Heather Urry,2023-12-22 02:52:27,2023-12-24 02:52:27,2023-12-22 03:52:27,2023-12-22 17:27:11,2023-12-22 03:02:51,2,,Ready to use Software,Tier 2,Italy,14.58,10,0,0,0,2022-09-25,Junior,,
Closed,TKT-3922,Low,Chat,Feature request,Bernard Beckley,2023-12-22 13:17:01,2023-12-23 13:17:01,2023-12-22 13:19:01,2023-12-28 12:58:08,2023-12-22 13:17:39,5,3,Ready to use Software,Tier 1,Germany,143.69,1,0,1,0,2019-11-20,Senior,,
Resolved,TKT-3923,Low,Chat,Product setup,Sheela Cutten,2023-12-22 13:30:59,2023-12-23 13:30:59,2023-12-22 13:32:59,2023-12-24 23:42:52,2023-12-22 13:31:20,8,,Ready to use Software,Tier 1,Czech Republic,58.2,0,0,1,0,2019-07-10,Senior,,
Closed,TKT-3924,Medium,Email,Feature request,Connor Danielovitch,2023-12-22 17:12:34,2023-12-24 17:12:34,2023-12-22 18:12:34,2023-12-23 15:17:19,2023-12-22 17:51:35,3,5,Ready to use Software,Tier 1,France,22.08,39,0,0,0,2018-02-15,Senior,,
Closed,TKT-3925,Low,Email,Product setup,Sheela Cutten,2023-12-22 22:04:33,2023-12-24 22:04:33,2023-12-22 23:04:33,2023-12-22 22:40:29,2023-12-22 22:40:04,3,4,Ready to use Software,Tier 1,Germany,0.6,36,0,0,0,2019-07-10,Senior,,
Closed,TKT-3926,Low,Email,Product setup,Bernard Beckley,2023-12-22 07:38:22,2023-12-24 07:38:22,2023-12-22 08:38:22,2023-12-23 09:42:15,2023-12-22 08:27:21,1,5,Other,Tier 1,Bulgaria,26.06,49,1,0,0,2019-11-20,Senior,,
Closed,TKT-3927,Low,Email,Purchasing and invoicing,Bernard Beckley,2023-12-22 11:16:19,2023-12-24 11:16:19,2023-12-22 12:16:19,2023-12-23 02:27:36,2023-12-22 11:50:51,6,4,Ready to use Software,Tier 1,Germany,15.19,35,0,0,0,2019-11-20,Senior,,
Resolved,TKT-3928,Medium,Email,Feature request,Connor Danielovitch,2023-12-23 09:16:43,2023-12-25 09:16:43,2023-12-23 10:16:43,2023-12-24 13:55:14,2023-12-23 09:21:00,3,,Other,Tier 1,Czech Republic,28.64,4,0,0,0,2018-02-15,Senior,,
Closed,TKT-3929,Medium,Chat,Purchasing and invoicing,Kristos Westoll,2023-12-23 00:25:38,2023-12-24 00:25:38,2023-12-23 00:27:38,2023-12-23 15:42:40,2023-12-23 00:25:46,6,4,Ready to use Software,Tier 1,United Kingdom,15.28,0,0,0,0,2021-10-18,Mid-Level,,
Closed,TKT-3930,High,Chat,Feature request,Michele Whyatt,2023-12-23 04:29:19,2023-12-24 04:29:19,2023-12-23 04:31:19,2023-12-25 09:21:42,2023-12-23 04:30:53,4,2,Other,Tier 2,Republic of Ireland,52.87,2,0,1,0,2022-04-10,Junior,,
Resolved,TKT-3965,Medium,Chat,Pricing and licensing,Connor Danielovitch,2023-12-27 15:48:43,2023-12-28 15:48:43,2023-12-27 15:50:43,2023-12-28 09:28:00,2023-12-27 15:49:37,8,,Ready to use Software,Tier 1,Republic of Ireland,17.65,1,0,0,0,2018-02-15,Senior,,
Resolved,TKT-3966,High,Email,Bug report,Nicola Wane,2023-12-27 11:10:03,2023-12-29 11:10:03,2023-12-27 12:10:03,2024-01-01 12:19:06,2023-12-27 12:08:55,7,,Custom software development,Tier 1,Germany,121.15,59,0,1,0,2021-03-12,Mid-Level,,
Resolved,TKT-3967,Low,Email,Product setup,Adolpho Messingham,2023-12-27 20:16:47,2023-12-29 20:16:47,2023-12-27 21:16:47,2023-12-29 06:38:04,2023-12-27 21:02:44,6,,Custom software development,Tier 2,United Kingdom,34.35,46,0,0,0,2020-05-15,Mid-Level,,
Closed,TKT-3968,Low,Email,Product setup,Kristos Westoll,2023-12-27 04:33:46,2023-12-29 04:33:46,2023-12-27 05:33:46,2023-12-29 04:04:44,2023-12-27 04:43:33,9,3,Ready to use Software,Tier 1,Austria,47.52,10,0,0,0,2021-10-18,Mid-Level,,
Open,TKT-3970,Low,Email,Product setup,Adolpho Messingham,2023-12-27 00:37:16,2023-12-29 00:37:16,2023-12-27 01:37:16,,,,,Custom software development,Tier 2,France,,,,,,2020-05-15,Mid-Level,,
Resolved,TKT-3971,High,Chat,Product setup,Sheela Cutten,2023-12-27 19:22:36,2023-12-28 19:22:36,2023-12-27 19:24:36,2023-12-31 03:55:49,2023-12-27 19:24:55,2,,Custom software development,Tier 1,Italy,80.55,2,0,1,1,2019-07-10,Senior,,
Resolved,TKT-3972,High,Chat,Product setup,Adolpho Messingham,2023-12-27 18:55:02,2023-12-28 18:55:02,2023-12-27 18:57:02,2023-12-27 19:43:53,2023-12-27 18:56:29,2,,Ready to use Software,Tier 2,Austria,0.81,1,0,0,0,2020-05-15,Mid-Level,,
Closed,TKT-3973,High,Email,Pricing and licensing,Nicola Wane,2023-12-27 15:22:32,2023-12-29 15:22:32,2023-12-27 16:22:32,2023-12-28 03:26:43,2023-12-27 15:42:16,5,2,Other,Tier 1,Italy,12.07,20,0,0,0,2021-03-12,Mid-Level,,
Closed,TKT-3975,High,Email,Product setup,Michele Whyatt,2023-12-28 19:21:47,2023-12-30 19:21:47,2023-12-28 20:21:47,2023-12-30 12:00:19,2023-12-28 20:01:13,10,5,Ready to use Software,Tier 2,United Kingdom,40.64,39,0,0,0,2022-04-10,Junior,,
Resolved,TKT-3976,Medium,Chat,Feature request,Bernard Beckley,2023-12-28 12:19:41,2023-12-29 12:19:41,2023-12-28 12:21:41,2023-12-29 20:10:30,2023-12-28 12:21:15,6,,Custom software development,Tier 1,Germany,31.85,2,0,1,0,2019-11-20,Senior,,
Closed,TKT-3978,Low,Email,Feature request,Bernard Beckley,2023-12-29 21:30:01,2023-12-31 21:30:01,2023-12-29 22:30:01,2023-12-30 03:38:05,2023-12-29 22:28:35,1,2,Custom software development,Tier 1,Poland,6.13,59,1,0,0,2019-11-20,Senior,,
Closed,TKT-3979,Low,Email,Pricing and licensing,Michele Whyatt,2023-12-29 14:27:25,2023-12-31 14:27:25,2023-12-29 15:27:25,2023-12-29 22:06:24,2023-12-29 14:40:41,1,3,Ready to use Software,Tier 2,United Kingdom,7.65,13,1,0,0,2022-04-10,Junior,,
Resolved,TKT-3981,Low,Chat,Bug report,Sheela Cutten,2023-12-29 14:59:36,2023-12-30 14:59:36,2023-12-29 15:01:36,2023-12-31 15:48:35,2023-12-29 15:00:30,6,,Ready to use Software,Tier 1,United Kingdom,48.82,1,0,1,0,2019-07-10,Senior,,
Closed,TKT-3982,High,Email,Feature request,Bernard Beckley,2023-12-29 16:43:21,2023-12-31 16:43:21,2023-12-29 17:43:21,2024-01-01 16:20:51,2023-12-29 17:11:24,1,4,Ready to use Software,Tier 1,Germany,71.62,28,1,1,0,2019-11-20,Senior,,
Resolved,TKT-3983,High,Email,Product setup,Bernard Beckley,2023-12-29 12:16:43,2023-12-31 12:16:43,2023-12-29 13:16:43,2023-12-30 14:40:53,2023-12-29 12:59:59,7,,Ready to use Software,Tier 1,Greece,26.4,43,0,0,0,2019-11-20,Senior,,
Resolved,TKT-3984,Medium,Chat,Bug report,Bernard Beckley,2023-12-29 14:00:44,2023-12-30 14:00:44,2023-12-29 14:02:44,2023-12-30 13:29:17,2023-12-29 14:02:11,5,,Ready to use Software,Tier 1,Spain,23.48,1,0,0,0,2019-11-20,Senior,,
Closed,TKT-3985,Low,Chat,Feature request,Adolpho Messingham,2023-12-29 16:29:15,2023-12-30 16:29:15,2023-12-29 16:31:15,2023-12-30 12:10:38,2023-12-29 16:31:38,6,4,Custom software development,Tier 2,Slovenia,19.69,2,0,0,1,2020-05-15,Mid-Level,,
In Progress,TKT-3986,High,Email,Purchasing and invoicing,Sheela Cutten,2023-12-29 21:52:38,2023-12-31 21:52:38,2023-12-29 22:52:38,,2023-12-29 22:46:58,1,,Training and Consulting Services,Tier 1,Slovenia,,54,1,,0,2019-07-10,Senior,,
Resolved,TKT-3987,Low,Chat,Product setup,Heather Urry,2023-12-29 15:20:30,2023-12-30 15:20:30,2023-12-29 15:22:30,2023-12-30 09:05:38,2023-12-29 15:22:17,6,,Custom software development,Tier 2,France,17.75,2,0,0,0,2022-09-25,Junior,,
Resolved,TKT-3988,Low,Email,Product setup,Connor Danielovitch,2023-12-29 03:33:04,2023-12-31 03:33:04,2023-12-29 04:33:04,2023-12-30 18:38:55,2023-12-29 04:29:37,1,,Ready to use Software,Tier 1,Spain,39.1,57,1,0,0,2018-02-15,Senior,,
Resolved,TKT-3996,Medium,Email,Pricing and licensing,Connor Danielovitch,2023-12-30 03:11:44,2024-01-01 03:11:44,2023-12-30 04:11:44,2023-12-30 20:49:05,2023-12-30 04:09:59,1,,Custom software development,Tier 1,Slovenia,17.62,58,1,0,0,2018-02-15,Senior,,
Resolved,TKT-3997,High,Email,Feature request,Michele Whyatt,2023-12-30 04:51:54,2024-01-01 04:51:54,2023-12-30 05:51:54,2024-01-04 05:39:41,2023-12-30 04:54:27,1,,Other,Tier 2,Republic of Ireland,120.8,3,1,1,0,2022-04-10,Junior,,
Resolved,TKT-3998,Low,Email,Product setup,Kristos Westoll,2023-12-30 13:16:56,2024-01-01 13:16:56,2023-12-30 14:16:56,2023-12-31 23:25:17,2023-12-30 13:53:21,10,,Custom software development,Tier 1,Republic of Ireland,34.14,36,0,0,0,2021-10-18,Mid-Level,,
Resolved,TKT-3999,High,Email,Feature request,Sheela Cutten,2023-12-30 19:49:51,2024-01-01 19:49:51,2023-12-30 20:49:51,2024-01-01 10:17:15,2023-12-30 20:18:08,2,,Custom software development,Tier 1,Germany,38.46,28,0,0,0,2019-07-10,Senior,,
